MINISTRY,SECTOR,STATE,AGENCY,ORIGINAL_COST_RS_CRORE,CUMULATIVE_EXPENDITURE_RS_CRORE,PHYSICAL_PROGRESS_PERCENT,START_DATE,ORIGINAL_TARGET_DOC,PROGRESS_CHANGE,EXPENDITURE_CHANGE
MINISTRY OF HOUSING & URBAN AFFAIRS,WASTE & WATER,DADRA & NAGAR HAVELI AND DAMAN & DIU,MINISTRY OF HOUSING AND URBAN AFFAIRS,210.0,0.0,20.0,2021-01-12,2024-01-03,,
MINISTRY OF PETROLEUM & NATURAL GAS,OIL & GAS,"MULTI-STATES (CHHATTISGARH, MADHYA PRADESH, MAHARASHTRA, ODISHA)",MINISTRY OF PETROLEUM & NATURAL GAS,7844.25,7070.1,98.9,2020-01-06,2023-01-05,,
MINISTRY OF HOUSING & URBAN AFFAIRS,URBAN PUBLIC TRANSPORT,GUJARAT,GUJARAT METRO RAIL CORPORATION LIMITED [GMRCL],10773.0,12520.65,99.99,2015-01-02,2018-01-03,,
MINISTRY OF HOUSING & URBAN AFFAIRS,WASTE & WATER,MAHARASHTRA,MINISTRY OF HOUSING & URBAN AFFAIRS,204.55,186.13,99.0,2018-01-08,2023-01-03,,
MINISTRY OF HOUSING & URBAN AFFAIRS,WASTE & WATER,MAHARASHTRA,MINISTRY OF HOUSING & URBAN AFFAIRS,180.24,172.22,98.0,2018-01-04,2023-01-03,,
MINISTRY OF ROAD TRANSPORT & HIGHWAYS,ROADS & HIGHWAYS,GUJARAT,NATIONAL HIGHWAYS AUTHORITY OF INDIA [NHAI],1024.69,882.1,100.0,2020-01-02,2022-01-08,,
MINISTRY OF ROAD TRANSPORT & HIGHWAYS,ROADS & HIGHWAYS,KARNATAKA,NATIONAL HIGHWAYS AUTHORITY OF INDIA [NHAI],839.0,8.42,100.0,2011-01-06,2013-01-12,,
MINISTRY OF POWER,TRANSMISSION & DISTRIBUTION,RAJASTHAN,POWER GRID CORPORATION OF INDIA LIMITED [POWERGRID],428.3,415.45,98.4,2023-01-11,2025-01-06,,
MINISTRY OF COAL,COAL,JHARKHAND,MINISTRY OF COAL,334.27,162.75,51.81,2016-01-04,2018-01-04,,
MINISTRY OF COAL,COAL,WEST BENGAL,MINISTRY OF COAL,384.57,363.14,97.6,2019-01-03,2020-01-09,,
MINISTRY OF PETROLEUM & NATURAL GAS,OIL & GAS,ASSAM,MINISTRY OF PETROLEUM & NATURAL GAS,412.3,457.64,94.9,2021-01-05,2023-01-10,,
"DEPARTMENT OF WATER RESOURCES, RIVER DEVELOPMENT & GR",WATER RESOURCES,MAHARASHTRA,DEPARTMENT OF WATER RESOURCES-MH - II,7222.95,10516.63,92.0,2018-01-04,2028-01-06,,
"DEPARTMENT OF WATER RESOURCES, RIVER DEVELOPMENT & GR",WATER RESOURCES,MAHARASHTRA,DEPARTMENT OF WATER RESOURCES-MH - II,848.07,690.49,69.63000000000001,2018-01-04,2020-01-06,,
"DEPARTMENT OF WATER RESOURCES, RIVER DEVELOPMENT & GR",WATER RESOURCES,MAHARASHTRA,DEPARTMENT OF WATER RESOURCES-MH - II,2407.67,2779.38,80.54,2019-01-02,2023-01-06,,
"DEPARTMENT OF WATER RESOURCES, RIVER DEVELOPMENT & GR",WATER RESOURCES,MAHARASHTRA,DEPARTMENT OF WATER RESOURCES-MH - II,580.79,713.46,76.22,2018-01-04,2022-01-06,,
"DEPARTMENT OF WATER RESOURCES, RIVER DEVELOPMENT & GR",WATER RESOURCES,GUJARAT,"NARMADA AND WATER RESOURCES, WATER SUPPLY AND KALPSAR DEPARTMENT-GJ",5021.76,4956.98,90.3,2017-01-04,2019-01-12,,
"DEPARTMENT OF WATER RESOURCES, RIVER DEVELOPMENT & GR",WATER RESOURCES,MADHYA PRADESH,WATER RESOURCE-MP,648.09,208.06,49.78,2017-01-04,2019-01-12,,
"DEPARTMENT OF WATER RESOURCES, RIVER DEVELOPMENT & GR",WATER RESOURCES,MAHARASHTRA,DEPARTMENT OF WATER RESOURCES-MH - II,743.73,459.06,53.93,2017-01-04,2019-01-12,,
"DEPARTMENT OF WATER RESOURCES, RIVER DEVELOPMENT & GR",WATER RESOURCES,UTTAR PRADESH,IRRIGATION & WATER RESOURCES-UP,1672.7,22.24,1.76,2017-01-04,2019-01-12,,
MINISTRY OF POWER,TRANSMISSION & DISTRIBUTION,"MULTI-STATES (DADRA & NAGAR HAVELI AND DAMAN & DIU, GUJARAT, MAHARASHTRA)",POWER GRID CORPORATION OF INDIA LIMITED [POWERGRID],4546.26,4528.07,99.9,2022-01-07,2023-01-06,,
MINISTRY OF COAL,ELECTRICITY GENERATION,UTTAR PRADESH,NLC INDIA LIMITED [NLCIL],17237.8,21237.52,95.68,2016-01-08,2020-01-11,,
MINISTRY OF PETROLEUM & NATURAL GAS,OIL & GAS,"MULTI-STATES (BIHAR, JHARKHAND)",HINDUSTAN PETROLEUM CORPORATION LIMITED,1377.0,375.17,37.0,2022-01-06,2030-01-06,,
MINISTRY OF PETROLEUM & NATURAL GAS,OIL & GAS,WEST BENGAL,HINDUSTAN PETROLEUM CORPORATION LIMITED,2628.0,388.06,36.3,2022-01-06,2030-01-06,,
MINISTRY OF COAL,COAL,WEST BENGAL,ECL - CIL,535.18,5.74,14.61,2018-01-05,2027-01-03,,
MINISTRY OF ROAD TRANSPORT & HIGHWAYS,ROADS & HIGHWAYS,TELANGANA,NATIONAL HIGHWAYS AUTHORITY OF INDIA [NHAI],1142.6,65.67,0.0,2025-01-06,2027-01-06,,
MINISTRY OF COAL,ELECTRICITY GENERATION,TAMIL NADU,NLC INDIA LIMITED [NLCIL],218.03,169.95,100.0,2024-01-02,2025-01-03,,
MINISTRY OF COAL,COAL,ODISHA,MCL - CIL,479.15,281.57,67.58,2014-01-05,2019-01-03,,
MINISTRY OF COAL,ELECTRICITY GENERATION,RAJASTHAN,NLC INDIA LIMITED [NLCIL],1813.0,1753.07,100.0,2023-01-03,2024-01-09,,
MINISTRY OF LABOUR AND EMPLOYMENT,HEALTHCARE,MAHARASHTRA,EMPLOYEE'S STATE INSURANCE COMPANY [ESIC],429.25,341.9,78.0,2023-01-03,2025-01-09,,
MINISTRY OF LABOUR AND EMPLOYMENT,HEALTHCARE,ASSAM,EMPLOYEE'S STATE INSURANCE COMPANY [ESIC],143.23,130.08,98.0,2021-01-10,2025-01-04,,
MINISTRY OF ROAD TRANSPORT & HIGHWAYS,ROADS & HIGHWAYS,MAHARASHTRA,NHAI,341.63,10.9,5.1,2026-01-04,2026-01-10,,
MINISTRY OF ROAD TRANSPORT & HIGHWAYS,ROADS & HIGHWAYS,JHARKHAND,NHAI,1418.16,143.72,0.0,2026-01-07,2028-01-07,,
MINISTRY OF RAILWAYS,RAILWAYS,TAMIL NADU,CAOC/SR SR MOR,601.43,351.21,14.000000000000002,2016-01-06,2021-01-07,,
MINISTRY OF RAILWAYS,RAILWAYS,"MULTI-STATES (MADHYA PRADESH, RAJASTHAN)",CPM/KOTA WCR MOR,3032.0,4498.51,86.0,2001-01-08,2025-01-12,,
DEPARTMENT FOR PROMOTION OF INDUSTRY & INTERNAL TRADE,REAL ESTATE,PUNJAB,NATIONAL INDUSTRIAL CORRIDOR DEVELOPMENT CORPORATION,1367.72,0.0,3.4000000000000004,2026-01-03,2028-01-09,,
DEPARTMENT FOR PROMOTION OF INDUSTRY & INTERNAL TRADE,REAL ESTATE,UTTARAKHAND,NATIONAL INDUSTRIAL CORRIDOR DEVELOPMENT CORPORATION,1265.37,0.0,3.2300000000000004,2026-01-03,2028-01-09,,
MINISTRY OF STEEL,STEEL,ODISHA,STEEL AUTHORITY OF INDIA LIMITED (SAIL,1140.07,207.56,22.59,2024-01-10,2028-01-03,,
MINISTRY OF STEEL,STEEL,ODISHA,STEEL AUTHORITY OF INDIA LIMITED (SAIL,2584.41,1182.92,54.16,2024-01-10,2028-01-03,,
DEPARTMENT OF TELECOMMUNICATIONS,TELECOMMUNICATION,PAN INDIA,DEPARTMENT OF TELECOMMUNICATIONS,837.0,83.68,0.0,2026-01-03,2029-01-03,,
DEPARTMENT OF TELECOMMUNICATIONS,TELECOMMUNICATION,PAN INDIA,DEPARTMENT OF TELECOMMUNICATIONS,1245.0,0.0,26.58,2025-01-02,2028-01-02,,
DEPARTMENT OF TELECOMMUNICATIONS,TELECOMMUNICATION,PAN INDIA,DEPARTMENT OF TELECOMMUNICATIONS,4943.0,562.13,8.4,2025-01-05,2028-01-05,,
DEPARTMENT OF TELECOMMUNICATIONS,TELECOMMUNICATION,PAN INDIA,DEPARTMENT OF TELECOMMUNICATIONS,1674.0,223.41,15.13,2025-01-02,2028-01-02,,
DEPARTMENT OF TELECOMMUNICATIONS,TELECOMMUNICATION,PAN INDIA,DEPARTMENT OF TELECOMMUNICATIONS,1168.0,123.28,0.61,2025-01-06,2028-01-06,,
DEPARTMENT OF TELECOMMUNICATIONS,TELECOMMUNICATION,PAN INDIA,DEPARTMENT OF TELECOMMUNICATIONS,832.0,83.16,0.0,2026-01-03,2029-01-03,,
MINISTRY OF HOUSING & URBAN AFFAIRS,URBAN PUBLIC TRANSPORT,RAJASTHAN,JAIPUR METRO RAIL CORPORATION,13037.66,1.79,1.79,2026-01-04,2031-01-10,,
MINISTRY OF POWER,ELECTRICITY GENERATION,UTTAR PRADESH,NATIONAL THERMAL POWER CORPORATION [NTPC],38358.0,1002.73,0.02,2026-01-06,2032-12-01,,
DEPARTMENT OF TELECOMMUNICATIONS,TELECOMMUNICATION,PAN INDIA,DEPARTMENT OF TELECOMMUNICATIONS,1713.0,0.0,0.0,2026-01-07,2029-01-07,,
MINISTRY OF STEEL,STEEL,WEST BENGAL,STEEL AUTHORITY OF INDIA LIMITED (SAIL,999.46,70.37,18.72,2025-01-02,2028-01-07,,
DEPARTMENT OF TELECOMMUNICATIONS,TELECOMMUNICATION,PAN INDIA,DEPARTMENT OF TELECOMMUNICATIONS,160.0,0.0,0.0,2026-01-06,2029-01-06,,
MINISTRY OF STEEL,STEEL,CHHATTISGARH,STEEL AUTHORITY OF INDIA LIMITED (SAIL,192.21,63.8,48.010000000000005,2025-01-06,2026-01-12,,
DEPARTMENT OF TELECOMMUNICATIONS,TELECOMMUNICATION,PAN INDIA,DEPARTMENT OF TELECOMMUNICATIONS,2839.0,283.93,0.0,2026-01-03,2029-01-03,,
DEPARTMENT OF TELECOMMUNICATIONS,TELECOMMUNICATION,PAN INDIA,DEPARTMENT OF TELECOMMUNICATIONS,1550.0,222.77,17.76,2025-01-03,2028-01-03,,
MINISTRY OF RAILWAYS,RAILWAYS,"MULTI-STATES (CHHATTISGARH, MAHARASHTRA)",CAOC/SECR SECR MOR,169.06,65.43,10.0,2023-01-03,2026-01-11,,
DEPARTMENT FOR PROMOTION OF INDUSTRY & INTERNAL TRADE,REAL ESTATE,BIHAR,NATIONAL INDUSTRIAL CORRIDOR DEVELOPMENT CORPORATION,1339.02,0.0,5.0,2026-01-04,2029-01-04,,
MINISTRY OF RAILWAYS,RAILWAYS,ANDHRA PRADESH,CAO/C/SCOR SCOR MOR,351.83,149.34,0.0,2024-01-11,2027-01-03,,
MINISTRY OF RAILWAYS,RAILWAYS,ODISHA,CAO/C/ECOR ECOR MOR,2344.0,736.58,6.0,2026-01-04,2033-07-01,,
MINISTRY OF STEEL,STEEL,WEST BENGAL,STEEL AUTHORITY OF INDIA LIMITED (SAIL,706.51,132.26,11.87,2025-01-02,2028-01-07,,
DEPARTMENT OF TELECOMMUNICATIONS,TELECOMMUNICATION,PAN INDIA,DEPARTMENT OF TELECOMMUNICATIONS,1621.0,170.05,8.28,2025-01-06,2028-01-06,,
DEPARTMENT OF TELECOMMUNICATIONS,TELECOMMUNICATION,PAN INDIA,DEPARTMENT OF TELECOMMUNICATIONS,768.0,0.0,0.0,2025-01-04,2029-01-04,,
DEPARTMENT OF TELECOMMUNICATIONS,TELECOMMUNICATION,PAN INDIA,DEPARTMENT OF TELECOMMUNICATIONS,1292.0,148.93,23.18,2025-01-02,2028-01-02,,
MINISTRY OF STEEL,STEEL,ODISHA,STEEL AUTHORITY OF INDIA LIMITED (SAIL,1064.55,73.91,0.0,2026-01-02,2028-01-08,,
MINISTRY OF STEEL,STEEL,CHHATTISGARH,STEEL AUTHORITY OF INDIA LIMITED (SAIL,268.36,0.0,0.0,2026-01-03,2028-01-03,,
DEPARTMENT OF TELECOMMUNICATIONS,TELECOMMUNICATION,PAN INDIA,DEPARTMENT OF TELECOMMUNICATIONS,22174.56,20691.72,93.33,2017-01-11,2023-01-05,,
MINISTRY OF STEEL,STEEL,ODISHA,STEEL AUTHORITY OF INDIA LIMITED (SAIL,216.02,134.29,89.83,2025-01-03,2026-01-09,,
MINISTRY OF ROAD TRANSPORT & HIGHWAYS,ROADS & HIGHWAYS,GUJARAT,NHAI,647.2,9.24,0.0,2026-01-07,2028-01-07,,
MINISTRY OF ROAD TRANSPORT & HIGHWAYS,ROADS & HIGHWAYS,TELANGANA,MORTH,675.45,0.0,0.0,2026-01-07,2028-01-07,,
MINISTRY OF STEEL,STEEL,ODISHA,STEEL AUTHORITY OF INDIA LIMITED (SAIL,155.26,56.24,71.75,2025-01-07,2027-01-08,,
DEPARTMENT OF TELECOMMUNICATIONS,TELECOMMUNICATION,PAN INDIA,DEPARTMENT OF TELECOMMUNICATIONS,765.0,94.95,1.63,2025-01-06,2028-01-06,,
DEPARTMENT OF TELECOMMUNICATIONS,TELECOMMUNICATION,PAN INDIA,DEPARTMENT OF TELECOMMUNICATIONS,1821.0,209.87,20.54,2025-01-05,2028-01-05,,
MINISTRY OF ROAD TRANSPORT & HIGHWAYS,ROADS & HIGHWAYS,ODISHA,MORTH,174.21,6.43,0.0,2026-01-06,2027-01-12,,
MINISTRY OF ROAD TRANSPORT & HIGHWAYS,ROADS & HIGHWAYS,UTTARAKHAND,NHAI,252.97,0.14,0.0,2026-01-06,2027-01-09,,
MINISTRY OF ROAD TRANSPORT & HIGHWAYS,ROADS & HIGHWAYS,MAHARASHTRA,NHAI,1344.78,785.93,97.69,2022-01-01,2024-01-07,0.0,-51.74000000000001
MINISTRY OF ROAD TRANSPORT & HIGHWAYS,ROADS & HIGHWAYS,CHHATTISGARH,NHAI,865.1,851.38,93.1,2020-01-12,2022-01-12,0.0,-2.4700000000000277
MINISTRY OF ROAD TRANSPORT & HIGHWAYS,ROADS & HIGHWAYS,ANDHRA PRADESH,NHAI,1877.47,1182.65,94.9,2023-01-01,2025-01-01,0.0,0.0
MINISTRY OF ROAD TRANSPORT & HIGHWAYS,ROADS & HIGHWAYS,TAMIL NADU,NHAI,1103.86,956.43,97.32,2020-01-03,2022-01-03,-0.8000000000000114,-0.0100000000001045
MINISTRY OF POWER,TRANSMISSION & DISTRIBUTION,GUJARAT,ADANI TRANSMISSION LIMITED,19000.0,20.0,1.0,2025-01-12,2029-01-12,0.0,0.0
MINISTRY OF ROAD TRANSPORT & HIGHWAYS,ROADS & HIGHWAYS,RAJASTHAN,NHAI,2010.2,708.28,37.27,2024-01-03,2026-01-03,0.0,0.0
MINISTRY OF ROAD TRANSPORT & HIGHWAYS,ROADS & HIGHWAYS,BIHAR,NHAI,768.35,503.02,99.5,2023-01-12,2025-01-12,0.0,-6.300000000000011
MINISTRY OF RAILWAYS,RAILWAYS,BIHAR,EAST CENTRAL RAILWAY [ECR] - I,645.0,54.13,56.89999999999999,2025-01-08,2025-01-08,18.89999999999999,-174.3
MINISTRY OF RAILWAYS,RAILWAYS,RAJASTHAN,NORTH WESTERN RAILWAY [NWR],304.0,93.09,77.0,2023-01-01,2026-01-03,5.0,-94.98
MINISTRY OF ROAD TRANSPORT & HIGHWAYS,ROADS & HIGHWAYS,KARNATAKA,NHAI,1644.92,1848.87,97.94,2014-01-03,2016-01-08,0.0,-0.6400000000001
MINISTRY OF RAILWAYS,RAILWAYS,MAHARASHTRA,MUMBAI RAIL VIKAS CORPORATION LTD.[MRVC],10947.0,6880.48,75.0,2016-01-12,2022-01-03,,
MINISTRY OF ROAD TRANSPORT & HIGHWAYS,ROADS & HIGHWAYS,PUNJAB,NHAI,1801.37,1268.39,64.60000000000001,2024-01-06,2026-01-06,-1.9299999999999928,0.0
MINISTRY OF HEALTH & FAMILY WELFARE,HEALTHCARE,SIKKIM,"MEDICAL EDUCATION, MINISTRY OF HEALTH AND FAMILY WELFARE",250.0,667.21,92.0,2018-01-12,2026-01-12,0.0,0.0
MINISTRY OF ROAD TRANSPORT & HIGHWAYS,ROADS & HIGHWAYS,MADHYA PRADESH,NHAI,917.26,512.57,75.61,2024-01-03,2026-01-03,-3.140000000000001,-7.809999999999945
MINISTRY OF ROAD TRANSPORT & HIGHWAYS,ROADS & HIGHWAYS,JAMMU AND KASHMIR,NHIDCL,497.09,270.8,99.97,2021-01-08,2023-01-02,0.0,-0.0199999999999818
MINISTRY OF STEEL,STEEL,CHHATTISGARH,NATIONAL MINERAL DEVELOPMENT CORPORATION LIMITED [NMDC],2907.0,3639.5,95.2,2020-01-09,2023-01-06,-0.5999999999999943,-9.579999999999927
MINISTRY OF ROAD TRANSPORT & HIGHWAYS,ROADS & HIGHWAYS,KARNATAKA,NHAI,1311.41,227.3,13.18,2025-01-09,2027-01-09,-1.8200000000000005,-0.4299999999999784
MINISTRY OF ROAD TRANSPORT & HIGHWAYS,ROADS & HIGHWAYS,RAJASTHAN,NHAI,1764.86,558.32,41.25,2024-01-09,2026-01-09,-1.5,-13.089999999999918
MINISTRY OF ROAD TRANSPORT & HIGHWAYS,ROADS & HIGHWAYS,UTTAR PRADESH,NHAI,1309.08,305.43,1.99,2026-01-03,2028-01-03,-1.97,-4.649999999999977
MINISTRY OF ROAD TRANSPORT & HIGHWAYS,ROADS & HIGHWAYS,ANDHRA PRADESH,NHAI,1500.11,120.46,0.0,2026-01-03,2028-01-03,-2.25,-0.6000000000000085
MINISTRY OF PETROLEUM & NATURAL GAS,OIL & GAS,OFFSHORE,MINISTRY OF PETROLEUM & NATURAL GAS,6183.79,2023.95,43.9,2023-01-05,2027-01-04,-3.5,-29.049999999999955
MINISTRY OF ROAD TRANSPORT & HIGHWAYS,ROADS & HIGHWAYS,MADHYA PRADESH,NHAI,612.94,363.91,79.63,2024-01-03,2026-01-03,0.0,0.0
MINISTRY OF ROAD TRANSPORT & HIGHWAYS,ROADS & HIGHWAYS,CHHATTISGARH,MORTH,307.96,0.0,0.0,2026-01-06,2028-01-06,0.0,0.0
MINISTRY OF ROAD TRANSPORT & HIGHWAYS,ROADS & HIGHWAYS,ODISHA,NHAI,1101.76,713.4,99.7,2022-01-04,2024-01-04,0.0,-0.0600000000000591
MINISTRY OF RAILWAYS,RAILWAYS,ASSAM,CENTRAL ORGANISATION FOR RAILWAY ELECTRIFICATION [CORE],890.36,391.73,89.0,2018-01-09,2020-01-09,,
MINISTRY OF ROAD TRANSPORT & HIGHWAYS,ROADS & HIGHWAYS,UTTAR PRADESH,NHAI,1394.14,606.2,63.4,2024-01-03,2026-01-03,-0.720000000000006,-16.379999999999995
MINISTRY OF RAILWAYS,RAILWAYS,WEST BENGAL,RVNL - II,2298.0,429.56,17.0,2010-01-03,2026-01-12,,
MINISTRY OF ROAD TRANSPORT & HIGHWAYS,ROADS & HIGHWAYS,MADHYA PRADESH,NHAI,581.65,273.54,69.04,2023-01-09,2025-01-09,0.0,-0.1599999999999681
MINISTRY OF ROAD TRANSPORT & HIGHWAYS,ROADS & HIGHWAYS,KARNATAKA,NHAI,1214.3,917.82,75.63,2019-01-03,2021-01-09,-0.0900000000000034,0.0
MINISTRY OF ROAD TRANSPORT & HIGHWAYS,ROADS & HIGHWAYS,ANDHRA PRADESH,NHAI,1112.7,849.97,99.5,2022-01-02,2024-01-02,0.0,-0.0099999999999909
MINISTRY OF RAILWAYS,RAILWAYS,BIHAR,EAST CENTRAL RAILWAY [ECR] - I,588.18,2.38,0.1,2023-01-03,2028-01-03,0.1,-24.14
MINISTRY OF HEALTH & FAMILY WELFARE,HEALTHCARE,GUJARAT,"MEDICAL EDUCATION, MINISTRY OF HEALTH AND FAMILY WELFARE",325.0,936.64,81.0,2022-01-10,2024-01-09,0.0,0.0
MINISTRY OF PETROLEUM & NATURAL GAS,OIL & GAS,OFFSHORE,MINISTRY OF PETROLEUM & NATURAL GAS,2379.84,2923.49,98.7,2024-01-06,2026-01-02,0.0,-80.41000000000031
MINISTRY OF ROAD TRANSPORT & HIGHWAYS,ROADS & HIGHWAYS,MADHYA PRADESH,NHAI,1011.29,687.94,93.84,2022-01-11,2024-01-10,-2.25,-0.0899999999999181
MINISTRY OF HEALTH & FAMILY WELFARE,HEALTHCARE,GUJARAT,"MEDICAL EDUCATION, MINISTRY OF HEALTH AND FAMILY WELFARE",325.0,457.34,87.5,2022-01-09,2026-01-03,-0.5,-10.0
MINISTRY OF RAILWAYS,RAILWAYS,MAHARASHTRA,MUMBAI RAIL VIKAS CORPORATION LTD.[MRVC],8087.0,7559.14,90.0,2008-01-04,2014-01-03,,
MINISTRY OF ROAD TRANSPORT & HIGHWAYS,ROADS & HIGHWAYS,"MULTI-STATES (ANDHRA PRADESH, TAMIL NADU)",NHAI,1338.14,240.71,13.45,2025-01-09,2027-01-09,-2.130000000000001,-0.0600000000000022
MINISTRY OF ROAD TRANSPORT & HIGHWAYS,ROADS & HIGHWAYS,KERALA,NHAI,1424.77,1064.53,98.75,2021-01-02,2023-01-02,0.0,-2.1400000000001
MINISTRY OF ROAD TRANSPORT & HIGHWAYS,ROADS & HIGHWAYS,KARNATAKA,NHAI,1452.43,490.31,38.45,2025-01-06,2027-01-06,-1.759999999999998,0.0
MINISTRY OF RAILWAYS,RAILWAYS,MAHARASHTRA,MUMBAI RAIL VIKAS CORPORATION LTD.[MRVC],33690.0,3854.46,25.0,2019-01-04,2027-01-12,,
MINISTRY OF PETROLEUM & NATURAL GAS,OIL & GAS,ASSAM,MINISTRY OF PETROLEUM & NATURAL GAS,198.7,103.59,62.5,2023-01-09,2026-01-05,-1.0,-7.399999999999991
MINISTRY OF ROAD TRANSPORT & HIGHWAYS,ROADS & HIGHWAYS,ASSAM,NHAI,1909.98,1386.87,94.59,2023-01-01,2026-01-01,-3.4099999999999966,-6.210000000000036
DEPARTMENT OF TELECOMMUNICATIONS,TELECOMMUNICATION,PAN INDIA,BSNL,645.13,407.15,92.1,2023-01-05,2024-01-08,0.0,-0.75
MINISTRY OF ROAD TRANSPORT & HIGHWAYS,ROADS & HIGHWAYS,MAHARASHTRA,MORTH,163.51,0.0,83.19,2022-01-03,2026-01-02,0.0,-80.23
MINISTRY OF ROAD TRANSPORT & HIGHWAYS,ROADS & HIGHWAYS,UTTAR PRADESH,NHAI,1226.64,1359.14,100.0,2019-01-02,2022-01-06,,
MINISTRY OF ROAD TRANSPORT & HIGHWAYS,ROADS & HIGHWAYS,MADHYA PRADESH,NHAI,950.27,663.67,100.0,2018-01-02,2020-01-02,0.0,0.0
MINISTRY OF ROAD TRANSPORT & HIGHWAYS,ROADS & HIGHWAYS,MADHYA PRADESH,NHAI,911.24,552.0,79.80000000000001,2024-01-03,2026-01-03,0.0,-0.6200000000000045
MINISTRY OF RAILWAYS,RAILWAYS,JHARKHAND,EAST CENTRAL RAILWAY [ECR] - I,349.22,145.57,72.0,2022-01-11,2027-01-11,0.0,0.0
MINISTRY OF RAILWAYS,RAILWAYS,GOA,SOUTH WESTERN RAILWAY [SWR] - II,1892.0,0.0,0.0,2026-01-04,2031-01-03,0.0,0.0
MINISTRY OF ROAD TRANSPORT & HIGHWAYS,ROADS & HIGHWAYS,UTTAR PRADESH,NHAI,1663.38,553.34,19.5,2025-01-03,2027-01-03,-1.75,-37.18999999999994
MINISTRY OF ROAD TRANSPORT & HIGHWAYS,ROADS & HIGHWAYS,ODISHA,NHAI,882.45,196.63,33.02,2024-01-11,2026-01-10,-3.0,-0.039999999999992
MINISTRY OF RAILWAYS,RAILWAYS,CHHATTISGARH,SOUTH EAST CENTRAL RAILWAY [SECR] - II,1376.0,312.72,30.0,2022-01-04,2030-01-06,-8.0,-186.65
MINISTRY OF ROAD TRANSPORT & HIGHWAYS,ROADS & HIGHWAYS,PUNJAB,NHAI,1032.59,787.04,76.0,2022-01-12,2024-01-12,0.0,-12.730000000000018
MINISTRY OF PETROLEUM & NATURAL GAS,OIL & GAS,ASSAM,NRL,370.0,310.38,78.60000000000001,2021-01-08,2024-01-07,-1.8999999999999917,0.0
MINISTRY OF ROAD TRANSPORT & HIGHWAYS,ROADS & HIGHWAYS,HARYANA,NHAI,994.22,1064.47,99.97,2020-01-07,2022-01-07,0.0,0.0
MINISTRY OF ROAD TRANSPORT & HIGHWAYS,ROADS & HIGHWAYS,PUNJAB,NHAI,1555.13,698.87,23.56,2025-01-09,2027-01-09,-1.990000000000002,-12.519999999999982
MINISTRY OF PETROLEUM & NATURAL GAS,OIL & GAS,ASSAM,NRL,293.5,81.84,99.0,2023-01-04,2024-01-12,0.0,0.0
MINISTRY OF ROAD TRANSPORT & HIGHWAYS,ROADS & HIGHWAYS,"MULTI-STATES (MADHYA PRADESH, MAHARASHTRA)",NHAI,784.35,330.42,64.0,2024-01-03,2026-01-03,0.0,0.0
MINISTRY OF HOUSING & URBAN AFFAIRS,URBAN PUBLIC TRANSPORT,DELHI,DELHI METRO RAIL CORPORATION LIMITED [DMRC],12014.91,253.96,5.63,2026-01-01,2028-01-12,-0.0200000000000004,-11.02000000000001
MINISTRY OF ROAD TRANSPORT & HIGHWAYS,ROADS & HIGHWAYS,TELANGANA,NHAI,2146.86,1268.13,92.4,2023-01-07,2025-01-07,0.0,-4.489999999999782
MINISTRY OF ROAD TRANSPORT & HIGHWAYS,ROADS & HIGHWAYS,MADHYA PRADESH,NHAI,794.7,84.37,30.26,2025-01-10,2027-01-10,-2.119999999999994,-20.97
MINISTRY OF ROAD TRANSPORT & HIGHWAYS,ROADS & HIGHWAYS,MAHARASHTRA,NHAI,862.0,298.23,48.55,2025-01-04,2027-01-04,0.0,-0.2199999999999704
DEPARTMENT OF TELECOMMUNICATIONS,TELECOMMUNICATION,DELHI,NATIONAL COMMUNICATION ACADEMY - FINANCE [ERSTWHILE NICF],248.2,237.43,98.0,2018-01-04,2020-01-02,0.0,0.0
MINISTRY OF COAL,COAL,MADHYA PRADESH,NCL - CIL,25560.48,256.7,2.02,2025-01-02,2032-03-01,-0.08,-76.60000000000002
MINISTRY OF ROAD TRANSPORT & HIGHWAYS,ROADS & HIGHWAYS,MADHYA PRADESH,NHAI,866.0,746.36,99.8,2021-01-08,2023-01-08,0.0,-0.2100000000000363
MINISTRY OF ROAD TRANSPORT & HIGHWAYS,ROADS & HIGHWAYS,UTTAR PRADESH,NHAI,1602.48,1419.77,99.29,2022-01-09,2024-01-09,0.0,-3.519999999999982
MINISTRY OF PETROLEUM & NATURAL GAS,OIL & GAS,OFFSHORE,MINISTRY OF PETROLEUM & NATURAL GAS,2329.45,1929.54,95.5,2022-01-06,2026-01-05,-0.0999999999999943,-0.7100000000000364
MINISTRY OF ROAD TRANSPORT & HIGHWAYS,ROADS & HIGHWAYS,ANDHRA PRADESH,NHAI,1877.47,246.41,98.84,2023-01-10,2025-01-11,0.0,-0.0099999999999909
MINISTRY OF RAILWAYS,RAILWAYS,KARNATAKA,SOUTH WESTERN RAILWAY [SWR] - II,1591.0,0.38,0.0,2025-01-03,2027-01-12,,
MINISTRY OF HEALTH & FAMILY WELFARE,HEALTHCARE,JHARKHAND,"MEDICAL EDUCATION, MINISTRY OF HEALTH AND FAMILY WELFARE",250.0,271.0,40.0,2024-01-02,2026-01-08,0.0,0.0
MINISTRY OF ROAD TRANSPORT & HIGHWAYS,ROADS & HIGHWAYS,DELHI,NHAI,2067.67,2341.79,100.0,2019-01-10,2021-01-10,0.0,-39.74000000000024
MINISTRY OF ROAD TRANSPORT & HIGHWAYS,ROADS & HIGHWAYS,MADHYA PRADESH,NHAI,652.33,483.18,89.72,2023-01-03,2025-01-03,0.0,-17.79000000000002
MINISTRY OF ROAD TRANSPORT & HIGHWAYS,ROADS & HIGHWAYS,ANDHRA PRADESH,NHAI,1063.57,585.5,90.4,2023-01-09,2025-01-09,0.0,-0.2899999999999636
MINISTRY OF ROAD TRANSPORT & HIGHWAYS,ROADS & HIGHWAYS,TAMIL NADU,NHAI,1243.57,827.88,77.57,2021-01-12,2023-01-12,0.0,0.0
MINISTRY OF COAL,COAL,CHHATTISGARH,SECL - CIL,2415.91,2.35,0.01,2025-01-09,2032-03-01,0.0,-0.6400000000000001
MINISTRY OF POWER,TRANSMISSION & DISTRIBUTION,"MULTI-STATES (ANDHRA PRADESH, ODISHA)",POWER GRID CORPORATION OF INDIA LIMITED [POWERGRID],2722.5,143.2,1.77,2026-01-02,2028-01-08,-1.23,-47.370000000000005
MINISTRY OF POWER,TRANSMISSION & DISTRIBUTION,MAHARASHTRA,ADANI TRANSMISSION LIMITED,2000.0,18.0,5.0,2025-01-05,2028-01-01,0.0,-7.0
MINISTRY OF ROAD TRANSPORT & HIGHWAYS,ROADS & HIGHWAYS,"MULTI-STATES (ANDHRA PRADESH, TAMIL NADU)",NHAI,702.52,405.81,98.91,2023-01-10,2025-01-10,-0.8900000000000006,0.0
MINISTRY OF ROAD TRANSPORT & HIGHWAYS,ROADS & HIGHWAYS,"MULTI-STATES (HARYANA, UTTAR PRADESH)",NHAI,939.17,246.86,12.5,2025-01-08,2027-01-08,-4.66,-3.3499999999999943
MINISTRY OF ROAD TRANSPORT & HIGHWAYS,ROADS & HIGHWAYS,PUNJAB,NHAI,1237.65,1383.52,96.78,2023-01-05,2025-01-05,-1.8799999999999957,-8.079999999999927
MINISTRY OF ROAD TRANSPORT & HIGHWAYS,ROADS & HIGHWAYS,UTTAR PRADESH,NHAI,991.89,861.63,96.98,2023-01-02,2025-01-02,0.0,-4.2999999999999545
DEPARTMENT OF TELECOMMUNICATIONS,TELECOMMUNICATION,PAN INDIA,BSNL,24544.55,9143.48,98.41,2023-01-06,2025-01-06,-0.1500000000000056,-22.40999999999985
MINISTRY OF ROAD TRANSPORT & HIGHWAYS,ROADS & HIGHWAYS,KARNATAKA,NHAI,1141.88,254.24,37.9,2024-01-11,2026-01-11,-2.730000000000004,-1.1699999999999875
MINISTRY OF COAL,COAL,CHHATTISGARH,SECL - CIL,1859.19,0.45,0.0,2024-01-12,2033-03-01,0.0,0.0
MINISTRY OF ROAD TRANSPORT & HIGHWAYS,ROADS & HIGHWAYS,MAHARASHTRA,NHAI,546.44,420.7,81.63,2022-01-11,2024-01-05,-15.100000000000009,-0.1299999999999954
MINISTRY OF HEALTH & FAMILY WELFARE,HEALTHCARE,BIHAR,"MEDICAL EDUCATION, MINISTRY OF HEALTH AND FAMILY WELFARE",250.0,103.21,50.0,2022-01-10,2025-01-10,0.0,0.0
MINISTRY OF PETROLEUM & NATURAL GAS,OIL & GAS,UTTAR PRADESH,BHARAT PETROLEUM CORPORATION LIMITED [BPCL],16654.0,738.62,19.0,2022-01-12,2030-01-06,-0.8000000000000007,-16.08000000000004
MINISTRY OF ROAD TRANSPORT & HIGHWAYS,ROADS & HIGHWAYS,MAHARASHTRA,NHAI,1471.32,1071.0,86.2,2021-01-09,2023-01-09,0.0,0.0
MINISTRY OF RAILWAYS,RAILWAYS,CHHATTISGARH,SECR,177.03,12.3,18.0,2024-01-05,2027-01-01,15.0,-8.779999999999998
MINISTRY OF PETROLEUM & NATURAL GAS,OIL & GAS,JAMMU AND KASHMIR,MINISTRYOFPETROLEUMNATURALGAS,538.0,4.3,0.6,2022-01-03,2034-09-01,0.0,-0.1500000000000003
MINISTRY OF ROAD TRANSPORT & HIGHWAYS,ROADS & HIGHWAYS,ANDHRA PRADESH,NHAI,864.2,358.97,54.11,2023-01-12,2025-01-12,-1.4200000000000017,0.0
MINISTRY OF ROAD TRANSPORT & HIGHWAYS,ROADS & HIGHWAYS,BIHAR,NHAI,1240.93,244.38,25.37,2025-01-10,2027-01-10,-1.3999999999999986,-8.060000000000002
MINISTRY OF PETROLEUM & NATURAL GAS,OIL & GAS,KARNATAKA,MINISTRY OF PETROLEUM & NATURAL GAS,463.0,321.59,85.0,2022-01-01,2025-01-12,-0.5999999999999943,-6.060000000000002
MINISTRY OF PETROLEUM & NATURAL GAS,OIL & GAS,ASSAM,MINISTRYOFPETROLEUMNATURALGAS,277.0,234.57,84.2,2022-01-04,2026-01-09,-0.0999999999999943,-1.5900000000000034
MINISTRY OF ROAD TRANSPORT & HIGHWAYS,ROADS & HIGHWAYS,UTTAR PRADESH,NHAI,2002.79,1739.68,100.0,2021-01-05,2023-01-11,0.0,-0.0399999999999636
MINISTRY OF RAILWAYS,RAILWAYS,GUJARAT,WESTERN RAILWAY [WR] - II,437.21,117.95,22.0,2025-01-07,2028-01-06,0.0,-346.01
MINISTRY OF ROAD TRANSPORT & HIGHWAYS,ROADS & HIGHWAYS,BIHAR,NHAI,1915.99,405.1,23.77,2025-01-09,2027-01-09,-1.0300000000000011,-25.94
MINISTRY OF ROAD TRANSPORT & HIGHWAYS,ROADS & HIGHWAYS,ANDHRA PRADESH,NHAI,1398.84,374.07,48.9,2023-01-10,2025-01-10,-4.800000000000004,-14.800000000000011
MINISTRY OF ROAD TRANSPORT & HIGHWAYS,ROADS & HIGHWAYS,"MULTI-STATES (DADRA & NAGAR HAVELI AND DAMAN & DIU, GUJARAT, MAHARASHTRA)",NHAI,1909.74,1096.51,36.23,2022-01-03,2024-01-03,0.0,-0.8099999999999454
MINISTRY OF PETROLEUM & NATURAL GAS,OIL & GAS,BIHAR,MINISTRYOFPETROLEUMNATURALGAS,389.35,130.89,64.60000000000001,2022-01-01,2025-01-04,-1.6999999999999886,6.319999999999993
MINISTRY OF ROAD TRANSPORT & HIGHWAYS,ROADS & HIGHWAYS,ANDHRA PRADESH,NHAI,1103.9,259.07,44.56,2024-01-02,2026-01-02,0.0,-8.54000000000002
MINISTRY OF RAILWAYS,RAILWAYS,GUJARAT,RAILWAY,461.91,186.9,8.0,2023-01-10,2030-01-06,-22.0,44.69
MINISTRY OF ROAD TRANSPORT & HIGHWAYS,ROADS & HIGHWAYS,"MULTI-STATES (BIHAR, JHARKHAND)",NHAI,1719.2,322.79,25.19,2025-01-07,2027-01-06,-2.969999999999999,-17.539999999999964
MINISTRY OF PETROLEUM & NATURAL GAS,OIL & GAS,GUJARAT,MINISTRYOFPETROLEUMNATURALGAS,328.29,227.48,87.0,2022-01-01,2025-01-08,-0.7000000000000028,9.310000000000002
MINISTRY OF ROAD TRANSPORT & HIGHWAYS,ROADS & HIGHWAYS,"MULTI-STATES (UTTAR PRADESH, UTTARAKHAND)",NHAI,796.65,507.68,99.29,2022-01-11,2024-01-11,0.0,-0.75
MINISTRY OF ROAD TRANSPORT & HIGHWAYS,ROADS & HIGHWAYS,TAMIL NADU,NHAI,1299.36,189.12,17.24,2023-01-11,2026-01-05,0.0,-4.219999999999999
MINISTRY OF PETROLEUM & NATURAL GAS,OIL & GAS,WEST BENGAL,MINISTRYOFPETROLEUMNATURALGAS,609.0,63.62,2.9000000000000004,2022-01-03,,-0.0999999999999996,-0.8200000000000003
MINISTRY OF ROAD TRANSPORT & HIGHWAYS,ROADS & HIGHWAYS,ANDHRA PRADESH,NHAI,747.29,242.62,70.19999999999999,2024-01-02,2026-01-02,0.0,-8.310000000000002
MINISTRY OF PETROLEUM & NATURAL GAS,ENERGY STORAGE,ASSAM,HINDUSTAN PETROLEUM CORPORATION LIMITED [HPCL],384.04,235.27,85.5,2023-01-03,2027-01-07,-2.0,-14.799999999999985
MINISTRY OF ROAD TRANSPORT & HIGHWAYS,ROADS & HIGHWAYS,NAGALAND,NHIDCL,323.98,143.39,79.03,2023-01-09,2025-01-09,0.0,-3.980000000000018
MINISTRY OF ROAD TRANSPORT & HIGHWAYS,ROADS & HIGHWAYS,KERALA,NHAI,1187.47,778.5,66.88,2023-01-06,2025-01-06,-15.100000000000009,-4.039999999999964
MINISTRY OF RAILWAYS,RAILWAYS,CHHATTISGARH,SECR,328.34,96.2,36.0,2024-01-05,2027-01-01,31.0,-2.009999999999991
MINISTRY OF PETROLEUM & NATURAL GAS,ENERGY STORAGE,RAJASTHAN,HINDUSTAN PETROLEUM CORPORATION LIMITED [HPCL],461.05,235.1,95.8,2023-01-12,2026-01-12,-1.7000000000000028,-17.080000000000013
MINISTRY OF ROAD TRANSPORT & HIGHWAYS,ROADS & HIGHWAYS,ANDHRA PRADESH,NHAI,813.66,223.05,66.12,2024-01-02,2026-01-02,0.0,-0.2999999999999829
MINISTRY OF ROAD TRANSPORT & HIGHWAYS,ROADS & HIGHWAYS,BIHAR,NHAI,1576.94,313.1,22.0,2025-01-10,2027-01-10,-4.309999999999999,-15.099999999999966
MINISTRY OF ROAD TRANSPORT & HIGHWAYS,ROADS & HIGHWAYS,JHARKHAND,NHAI,1856.12,261.76,0.0,2026-01-07,2028-01-07,0.0,-0.0199999999999818
MINISTRY OF ROAD TRANSPORT & HIGHWAYS,ROADS & HIGHWAYS,"MULTI-STATES (ANDHRA PRADESH, TELANGANA)",NHAI,826.01,165.28,23.73,2025-01-03,2027-01-03,-2.0500000000000007,-10.569999999999991
MINISTRY OF ROAD TRANSPORT & HIGHWAYS,ROADS & HIGHWAYS,KARNATAKA,NHAI,1340.15,922.07,91.67,2023-01-05,2025-01-05,-0.8400000000000034,-6.949999999999932
MINISTRY OF PETROLEUM & NATURAL GAS,OIL & GAS,PUNJAB,MINISTRYOFPETROLEUMNATURALGAS,151.0,8.96,2.0,2022-01-03,2033-09-01,0.0,-0.0599999999999987
MINISTRY OF ROAD TRANSPORT & HIGHWAYS,ROADS & HIGHWAYS,ASSAM,NHIDCL,344.71,54.48,72.0,2024-01-10,2025-01-09,0.0,-2.1000000000000014
MINISTRY OF ROAD TRANSPORT & HIGHWAYS,ROADS & HIGHWAYS,"MULTI-STATES (BIHAR, UTTAR PRADESH)",NHAI,1433.39,561.54,45.02,2024-01-11,2026-01-11,-2.6099999999999994,2.5299999999999727
MINISTRY OF PETROLEUM & NATURAL GAS,OIL & GAS,MAHARASHTRA,MINISTRYOFPETROLEUMNATURALGAS,865.0,84.85,3.4000000000000004,2022-01-03,,0.0,-4.38000000000001
MINISTRY OF RAILWAYS,RAILWAYS,CHHATTISGARH,SECR,177.34,32.49,11.0,2024-01-05,2027-01-02,8.0,-2.719999999999999
MINISTRY OF ROAD TRANSPORT & HIGHWAYS,ROADS & HIGHWAYS,ANDHRA PRADESH,NHAI,1581.24,1024.75,98.2,2021-01-02,2023-01-02,0.0,0.2400000000000091
MINISTRY OF ROAD TRANSPORT & HIGHWAYS,ROADS & HIGHWAYS,ANDHRA PRADESH,NHAI,976.41,370.82,73.0,2024-01-02,2026-01-02,0.0,0.0
MINISTRY OF PETROLEUM & NATURAL GAS,OIL & GAS,ASSAM,MINISTRYOFPETROLEUMNATURALGAS,768.0,225.2,59.4,2022-01-06,2026-01-03,-0.7000000000000028,-25.64000000000001
MINISTRY OF ROAD TRANSPORT & HIGHWAYS,ROADS & HIGHWAYS,ANDHRA PRADESH,NHAI,912.94,357.89,86.63,2024-01-02,2026-01-02,-1.019999999999996,0.0
MINISTRY OF PETROLEUM & NATURAL GAS,OIL & GAS,MADHYA PRADESH,MINISTRYOFPETROLEUMNATURALGAS,43367.0,5596.0,30.7,2023-01-05,2028-01-05,-2.8000000000000007,-508.0
MINISTRY OF PETROLEUM & NATURAL GAS,OIL & GAS,WEST BENGAL,BHARAT PETROLEUM CORPORATION LIMITED [BPCL],1017.0,232.5,43.7,2022-01-12,2030-01-03,-0.0999999999999943,-5.909999999999997
MINISTRY OF ROAD TRANSPORT & HIGHWAYS,ROADS & HIGHWAYS,HARYANA,NHAI,1810.04,1267.19,76.98,2021-01-11,2023-01-11,-0.7799999999999869,-0.3599999999998999
MINISTRY OF ROAD TRANSPORT & HIGHWAYS,ROADS & HIGHWAYS,TELANGANA,NHAI,615.78,524.03,98.02,2022-01-09,2024-01-09,0.0,-0.0800000000000409
MINISTRY OF ROAD TRANSPORT & HIGHWAYS,ROADS & HIGHWAYS,KARNATAKA,NHAI,1181.68,1150.16,94.89,2023-01-02,2025-01-02,0.0,-2.980000000000018
MINISTRY OF PETROLEUM & NATURAL GAS,OIL & GAS,BIHAR,BHARAT PETROLEUM CORPORATION LIMITED [BPCL],3638.0,489.42,33.5,2022-01-12,2030-01-03,-0.1000000000000014,-4.490000000000009
MINISTRY OF PETROLEUM & NATURAL GAS,OIL & GAS,MAHARASHTRA,BHARAT PETROLEUM CORPORATION LIMITED [BPCL],2585.0,1416.51,85.39999999999999,2023-01-05,2026-01-05,-1.9000000000000057,-91.1099999999999
MINISTRY OF ROAD TRANSPORT & HIGHWAYS,ROADS & HIGHWAYS,TAMIL NADU,NHAI,837.61,641.93,99.75,2018-01-11,2020-01-11,0.0,0.0
MINISTRY OF ROAD TRANSPORT & HIGHWAYS,ROADS & HIGHWAYS,ANDHRA PRADESH,NHAI,909.02,289.88,60.57,2024-01-02,2026-01-02,-5.350000000000001,-0.160000000000025
MINISTRY OF ROAD TRANSPORT & HIGHWAYS,ROADS & HIGHWAYS,ANDHRA PRADESH,NHAI,1092.18,200.13,47.73,2025-01-02,2027-01-02,-6.830000000000005,-42.0
MINISTRY OF PETROLEUM & NATURAL GAS,OIL & GAS,BIHAR,BHARAT PETROLEUM CORPORATION LIMITED [BPCL],3919.0,518.13,30.2,2022-01-12,2030-01-06,-0.1000000000000014,-9.019999999999982
MINISTRY OF ROAD TRANSPORT & HIGHWAYS,ROADS & HIGHWAYS,ANDHRA PRADESH,NHAI,1058.9,403.17,75.92,2024-01-02,2026-01-02,-1.0499999999999972,0.0
MINISTRY OF ROAD TRANSPORT & HIGHWAYS,ROADS & HIGHWAYS,TAMIL NADU,NHAI,1360.54,897.36,58.650000000000006,2022-01-05,2024-01-05,0.0,-7.480000000000018
MINISTRY OF ROAD TRANSPORT & HIGHWAYS,ROADS & HIGHWAYS,ANDHRA PRADESH,NHAI,750.81,250.23,86.13,2024-01-03,2026-01-03,-1.1099999999999994,-11.169999999999987
MINISTRY OF PETROLEUM & NATURAL GAS,OIL & GAS,TAMIL NADU,BHARAT PETROLEUM CORPORATION LIMITED [BPCL],3685.0,297.76,25.5,2022-01-12,2030-01-03,0.0,-5.340000000000032
MINISTRY OF PETROLEUM & NATURAL GAS,OIL & GAS,"MULTI-STATES (PUNJAB, RAJASTHAN)",BHARAT PETROLEUM CORPORATION LIMITED [BPCL],3207.0,422.99,31.0,2022-01-12,2030-01-06,-0.1000000000000014,-6.310000000000002
MINISTRY OF ROAD TRANSPORT & HIGHWAYS,ROADS & HIGHWAYS,TAMIL NADU,NHAI,1116.13,771.85,53.41,2023-01-12,2025-01-12,0.0,-32.84000000000003
MINISTRY OF ROAD TRANSPORT & HIGHWAYS,ROADS & HIGHWAYS,KARNATAKA,NHAI,2032.15,1069.89,61.16,2022-01-08,2025-01-08,-0.2000000000000099,-16.34999999999991
MINISTRY OF ROAD TRANSPORT & HIGHWAYS,ROADS & HIGHWAYS,ANDHRA PRADESH,NHAI,1253.26,388.46,65.03999999999999,2024-01-02,2026-01-02,-2.010000000000005,-0.7300000000000182
MINISTRY OF ROAD TRANSPORT & HIGHWAYS,ROADS & HIGHWAYS,"MULTI-STATES (HARYANA, PUNJAB)",NHAI,1641.66,1258.95,85.5,2023-01-10,2025-01-10,-4.510000000000005,-18.970000000000027
MINISTRY OF PETROLEUM & NATURAL GAS,OIL & GAS,NAGALAND,MINISTRYOFPETROLEUMNATURALGAS,227.62,27.63,41.6,2023-01-08,2027-01-11,-1.3999999999999986,-0.4000000000000021
MINISTRY OF ROAD TRANSPORT & HIGHWAYS,ROADS & HIGHWAYS,"MULTI-STATES (HARYANA, UTTAR PRADESH)",NHAI,1554.21,825.78,79.10000000000001,2023-01-05,2025-01-05,-3.649999999999992,-22.120000000000005
MINISTRY OF ROAD TRANSPORT & HIGHWAYS,ROADS & HIGHWAYS,KARNATAKA,NHAI,1745.0,1103.13,99.8,2021-01-09,2023-01-09,0.0,-0.3599999999998999
MINISTRY OF RAILWAYS,RAILWAYS,ODISHA,EAST COAST RAILWAY [ECOR] - II,190.0,3.4,5.0,2025-01-05,2027-01-09,,
MINISTRY OF PETROLEUM & NATURAL GAS,OIL & GAS,MAHARASHTRA,MINISTRYOFPETROLEUMNATURALGAS,341.43,304.75,72.39999999999999,2022-01-04,2026-01-08,-0.5,-0.2599999999999909
MINISTRY OF ROAD TRANSPORT & HIGHWAYS,ROADS & HIGHWAYS,KARNATAKA,NHAI,309.9,94.8,24.7,2022-01-03,2024-01-03,0.0,0.0
MINISTRY OF PETROLEUM & NATURAL GAS,OIL & GAS,UTTAR PRADESH,MINISTRYOFPETROLEUMNATURALGAS,260.12,24.1,55.7,2022-01-04,2027-01-06,-1.5999999999999943,0.5200000000000031
MINISTRY OF ROAD TRANSPORT & HIGHWAYS,ROADS & HIGHWAYS,UTTAR PRADESH,NHAI,1843.59,759.25,67.4,2023-01-05,2025-01-05,-0.7999999999999972,-0.07000000000005
MINISTRY OF ROAD TRANSPORT & HIGHWAYS,ROADS & HIGHWAYS,"MULTI-STATES (JAMMU AND KASHMIR, PUNJAB)",NHAI,3044.02,1773.85,83.6,2022-01-09,2024-01-09,-3.700000000000003,-2.650000000000091
MINISTRY OF ROAD TRANSPORT & HIGHWAYS,ROADS & HIGHWAYS,ANDHRA PRADESH,NHAI,1200.42,282.03,45.04,2024-01-02,2026-01-02,-2.160000000000004,-0.1300000000000523
MINISTRY OF ROAD TRANSPORT & HIGHWAYS,ROADS & HIGHWAYS,BIHAR,NHAI,610.78,336.7,100.0,2024-01-02,2026-01-01,0.0,-0.6999999999999886
MINISTRY OF ROAD TRANSPORT & HIGHWAYS,ROADS & HIGHWAYS,ANDHRA PRADESH,NHAI,1292.65,337.78,60.8,2024-01-02,2026-01-02,-3.4000000000000057,-20.63000000000005
MINISTRY OF ROAD TRANSPORT & HIGHWAYS,ROADS & HIGHWAYS,KARNATAKA,NHAI,1317.74,1304.65,99.2,2021-01-02,2023-01-02,0.0,-62.54999999999996
MINISTRY OF PETROLEUM & NATURAL GAS,OIL & GAS,KERALA,MINISTRYOFPETROLEUMNATURALGAS,4460.0,893.86,40.5,2023-01-12,2027-01-10,-4.700000000000003,-132.14
MINISTRY OF PETROLEUM & NATURAL GAS,OIL & GAS,JHARKHAND,MINISTRYOFPETROLEUMNATURALGAS,202.07,65.3,58.1,2023-01-02,2026-01-02,-0.2999999999999971,-0.6800000000000068
MINISTRY OF ROAD TRANSPORT & HIGHWAYS,ROADS & HIGHWAYS,BIHAR,NHAI,2185.75,717.01,29.13,2024-01-03,2026-01-03,-1.2800000000000011,-47.96000000000004
MINISTRY OF ROAD TRANSPORT & HIGHWAYS,ROADS & HIGHWAYS,ANDHRA PRADESH,NHAI,987.1,338.11,70.50999999999999,2024-01-03,2026-01-03,-3.2700000000000102,-0.339999999999975
MINISTRY OF ROAD TRANSPORT & HIGHWAYS,ROADS & HIGHWAYS,"MULTI-STATES (HARYANA, UTTAR PRADESH)",NHAI,2920.69,1756.53,74.08,2023-01-06,2025-01-06,-2.219999999999999,-16.1400000000001
MINISTRY OF ROAD TRANSPORT & HIGHWAYS,ROADS & HIGHWAYS,GUJARAT,NHAI,750.53,833.12,97.93,2017-01-03,2019-01-09,,
MINISTRY OF RAILWAYS,RAILWAYS,CHHATTISGARH,SECR,167.64,28.01,11.0,2025-01-05,2026-01-12,1.0,-0.4299999999999997
MINISTRY OF ROAD TRANSPORT & HIGHWAYS,ROADS & HIGHWAYS,KARNATAKA,NHAI,2919.8,3713.89,99.19,2019-01-12,2022-01-06,0.0,-1.9500000000002728
MINISTRY OF ROAD TRANSPORT & HIGHWAYS,ROADS & HIGHWAYS,ANDHRA PRADESH,NHAI,1012.57,702.32,84.0,2022-01-10,2024-01-10,-0.5999999999999943,-0.0799999999999272
MINISTRY OF ROAD TRANSPORT & HIGHWAYS,ROADS & HIGHWAYS,ANDHRA PRADESH,NHAI,1863.09,1677.08,98.6,2022-01-01,2024-01-01,0.0,-0.1100000000001273
MINISTRY OF POWER,ELECTRICITY GENERATION,BIHAR,NATIONAL THERMAL POWER CORPORATION [NTPC],29948.0,3099.94,13.65,2025-01-03,2030-01-07,-1.3499999999999996,-322.30999999999995
MINISTRY OF ROAD TRANSPORT & HIGHWAYS,ROADS & HIGHWAYS,ODISHA,NHAI,789.0,724.86,86.0,2020-01-02,2022-01-08,0.0,-0.1000000000000227
MINISTRY OF ROAD TRANSPORT & HIGHWAYS,ROADS & HIGHWAYS,TAMIL NADU,NHAI,555.8,235.51,100.0,2006-01-11,2009-01-05,,
MINISTRY OF ROAD TRANSPORT & HIGHWAYS,ROADS & HIGHWAYS,ANDHRA PRADESH,NHAI,992.91,320.05,77.21000000000001,2024-01-03,2026-01-03,0.0,-31.180000000000007
MINISTRY OF PETROLEUM & NATURAL GAS,OIL & GAS,GUJARAT,OIL AND NATURAL GAS CORPORATION LIMITED [ONGC],1487.41,945.45,65.0,2022-01-08,2027-01-03,-1.0,-1.0
MINISTRY OF ROAD TRANSPORT & HIGHWAYS,ROADS & HIGHWAYS,BIHAR,NHAI,1113.46,12.43,0.5,2026-01-04,2028-01-04,-0.3,-0.0099999999999997
MINISTRY OF HEALTH & FAMILY WELFARE,HEALTHCARE,UTTARAKHAND,"MEDICAL EDUCATION, MINISTRY OF HEALTH AND FAMILY WELFARE",325.0,327.08,84.0,2023-01-04,2026-01-12,6.0,-143.0
MINISTRY OF HOUSING & URBAN AFFAIRS,URBAN PUBLIC TRANSPORT,UTTAR PRADESH,UTTAR PRADESH METRO RAIL CORPORATION [UPMRC],5801.05,0.0,1.5,2026-01-05,,-0.5,-0.05
MINISTRY OF PETROLEUM & NATURAL GAS,OIL & GAS,GUJARAT,OIL AND NATURAL GAS CORPORATION LIMITED [ONGC],249.43,218.03,97.5,2022-01-05,2025-01-02,-0.0999999999999943,-1.5300000000000011
MINISTRY OF ROAD TRANSPORT & HIGHWAYS,ROADS & HIGHWAYS,ODISHA,NHAI,795.18,713.62,99.0,2019-01-02,2021-01-08,0.0,-2.1200000000000045
MINISTRY OF ROAD TRANSPORT & HIGHWAYS,ROADS & HIGHWAYS,BIHAR,NHAI,1857.58,929.35,33.48,2023-01-02,2025-01-02,-2.770000000000003,-27.92999999999995
MINISTRY OF ROAD TRANSPORT & HIGHWAYS,ROADS & HIGHWAYS,MADHYA PRADESH,NHAI,1081.51,369.26,40.25,2024-01-03,2026-01-03,0.0,-0.1999999999999886
"MINISTRY OF PORTS, SHIPPING AND WATERWAYS","TOURISM, HOSPITALITY & WELLNESS",GUJARAT,INDIAN PORT RAIL & ROPEWAY CORPORATION LTD. [IPRCL],573.0,636.91,78.92,2022-01-01,2024-01-03,-0.9499999999999886,-19.470000000000027
MINISTRY OF PETROLEUM & NATURAL GAS,OIL & GAS,GUJARAT,OIL AND NATURAL GAS CORPORATION LIMITED [ONGC],173.03,167.98,94.5,2021-01-07,2025-01-07,-0.0999999999999943,-0.2400000000000091
MINISTRY OF ROAD TRANSPORT & HIGHWAYS,ROADS & HIGHWAYS,KARNATAKA,NHAI,1660.19,1451.9,94.21,2021-01-11,2023-01-11,0.0,-0.099999999999909
MINISTRY OF HEALTH & FAMILY WELFARE,HEALTHCARE,PUNJAB,"MEDICAL EDUCATION, MINISTRY OF HEALTH AND FAMILY WELFARE",325.0,0.0,0.0,2027-01-07,2028-01-12,0.0,-50.0
MINISTRY OF ROAD TRANSPORT & HIGHWAYS,ROADS & HIGHWAYS,ANDHRA PRADESH,NHAI,711.94,566.96,100.0,2022-01-09,2024-01-09,,
MINISTRY OF ROAD TRANSPORT & HIGHWAYS,ROADS & HIGHWAYS,TAMIL NADU,NHAI,1205.4,86.0,8.58,2023-01-11,2026-01-05,0.0,-2.1599999999999966
MINISTRY OF ROAD TRANSPORT & HIGHWAYS,ROADS & HIGHWAYS,UTTAR PRADESH,NHAI,578.02,440.68,100.0,2022-01-12,2024-01-06,0.0,-0.25
MINISTRY OF PETROLEUM & NATURAL GAS,OIL & GAS,ASSAM,MINISTRY OF PETROLEUM & NATURAL GAS,481.03,238.7,54.8,2023-01-01,2026-01-04,-0.6000000000000085,-0.1300000000000238
MINISTRY OF ROAD TRANSPORT & HIGHWAYS,ROADS & HIGHWAYS,GUJARAT,NHAI,2070.44,1048.83,73.08,2023-01-09,2025-01-09,-3.75,-68.18000000000006
MINISTRY OF ROAD TRANSPORT & HIGHWAYS,ROADS & HIGHWAYS,"MULTI-STATES (ANDHRA PRADESH, TELANGANA)",NHAI,829.5,649.48,98.82,2022-01-09,2024-01-09,0.0,-0.0699999999999363
MINISTRY OF ROAD TRANSPORT & HIGHWAYS,ROADS & HIGHWAYS,TAMIL NADU,NHAI,1076.97,679.49,95.51,2023-01-02,2025-01-02,-0.4399999999999977,-6.029999999999973
MINISTRY OF POWER,TRANSMISSION & DISTRIBUTION,GUJARAT,ADANI TRANSMISSION LIMITED,4500.0,2332.7,60.0,2024-01-08,2026-01-08,-10.0,-440.0
MINISTRY OF ROAD TRANSPORT & HIGHWAYS,ROADS & HIGHWAYS,TELANGANA,NHAI,797.36,684.51,96.4,2022-01-10,2024-01-10,-0.8599999999999994,-0.1100000000000136
MINISTRY OF ROAD TRANSPORT & HIGHWAYS,ROADS & HIGHWAYS,TAMIL NADU,NHAI,1376.1,180.68,40.8,2024-01-12,2026-01-12,-5.510000000000005,-1.0999999999999943
MINISTRY OF PETROLEUM & NATURAL GAS,OIL & GAS,GUJARAT,OIL AND NATURAL GAS CORPORATION LIMITED [ONGC],837.34,451.61,70.1,2022-01-11,2026-01-08,-0.7999999999999972,-18.379999999999995
MINISTRY OF ROAD TRANSPORT & HIGHWAYS,ROADS & HIGHWAYS,ANDHRA PRADESH,NHAI,840.51,573.89,99.5,2022-01-03,2024-01-03,-0.3299999999999983,-0.0099999999999909
MINISTRY OF ROAD TRANSPORT & HIGHWAYS,ROADS & HIGHWAYS,BIHAR,NHAI,1494.31,664.55,50.14999999999999,2023-01-07,2025-01-07,-0.6500000000000057,-37.84000000000003
MINISTRY OF PETROLEUM & NATURAL GAS,OIL & GAS,OFFSHORE,OIL AND NATURAL GAS CORPORATION LIMITED [ONGC],4144.41,6284.81,99.9,2022-01-06,2025-01-10,7.0,-17.6899999999996
MINISTRY OF POWER,ELECTRICITY GENERATION,GUJARAT,SATLUJ JAL VIDYUT NIGAM [SJVN] THERMAL LIMITED,339.35,370.0,51.85999999999999,2021-01-05,2025-01-12,0.0,0.0
MINISTRY OF ROAD TRANSPORT & HIGHWAYS,ROADS & HIGHWAYS,ODISHA,NHAI,999.32,1128.44,99.0,2018-01-01,2020-01-07,0.0,-0.0799999999999272
MINISTRY OF ROAD TRANSPORT & HIGHWAYS,ROADS & HIGHWAYS,KARNATAKA,NHAI,3496.01,4315.22,99.19,2019-01-05,2021-01-11,0.0,0.0100000000002182
MINISTRY OF ROAD TRANSPORT & HIGHWAYS,ROADS & HIGHWAYS,MADHYA PRADESH,NHAI,909.84,587.8,99.0,2022-01-09,2024-01-05,0.0,-0.0099999999999909
MINISTRY OF MINES,METALS & MINING,ODISHA,NATIONAL ALUMINIUM COMPANY LIMITED [NALCO],483.0,451.7,93.1,2019-01-11,2025-01-05,-0.0800000000000125,-2.1899999999999977
MINISTRY OF POWER,ELECTRICITY GENERATION,ODISHA,NATIONAL THERMAL POWER CORPORATION [NTPC],11131.0,560.18,2.45,2025-01-11,2031-01-01,-0.25,-6.020000000000096
MINISTRY OF ROAD TRANSPORT & HIGHWAYS,ROADS & HIGHWAYS,"MULTI-STATES (BIHAR, JHARKHAND)",NHAI,1772.7,1273.56,78.0,2019-01-06,2021-01-11,0.0,-2.200000000000045
MINISTRY OF PETROLEUM & NATURAL GAS,OIL & GAS,ANDHRA PRADESH,HINDUSTAN PETROLEUM CORPORATION LIMITED,160.0,152.82,93.5,2021-01-09,2024-01-06,-0.5,-6.1200000000000045
MINISTRY OF ROAD TRANSPORT & HIGHWAYS,ROADS & HIGHWAYS,"MULTI-STATES (JHARKHAND, WEST BENGAL)",NHAI,1154.49,308.02,23.23,2025-01-09,2027-01-09,-1.5300000000000011,-22.25
MINISTRY OF STEEL,STEEL,CHHATTISGARH,NATIONAL MINERAL DEVELOPMENT CORPORATION LIMITED [NMDC],2718.84,1748.76,83.15,2021-01-10,2026-01-01,-0.269999999999996,-5.940000000000055
MINISTRY OF ROAD TRANSPORT & HIGHWAYS,ROADS & HIGHWAYS,ASSAM,NHIDCL,574.26,318.82,71.09,2024-01-02,2026-01-08,0.0,-12.160000000000023
MINISTRY OF PETROLEUM & NATURAL GAS,OIL & GAS,WEST BENGAL,HINDUSTAN PETROLEUM CORPORATION LIMITED,1010.0,865.19,97.2,2022-01-11,2025-01-11,-1.0999999999999943,-19.00999999999999
MINISTRY OF ROAD TRANSPORT & HIGHWAYS,ROADS & HIGHWAYS,JHARKHAND,NHAI,1525.52,218.27,0.0,2026-01-07,2028-01-07,-0.1,-0.0099999999999909
MINISTRY OF PETROLEUM & NATURAL GAS,ENERGY STORAGE,ASSAM,HINDUSTAN PETROLEUM CORPORATION LIMITED,156.36,109.34,79.80000000000001,2023-01-03,2027-01-07,-3.999999999999986,-4.759999999999991
MINISTRY OF ROAD TRANSPORT & HIGHWAYS,ROADS & HIGHWAYS,MAHARASHTRA,NHAI,1774.03,1427.82,93.75,2022-01-11,2024-01-11,-3.6500000000000057,-16.920000000000073
MINISTRY OF ROAD TRANSPORT & HIGHWAYS,ROADS & HIGHWAYS,JHARKHAND,NHAI,936.26,310.35,46.79,2024-01-09,2027-01-03,-2.710000000000001,-18.409999999999968
DEPARTMENT OF TELECOMMUNICATIONS,TELECOMMUNICATION,UTTAR PRADESH,DEPARTMENT OF TELECOMMUNICATIONS,1917.0,183.16,0.0,2025-01-02,2028-01-02,-7.199999999999999,183.16
MINISTRY OF MINES,METALS & MINING,TAMIL NADU,NATIONAL ALUMINIUM COMPANY LIMITED [NALCO],166.0,135.0,66.73,2017-01-12,2025-01-03,-3.269999999999996,0.0
MINISTRY OF COAL,COAL,MADHYA PRADESH,SECL - CIL,1604.69,75.23,0.3,2025-01-05,2030-01-03,0.0,-0.0499999999999971
DEPARTMENT FOR PROMOTION OF INDUSTRY & INTERNAL TRADE,LOGISTICS INFRASTRUCTURE,HARYANA,NATIONAL HIGHWAYS & INFRASTRUCTURE DEVELOPMENT CORPORATION LTD. [NHIDCL],763.0,430.0,60.0,2021-01-12,2023-01-12,0.0,0.0
MINISTRY OF ROAD TRANSPORT & HIGHWAYS,ROADS & HIGHWAYS,UTTARAKHAND,NHAI,1602.89,770.27,79.75,2022-01-10,2024-01-10,-0.6099999999999994,0.0
MINISTRY OF ROAD TRANSPORT & HIGHWAYS,ROADS & HIGHWAYS,BIHAR,NHAI,1390.92,604.49,54.1,2023-01-03,2025-01-03,-0.6999999999999957,-37.93999999999994
MINISTRY OF PETROLEUM & NATURAL GAS,OIL & GAS,GUJARAT,OIL AND NATURAL GAS CORPORATION LIMITED [ONGC],621.4,251.74,48.2,2022-01-01,2024-01-11,-1.7999999999999972,-28.70999999999998
MINISTRY OF ROAD TRANSPORT & HIGHWAYS,ROADS & HIGHWAYS,HARYANA,NHAI,1093.35,590.67,88.77000000000001,2023-01-10,2025-01-10,-4.199999999999989,-4.920000000000073
MINISTRY OF ROAD TRANSPORT & HIGHWAYS,ROADS & HIGHWAYS,"MULTI-STATES (BIHAR, UTTAR PRADESH)",NHAI,1493.5,1042.03,83.0,2023-01-08,2025-01-08,-3.1099999999999994,-2.7799999999999727
MINISTRY OF ROAD TRANSPORT & HIGHWAYS,ROADS & HIGHWAYS,BIHAR,NHAI,6291.69,733.93,21.21,2023-01-09,2027-01-09,-0.8399999999999999,-0.2600000000001046
MINISTRY OF ROAD TRANSPORT & HIGHWAYS,ROADS & HIGHWAYS,HIMACHAL PRADESH,NHAI,1002.11,819.71,67.66,2022-01-05,2024-01-05,-0.9900000000000092,-0.0099999999999909
MINISTRY OF ROAD TRANSPORT & HIGHWAYS,ROADS & HIGHWAYS,ODISHA,NHAI,2510.04,2459.45,99.98,2017-01-03,2019-01-08,0.0,-5.460000000000036
DEPARTMENT FOR PROMOTION OF INDUSTRY & INTERNAL TRADE,REAL ESTATE,UTTAR PRADESH,NATIONAL INDUSTRIAL CORRIDOR DEVELOPMENT CORPORATION,658.0,75.63,22.54,2026-01-04,2027-01-06,-5.25,0.0
MINISTRY OF ROAD TRANSPORT & HIGHWAYS,ROADS & HIGHWAYS,ODISHA,NHAI,973.12,238.15,4.2,2026-01-02,2028-01-02,-1.2000000000000002,-2.9099999999999966
MINISTRY OF ROAD TRANSPORT & HIGHWAYS,ROADS & HIGHWAYS,BIHAR,NHAI,1182.94,1797.43,99.95,2017-01-06,2019-01-12,0.0,-1.7999999999999543
MINISTRY OF ROAD TRANSPORT & HIGHWAYS,ROADS & HIGHWAYS,GUJARAT,NHAI,1185.69,1037.33,97.21,2022-01-02,2024-01-02,-1.690000000000012,-7.75
MINISTRY OF ROAD TRANSPORT & HIGHWAYS,ROADS & HIGHWAYS,ANDHRA PRADESH,NHAI,348.72,303.73,78.95,2018-01-12,2020-01-12,-1.2399999999999949,-6.810000000000002
DEPARTMENT OF TELECOMMUNICATIONS,TELECOMMUNICATION,PAN INDIA,DEPARTMENT OF TELECOMMUNICATIONS [DOT],61109.0,48809.69,99.98,2011-01-10,2023-01-08,0.0,0.0
MINISTRY OF CIVIL AVIATION,AVIATION & AVIATION INFRASTRUCTURE,GUJARAT,AIRPORT AUTHORITY OF INDIA [AAI],1305.0,949.24,87.0,2022-01-07,2026-01-06,-1.0,-17.120000000000005
MINISTRY OF ROAD TRANSPORT & HIGHWAYS,ROADS & HIGHWAYS,JHARKHAND,NHAI,1504.8,1029.73,91.83,2021-01-12,2023-01-07,0.0,-8.920000000000073
MINISTRY OF CIVIL AVIATION,AVIATION & AVIATION INFRASTRUCTURE,UTTAR PRADESH,AIRPORT AUTHORITY OF INDIA [AAI],579.0,217.42,43.22,2024-01-07,2026-01-07,-1.720000000000006,-7.160000000000025
MINISTRY OF ROAD TRANSPORT & HIGHWAYS,ROADS & HIGHWAYS,KARNATAKA,NHAI,1272.71,462.59,16.45,2025-01-04,2027-01-04,-0.91,0.0
MINISTRY OF CIVIL AVIATION,AVIATION & AVIATION INFRASTRUCTURE,ANDHRA PRADESH,AIRPORT AUTHORITY OF INDIA [AAI],347.15,189.48,94.5,2023-01-08,2025-01-08,-1.5,0.0
MINISTRY OF RAILWAYS,RAILWAYS,MAHARASHTRA,CENTRAL RAILWAY [CR] - II,2538.67,5233.2,93.0,2002-01-10,2026-01-03,0.0,178.51000000000022
MINISTRY OF ROAD TRANSPORT & HIGHWAYS,ROADS & HIGHWAYS,KARNATAKA,NHAI,1062.76,272.54,18.13,2025-01-04,2027-01-04,-1.4499999999999993,-0.0099999999999909
MINISTRY OF ROAD TRANSPORT & HIGHWAYS,ROADS & HIGHWAYS,"MULTI-STATES (KERALA, PUDUCHERRY)",NHAI,1181.12,1534.73,100.0,2017-01-12,2020-01-05,0.0,0.0
MINISTRY OF ROAD TRANSPORT & HIGHWAYS,ROADS & HIGHWAYS,KARNATAKA,NHAI,909.86,313.21,13.61,2025-01-12,2027-01-12,-0.92,-12.640000000000043
MINISTRY OF CIVIL AVIATION,AVIATION & AVIATION INFRASTRUCTURE,UTTAR PRADESH,AIRPORT AUTHORITY OF INDIA [AAI],2869.65,677.21,31.0,2024-01-07,2027-01-07,-2.0,-69.71999999999991
MINISTRY OF RAILWAYS,RAILWAYS,ODISHA,EAST COAST RAILWAY [ECOR] - II,3792.0,5789.53,92.5,2001-01-03,2026-01-12,-0.5,964.25
MINISTRY OF ROAD TRANSPORT & HIGHWAYS,ROADS & HIGHWAYS,JHARKHAND,NHAI,1444.94,723.48,90.02,2023-01-12,2025-01-12,-0.5100000000000051,-58.02999999999997
MINISTRY OF RAILWAYS,RAILWAYS,ODISHA,EAST COAST RAILWAY [ECOR] - II,1928.0,2127.3,56.99999999999999,2004-01-12,2025-01-03,0.9999999999999858,-36.71000000000004
MINISTRY OF ROAD TRANSPORT & HIGHWAYS,ROADS & HIGHWAYS,KARNATAKA,NHAI,883.62,437.77,24.27,2025-01-04,2027-01-04,-3.5300000000000047,-9.340000000000032
MINISTRY OF RAILWAYS,RAILWAYS,OFFSHORE,EAST CENTRAL RAILWAY [ECR] - I,819.0,580.51,75.0,2011-01-03,2022-01-03,,
MINISTRY OF CIVIL AVIATION,AVIATION & AVIATION INFRASTRUCTURE,ANDHRA PRADESH,AIRPORT AUTHORITY OF INDIA [AAI],611.8,527.74,88.25,2020-01-09,2022-01-09,-1.4500000000000028,-45.25
MINISTRY OF RAILWAYS,RAILWAYS,BIHAR,EAST CENTRAL RAILWAY [ECR] - I,614.0,491.56,55.7,1998-12-01,2024-01-12,,
MINISTRY OF CIVIL AVIATION,AVIATION & AVIATION INFRASTRUCTURE,BIHAR,AIRPORT AUTHORITY OF INDIA [AAI],1216.9,1202.07,99.19,2018-01-10,2026-01-05,-0.0700000000000073,-1.410000000000082
MINISTRY OF RAILWAYS,RAILWAYS,"MULTI-STATES (GUJARAT, HARYANA, MAHARASHTRA, RAJASTHAN, UTTAR PRADESH)",DFCCIL,51101.0,124623.0,96.0,2012-01-01,2022-01-03,0.0,0.0
MINISTRY OF ROAD TRANSPORT & HIGHWAYS,ROADS & HIGHWAYS,HIMACHAL PRADESH,NHAI,696.65,493.1,98.58,2023-01-09,2025-01-09,-0.6000000000000085,-3.3799999999999955
MINISTRY OF CIVIL AVIATION,AVIATION & AVIATION INFRASTRUCTURE,RAJASTHAN,AIRPORT AUTHORITY OF INDIA [AAI],480.0,348.01,100.0,2023-01-05,2026-01-03,0.0,-0.1899999999999977
MINISTRY OF ROAD TRANSPORT & HIGHWAYS,ROADS & HIGHWAYS,"MULTI-STATES (MAHARASHTRA, TELANGANA)",NHAI,968.05,805.71,73.72999999999999,2024-01-03,2026-01-03,-4.430000000000007,-21.25
MINISTRY OF HEALTH & FAMILY WELFARE,HEALTHCARE,TELANGANA,PMSSY AND INSTITUTE OF NATIONAL IMPORTANCE,1028.0,989.98,87.32,2022-01-07,2026-01-06,-0.2600000000000051,-38.96000000000004
MINISTRY OF ROAD TRANSPORT & HIGHWAYS,ROADS & HIGHWAYS,UTTAR PRADESH,NHAI,1493.65,757.69,96.29,2023-01-10,2025-01-10,-2.1099999999999994,-18.269999999999985
MINISTRY OF ROAD TRANSPORT & HIGHWAYS,ROADS & HIGHWAYS,UTTAR PRADESH,NHAI,1706.47,1440.46,100.0,2023-01-07,2025-01-07,0.0,-7.119999999999891
MINISTRY OF ROAD TRANSPORT & HIGHWAYS,ROADS & HIGHWAYS,"MULTI-STATES (GOA, KARNATAKA)",NHAI,226.76,110.31,84.7,2022-01-11,2024-01-05,0.0,0.0
MINISTRY OF HEALTH & FAMILY WELFARE,HEALTHCARE,GUJARAT,PMSSY AND INSTITUTE OF NATIONAL IMPORTANCE,1195.0,793.03,93.85,2019-01-01,2026-01-03,-0.1500000000000056,-12.450000000000044
MINISTRY OF HEALTH & FAMILY WELFARE,HEALTHCARE,TAMIL NADU,PMSSY AND INSTITUTE OF NATIONAL IMPORTANCE,1264.0,522.72,52.0,2018-01-12,2022-01-08,-2.0,-18.19999999999993
MINISTRY OF ROAD TRANSPORT & HIGHWAYS,ROADS & HIGHWAYS,HIMACHAL PRADESH,NHAI,1113.02,525.23,34.57,2025-01-03,2027-01-09,-0.7299999999999969,-21.850000000000023
MINISTRY OF HEALTH & FAMILY WELFARE,HEALTHCARE,JAMMU AND KASHMIR,PMSSY AND INSTITUTE OF NATIONAL IMPORTANCE,1828.0,1594.22,78.0,2019-01-03,2025-01-12,-1.0,-8.389999999999873
MINISTRY OF ROAD TRANSPORT & HIGHWAYS,ROADS & HIGHWAYS,TELANGANA,NHAI,958.86,408.06,21.84,2024-01-11,2026-01-11,-2.3599999999999994,-23.389999999999983
MINISTRY OF ROAD TRANSPORT & HIGHWAYS,ROADS & HIGHWAYS,HIMACHAL PRADESH,NHAI,815.68,486.73,54.91,2024-01-03,2025-01-12,-1.70000000000001,-10.180000000000009
MINISTRY OF RAILWAYS,RAILWAYS,KARNATAKA,KARNATAKA RAIL INFRASTRUCTURE DEVELOPMENT COMPANY LIMITED [K-RIDE],314.1,173.5,56.8,2019-01-10,2024-01-03,,
MINISTRY OF CIVIL AVIATION,AVIATION & AVIATION INFRASTRUCTURE,RAJASTHAN,AIRPORT AUTHORITY OF INDIA [AAI],887.0,565.41,74.71,2023-01-11,2026-01-03,-4.000000000000014,-21.81000000000006
MINISTRY OF RAILWAYS,RAILWAYS,"MULTI-STATES (KARNATAKA, TAMIL NADU)",KARNATAKA RAIL INFRASTRUCTURE DEVELOPMENT COMPANY LIMITED [K-RIDE],498.7,713.85,88.3,2019-01-02,2024-01-03,3.299999999999997,13.210000000000036
MINISTRY OF ROAD TRANSPORT & HIGHWAYS,ROADS & HIGHWAYS,HIMACHAL PRADESH,NHAI,930.86,665.28,99.19,2024-01-11,2026-01-11,-0.6700000000000017,-0.8400000000000318
MINISTRY OF ROAD TRANSPORT & HIGHWAYS,ROADS & HIGHWAYS,TELANGANA,NHAI,1149.17,871.58,99.98,2022-01-01,2024-01-05,0.0,0.0
DEPARTMENT OF TELECOMMUNICATIONS,TELECOMMUNICATION,"MULTI-STATES (BIHAR, MADHYA PRADESH, RAJASTHAN, UTTAR PRADESH)",DEPARTMENT OF TELECOMMUNICATIONS [DOT],421.65,152.96,99.0,2021-01-03,2022-01-03,-0.5900000000000034,0.0
MINISTRY OF RAILWAYS,RAILWAYS,BIHAR,EAST CENTRAL RAILWAY [ECR] - I,2067.0,2182.46,75.6,2004-01-10,2020-01-03,1.5999999999999943,-660.9299999999998
MINISTRY OF ROAD TRANSPORT & HIGHWAYS,ROADS & HIGHWAYS,UTTAR PRADESH,NHAI,2289.52,1027.0,70.02000000000001,2024-01-06,2026-01-06,-6.97999999999999,-0.0099999999999909
MINISTRY OF RAILWAYS,RAILWAYS,BIHAR,EAST CENTRAL RAILWAY [ECR] - I,1605.0,1725.95,46.9,2009-01-03,2024-01-03,6.899999999999999,-414.85000000000014
MINISTRY OF RAILWAYS,RAILWAYS,UTTARAKHAND,RVNL - II,38953.0,28828.18,77.5,2018-01-08,2025-01-12,,
MINISTRY OF ROAD TRANSPORT & HIGHWAYS,ROADS & HIGHWAYS,BIHAR,NHAI,638.29,1096.09,99.8,2019-01-11,2021-01-11,0.0,-0.0700000000001637
MINISTRY OF ROAD TRANSPORT & HIGHWAYS,ROADS & HIGHWAYS,UTTAR PRADESH,NHAI,1101.79,486.98,68.8,2023-01-11,2025-01-11,0.0,-32.71000000000004
MINISTRY OF RAILWAYS,RAILWAYS,"MULTI-STATES (SIKKIM, WEST BENGAL)",INDIAN RAILWAY CONSTRUCTION INTERNATIONAL LIMITED [IRCON],7877.0,11090.47,80.0,2010-01-05,2015-01-05,0.0,0.0
MINISTRY OF RAILWAYS,RAILWAYS,CHHATTISGARH,RAIL VIKAS NIGAM LIMITED,1628.0,1440.85,82.0,2009-01-12,2025-01-09,0.0,0.0
MINISTRY OF RAILWAYS,RAILWAYS,KARNATAKA,SOUTH WESTERN RAILWAY [SWR] - II,2565.0,2412.11,71.0,2009-01-05,2019-01-03,,
MINISTRY OF RAILWAYS,RAILWAYS,ANDHRA PRADESH,SOUTH CENTRAL RAILWAY [SCR] - II,2501.0,1417.7,30.020000000000003,2013-01-09,2028-01-03,,
MINISTRY OF RAILWAYS,RAILWAYS,TELANGANA,SOUTH CENTRAL RAILWAY [SCR] - II,1160.0,3073.41,72.02,2017-01-01,2027-01-03,,
MINISTRY OF PETROLEUM & NATURAL GAS,OIL & GAS,OFFSHORE,MINISTRY OF PETROLEUM & NATURAL GAS,6684.0,864.28,21.2,2025-01-08,2027-01-05,-2.3000000000000007,-115.19000000000004
MINISTRY OF ROAD TRANSPORT & HIGHWAYS,ROADS & HIGHWAYS,HIMACHAL PRADESH,NHAI,191.11,182.26,100.0,2022-01-06,2024-01-06,0.0,-0.3400000000000034
MINISTRY OF RAILWAYS,RAILWAYS,CHHATTISGARH,INDIAN RAILWAY CONSTRUCTION INTERNATIONAL LIMITED [IRCON],4970.0,5327.55,83.36,2014-01-04,2022-01-03,0.0,0.0
MINISTRY OF RAILWAYS,RAILWAYS,BIHAR,INDIAN RAILWAY CONSTRUCTION INTERNATIONAL LIMITED [IRCON],402.0,369.48,86.5,2011-01-01,2022-01-03,0.0,0.0
MINISTRY OF ROAD TRANSPORT & HIGHWAYS,ROADS & HIGHWAYS,CHHATTISGARH,NHAI,1002.33,944.63,98.75,2022-01-01,2024-01-01,0.0,-0.0499999999999545
MINISTRY OF ROAD TRANSPORT & HIGHWAYS,ROADS & HIGHWAYS,HIMACHAL PRADESH,NHAI,3419.95,2881.19,95.65,2018-01-03,2021-01-09,0.0,-2.3899999999998727
MINISTRY OF RAILWAYS,RAILWAYS,"MULTI-STATES (GUJARAT, MADHYA PRADESH)",WESTERN RAILWAY [WR] - II,456.07,4166.4,55.00000000000001,2012-01-06,2027-01-02,-1.9999999999999856,-342.90000000000055
MINISTRY OF ROAD TRANSPORT & HIGHWAYS,ROADS & HIGHWAYS,HIMACHAL PRADESH,NHAI,1464.12,1567.12,100.0,2018-01-01,2020-01-07,0.0,-7.730000000000018
MINISTRY OF RAILWAYS,RAILWAYS,"MULTI-STATES (GUJARAT, MADHYA PRADESH)",WESTERN RAILWAY [WR] - II,1794.0,1828.91,80.5,2014-01-01,2025-01-12,22.500000000000007,-26.09999999999991
MINISTRY OF ROAD TRANSPORT & HIGHWAYS,ROADS & HIGHWAYS,ASSAM,NHAI,1200.14,0.0,52.0,2018-01-05,2023-01-06,0.0,0.0
MINISTRY OF RAILWAYS,RAILWAYS,"MULTI-STATES (MADHYA PRADESH, MAHARASHTRA)",WESTERN RAILWAY [WR] - II,1656.25,4606.71,83.0,2010-01-03,2027-01-03,8.0,-438.8299999999999
MINISTRY OF ROAD TRANSPORT & HIGHWAYS,ROADS & HIGHWAYS,UTTAR PRADESH,NHAI,955.34,348.38,70.56,2024-01-01,2026-01-01,0.0,-21.56
MINISTRY OF RAILWAYS,RAILWAYS,"MULTI-STATES (HIMACHAL PRADESH, PUNJAB)",RVNL - II,13447.0,7781.89,64.0,2015-01-04,2026-01-12,,
MINISTRY OF ROAD TRANSPORT & HIGHWAYS,ROADS & HIGHWAYS,PUNJAB,NHAI,1368.91,530.32,15.310000000000002,2022-01-12,2024-01-12,0.0,-3.009999999999991
MINISTRY OF RAILWAYS,RAILWAYS,BIHAR,EAST CENTRAL RAILWAY [ECR] - I,1473.0,2712.19,98.2,2002-01-03,2023-01-03,3.200000000000003,-329.59000000000015
MINISTRY OF ROAD TRANSPORT & HIGHWAYS,ROADS & HIGHWAYS,UTTAR PRADESH,NHAI,2009.11,549.05,37.03,2025-01-05,2027-01-05,-2.969999999999999,-41.940000000000055
MINISTRY OF ROAD TRANSPORT & HIGHWAYS,ROADS & HIGHWAYS,"MULTI-STATES (BIHAR, JHARKHAND)",NHAI,1125.78,830.06,91.3,2022-01-03,2024-01-02,0.0,0.0
MINISTRY OF RAILWAYS,RAILWAYS,"MULTI-STATES (BIHAR, JHARKHAND)",EAST CENTRAL RAILWAY [ECR] - I,1626.0,2221.76,95.6,2002-01-03,2025-01-02,5.599999999999994,-47.26999999999998
MINISTRY OF ROAD TRANSPORT & HIGHWAYS,ROADS & HIGHWAYS,UTTAR PRADESH,NHAI,2077.0,438.93,30.3,2025-01-11,2027-01-11,-4.199999999999999,-47.15999999999997
MINISTRY OF ROAD TRANSPORT & HIGHWAYS,ROADS & HIGHWAYS,CHHATTISGARH,MORTH,201.16,0.0,0.0,2026-01-06,2028-01-06,0.0,0.0
MINISTRY OF RAILWAYS,RAILWAYS,"MULTI-STATES (BIHAR, JHARKHAND)",EASTERN RAILWAY [ER] - I,2555.0,1117.17,61.9,2022-01-03,2028-01-03,21.9,-658.49
MINISTRY OF RAILWAYS,RAILWAYS,MANIPUR,NORTHEAST FRONTIER RAILWAY [NFR],14323.0,16327.07,73.05,2007-01-12,2026-01-12,-4.950000000000003,-604.4300000000003
MINISTRY OF ROAD TRANSPORT & HIGHWAYS,ROADS & HIGHWAYS,"MULTI-STATES (BIHAR, JHARKHAND)",NHAI,1954.77,2008.25,86.53999999999999,2020-01-11,2024-01-10,-0.480000000000004,-16.799999999999955
MINISTRY OF RAILWAYS,RAILWAYS,"MULTI-STATES (ASSAM, NAGALAND)",NORTHEAST FRONTIER RAILWAY [NFR] - II,6663.0,6748.9,46.5,2016-01-02,2025-01-03,1.5,29.36999999999989
MINISTRY OF ROAD TRANSPORT & HIGHWAYS,ROADS & HIGHWAYS,JHARKHAND,NHAI,662.44,824.95,98.5,2019-01-11,2024-01-08,0.0,-0.25
MINISTRY OF RAILWAYS,RAILWAYS,"MULTI-STATES (ASSAM, MEGHALAYA)",NORTHEAST FRONTIER RAILWAY [NFR],1304.62,1258.8,86.16,2007-01-03,2011-01-11,-0.8400000000000034,-13.549999999999956
MINISTRY OF PETROLEUM & NATURAL GAS,OIL & GAS,MAHARASHTRA,MINISTRY OF PETROLEUM & NATURAL GAS,3713.4,1557.5,53.2,2025-01-11,2027-01-03,-3.0999999999999943,-747.1799999999998
MINISTRY OF RAILWAYS,RAILWAYS,MEGHALAYA,NORTHEAST FRONTIER RAILWAY [NFR],8324.28,266.12,2.04,2010-01-03,2021-01-03,,
MINISTRY OF ROAD TRANSPORT & HIGHWAYS,ROADS & HIGHWAYS,BIHAR,NHAI,1199.58,1308.0,91.99,2020-01-02,2023-01-08,-0.4100000000000108,-4.279999999999973
MINISTRY OF ROAD TRANSPORT & HIGHWAYS,ROADS & HIGHWAYS,BIHAR,NHAI,2156.22,1815.2,99.14,2021-01-12,2024-01-06,0.0,-3.710000000000037
MINISTRY OF RAILWAYS,RAILWAYS,"MULTI-STATES (ARUNACHAL PRADESH, ASSAM)",NORTHEAST FRONTIER RAILWAY [NFR] - II,435.0,887.87,72.0,2023-01-03,2025-01-03,5.0,-169.34000000000003
MINISTRY OF RAILWAYS,RAILWAYS,ANDHRA PRADESH,SOUTH CENTRAL RAILWAY [SCR] - II,9889.24,0.0,0.01,2026-01-04,2032-01-01,,
MINISTRY OF ROAD TRANSPORT & HIGHWAYS,ROADS & HIGHWAYS,BIHAR,NHAI,897.45,914.25,97.85,2021-01-04,2023-01-07,0.0,0.0
MINISTRY OF RAILWAYS,RAILWAYS,"MULTI-STATES (HIMACHAL PRADESH, PUNJAB)",NORTHEN RAILWAY [NR],2018.0,2398.08,85.5,1985-05-01,2025-01-12,1.5,-536.19
MINISTRY OF ROAD TRANSPORT & HIGHWAYS,ROADS & HIGHWAYS,BIHAR,NHAI,1473.2,641.88,21.5,2025-01-01,2027-01-07,-2.280000000000001,-2.490000000000009
MINISTRY OF RAILWAYS,RAILWAYS,"MULTI-STATES (MADHYA PRADESH, RAJASTHAN)",NORTH CENTRAL RAILWAY,2913.0,2270.23,95.0,2018-01-07,2025-01-03,4.0,-798.52
MINISTRY OF ROAD TRANSPORT & HIGHWAYS,ROADS & HIGHWAYS,UTTAR PRADESH,NHAI,575.66,390.09,99.33,2022-01-10,2024-01-10,0.0,0.0
MINISTRY OF RAILWAYS,RAILWAYS,"MULTI-STATES (HARYANA, HIMACHAL PRADESH)",NORTHEN RAILWAY [NR],1540.0,606.07,44.0,2018-01-02,2026-01-12,-3.0,-495.66
MINISTRY OF ROAD TRANSPORT & HIGHWAYS,ROADS & HIGHWAYS,UTTAR PRADESH,NHAI,649.44,0.09,6.7,2025-01-09,2027-01-09,-15.3,0.0
MINISTRY OF ROAD TRANSPORT & HIGHWAYS,ROADS & HIGHWAYS,UTTAR PRADESH,NHAI,617.88,282.0,91.1,2023-01-06,2025-01-06,0.5300000000000011,-4.100000000000023
DEPARTMENT OF TELECOMMUNICATIONS,TELECOMMUNICATION,MEGHALAYA,DEPARTMENT OF TELECOMMUNICATIONS,971.96,167.23,99.84,2020-01-09,2022-01-03,0.0,0.0
DEPARTMENT OF TELECOMMUNICATIONS,TELECOMMUNICATION,"MULTI-STATES (ANDHRA PRADESH, BIHAR, CHHATTISGARH, JHARKHAND, MADHYA PRADESH, MAHARASHTRA, ODISHA, TELANGANA, UTTAR PRADESH, WEST BENGAL)",DEPARTMENT OF TELECOMMUNICATIONS [DOT],1577.57,480.91,88.0,2021-01-09,2023-01-03,-1.980000000000004,-11.289999999999964
MINISTRY OF ROAD TRANSPORT & HIGHWAYS,ROADS & HIGHWAYS,ODISHA,NHAI,153.61,73.59,38.0,2022-01-08,2025-01-01,0.0,-0.1700000000000017
MINISTRY OF ROAD TRANSPORT & HIGHWAYS,ROADS & HIGHWAYS,BIHAR,NHAI,1431.36,502.89,10.33,2024-01-11,2026-01-11,-0.6400000000000006,-1.1399999999999864
DEPARTMENT OF TELECOMMUNICATIONS,TELECOMMUNICATION,"MULTI-STATES (ANDHRA PRADESH, CHHATTISGARH, JHARKHAND, MAHARASHTRA, ODISHA)",DEPARTMENT OF TELECOMMUNICATIONS [DOT],3685.0,1100.41,81.2,2022-01-05,2023-01-11,-0.269999999999996,-7.6099999999999
"DEPARTMENT OF WATER RESOURCES, RIVER DEVELOPMENT & GR",WATER RESOURCES,MAHARASHTRA,DEPARTMENT OF WATER RESOURCES-MH - II,210.45,1734.71,100.0,2010-01-01,2019-01-12,0.0,0.0
DEPARTMENT FOR PROMOTION OF INDUSTRY & INTERNAL TRADE,REAL ESTATE,KARNATAKA,NATIONAL HIGHWAYS & INFRASTRUCTURE DEVELOPMENT CORPORATION LTD. [NHIDCL],1701.81,324.12,25.67,2023-01-02,2026-01-09,-1.4499999999999993,-13.439999999999998
"DEPARTMENT OF WATER RESOURCES, RIVER DEVELOPMENT & GR",WATER RESOURCES,MAHARASHTRA,DEPARTMENT OF WATER RESOURCES-MH - II,7196.47,14385.73,72.65,2008-01-04,2019-01-12,0.0,-53.72999999999956
MINISTRY OF ROAD TRANSPORT & HIGHWAYS,ROADS & HIGHWAYS,UTTAR PRADESH,NHAI,2006.82,969.49,52.68000000000001,2024-01-03,2026-01-03,-1.8699999999999903,-12.149999999999975
MINISTRY OF ROAD TRANSPORT & HIGHWAYS,ROADS & HIGHWAYS,"MULTI-STATES (JHARKHAND, WEST BENGAL)",NHAI,1652.4,1649.25,97.65,2019-01-12,2022-01-08,0.0,-2.789999999999964
DEPARTMENT FOR PROMOTION OF INDUSTRY & INTERNAL TRADE,REAL ESTATE,ANDHRA PRADESH,NATIONAL INDUSTRIAL CORRIDOR DEVELOPMENT CORPORATION,2139.44,981.35,45.43,2024-01-02,2027-01-02,-2.3400000000000034,-2.7799999999999727
"DEPARTMENT OF WATER RESOURCES, RIVER DEVELOPMENT & GR",WATER RESOURCES,MAHARASHTRA,DEPARTMENT OF WATER RESOURCES-MH - II,1058.99,1634.36,89.57000000000001,1996-04-01,2019-01-12,0.0,-8.1400000000001
MINISTRY OF ROAD TRANSPORT & HIGHWAYS,ROADS & HIGHWAYS,BIHAR,NHAI,470.5,287.52,73.26,2024-01-08,2026-01-08,-4.019999999999996,-15.220000000000027
MINISTRY OF ROAD TRANSPORT & HIGHWAYS,ROADS & HIGHWAYS,"MULTI-STATES (UTTAR PRADESH, UTTARAKHAND)",NHAI,936.12,369.85,53.84,2024-01-03,2025-01-09,0.0,-16.489999999999952
DEPARTMENT FOR PROMOTION OF INDUSTRY & INTERNAL TRADE,REAL ESTATE,KERALA,NATIONAL INDUSTRIAL CORRIDOR DEVELOPMENT CORPORATION,3805.0,0.0,5.25,2025-01-10,2029-01-04,-0.0499999999999998,-57.93
"DEPARTMENT OF WATER RESOURCES, RIVER DEVELOPMENT & GR",WATER RESOURCES,KARNATAKA,WATER RESOURCES-KA,770.16,1515.6,99.32,2014-01-04,2019-01-12,0.0,0.0
MINISTRY OF ROAD TRANSPORT & HIGHWAYS,ROADS & HIGHWAYS,BIHAR,NHAI,2127.86,526.04,89.81,2011-01-01,2013-01-07,,
MINISTRY OF ROAD TRANSPORT & HIGHWAYS,ROADS & HIGHWAYS,BIHAR,NHAI,1028.28,1220.65,94.0,2018-01-12,2020-01-12,0.0,-9.779999999999973
MINISTRY OF ROAD TRANSPORT & HIGHWAYS,ROADS & HIGHWAYS,UTTAR PRADESH,NHAI,1841.92,1120.76,81.47999999999999,2023-01-09,2025-01-09,-1.5800000000000125,-11.490000000000007
"DEPARTMENT OF WATER RESOURCES, RIVER DEVELOPMENT & GR",WATER RESOURCES,JHARKHAND,DEPARTMENT OF WATER RESOURCES-JH,3807.77,6040.27,70.0,2012-01-01,2019-01-12,0.0,0.0
MINISTRY OF ROAD TRANSPORT & HIGHWAYS,ROADS & HIGHWAYS,PUNJAB,NHAI,857.91,754.44,68.4,2022-01-06,2024-01-06,-0.4999999999999858,-18.469999999999917
DEPARTMENT OF TELECOMMUNICATIONS,TELECOMMUNICATION,"MULTI-STATES (ARUNACHAL PRADESH, ASSAM)",DEPARTMENT OF TELECOMMUNICATIONS,1255.49,237.98,99.6,2021-01-10,2023-01-04,-0.2400000000000091,0.0
"DEPARTMENT OF WATER RESOURCES, RIVER DEVELOPMENT & GR",WATER RESOURCES,MAHARASHTRA,DEPARTMENT OF WATER RESOURCES-MH - II,255.97,3066.05,65.0,2008-01-04,2019-01-12,0.0,0.0
MINISTRY OF ROAD TRANSPORT & HIGHWAYS,ROADS & HIGHWAYS,WEST BENGAL,NHAI,557.55,488.7,94.12,2022-01-02,2023-01-08,,
"DEPARTMENT OF WATER RESOURCES, RIVER DEVELOPMENT & GR",WATER RESOURCES,TELANGANA,IRRIGATION AND CAD-TG,8200.71,4841.09,87.7,2006-01-04,2019-01-12,0.0,0.0
"DEPARTMENT OF WATER RESOURCES, RIVER DEVELOPMENT & GR",WATER RESOURCES,TELANGANA,IRRIGATION AND CAD-TG,1402.0,1839.76,100.0,2008-01-01,2019-01-12,,
"DEPARTMENT OF WATER RESOURCES, RIVER DEVELOPMENT & GR",WATER RESOURCES,ODISHA,IRRIGATION AND CAD-TG,989.43,2804.16,79.5,2004-01-01,2019-01-12,0.0,0.0
MINISTRY OF ROAD TRANSPORT & HIGHWAYS,ROADS & HIGHWAYS,ANDHRA PRADESH,NHAI,1346.82,188.66,39.57,2024-01-12,2026-01-12,-2.9099999999999966,-0.0200000000000102
"DEPARTMENT OF WATER RESOURCES, RIVER DEVELOPMENT & GR",WATER RESOURCES,UTTAR PRADESH,IRRIGATION & WATER RESOURCES-UP,1060.67,4575.74,82.39,2008-01-04,2019-01-12,0.0,0.0
MINISTRY OF ROAD TRANSPORT & HIGHWAYS,ROADS & HIGHWAYS,HIMACHAL PRADESH,NHAI,1956.26,1452.65,63.17,2024-01-03,2027-01-03,3.289999999999999,-53.20999999999981
"DEPARTMENT OF WATER RESOURCES, RIVER DEVELOPMENT & GR",WATER RESOURCES,ODISHA,"DEPARTMENT OF WATER RESOURCES, RIVER DEVELOPMENT & GR",3055.88,8289.65,95.5,1998-01-01,2019-01-12,0.0,-37.97000000000117
"DEPARTMENT OF WATER RESOURCES, RIVER DEVELOPMENT & GR",WATER RESOURCES,PUNJAB,DEPARTMENT OF WATER RESOURCES-PB,1441.26,2342.05,95.0,2018-01-04,2021-01-06,0.0,-22.06999999999971
"DEPARTMENT OF WATER RESOURCES, RIVER DEVELOPMENT & GR",WATER RESOURCES,PUNJAB,DEPARTMENT OF WATER RESOURCES-PB,2285.81,2201.94,88.0,2018-01-04,2022-01-06,0.0,0.0
"DEPARTMENT OF WATER RESOURCES, RIVER DEVELOPMENT & GR",WATER RESOURCES,"MULTI-STATES (BIHAR, JHARKHAND)","DEPARTMENT OF WATER RESOURCES, RIVER DEVELOPMENT & GR",1622.27,172.97,44.0,2021-01-01,2021-01-03,-3.0,-172.97
"DEPARTMENT OF WATER RESOURCES, RIVER DEVELOPMENT & GR",WATER RESOURCES,MANIPUR,WATER RESOURCES DEPARTMENT-MN,1449.44,1848.17,99.0,1997-04-01,2019-01-12,0.0,0.0
MINISTRY OF ROAD TRANSPORT & HIGHWAYS,ROADS & HIGHWAYS,UTTAR PRADESH,NHAI,2158.2,1195.23,70.12,2024-01-05,2026-01-05,0.0,-38.82999999999993
"DEPARTMENT OF WATER RESOURCES, RIVER DEVELOPMENT & GR",WATER RESOURCES,ANDHRA PRADESH,WATER RESOURCES-AP,10151.04,27726.15,86.14,2009-01-11,2022-01-04,-0.0100000000000051,-235.39999999999785
MINISTRY OF ROAD TRANSPORT & HIGHWAYS,ROADS & HIGHWAYS,BIHAR,NHAI,4432.97,1517.29,61.12,2024-01-03,2026-01-09,-2.789999999999999,-60.86000000000013
"DEPARTMENT OF WATER RESOURCES, RIVER DEVELOPMENT & GR",WATER RESOURCES,"MULTI-STATES (MADHYA PRADESH, UTTAR PRADESH)","DEPARTMENT OF WATER RESOURCES, RIVER DEVELOPMENT,",21030.0,8530.86,0.0,2022-01-03,2029-01-03,0.0,0.0
"MINISTRY OF PORTS, SHIPPING AND WATERWAYS",INLAND WATERWAYS,"MULTI-STATES (BIHAR, JHARKHAND, UTTAR PRADESH, WEST BENGAL)",INLAND WATERWAYS AUTHORITY OF INDIA [IWAI],5369.18,4117.61,83.72,2018-01-02,2023-01-12,-1.3799999999999957,-69.57999999999993
"DEPARTMENT OF WATER RESOURCES, RIVER DEVELOPMENT & GR",WATER RESOURCES,MAHARASHTRA,DEPARTMENT OF WATER RESOURCES-MH - II,211.46,879.16,74.0,2009-01-04,2019-01-12,-1.0,-0.6399999999999864
MINISTRY OF ROAD TRANSPORT & HIGHWAYS,ROADS & HIGHWAYS,UTTAR PRADESH,NHAI,646.27,369.67,63.79,2023-01-05,2024-01-11,0.0,0.0
"MINISTRY OF PORTS, SHIPPING AND WATERWAYS",SHIPPING,ODISHA,PARADIP PORT TRUST [PPT],3004.63,2244.12,74.0,2023-01-01,2027-01-12,-2.0,-17.0
DEPARTMENT OF TELECOMMUNICATIONS,TELECOMMUNICATION,PAN INDIA,DEPARTMENT OF TELECOMMUNICATIONS [DOT],28466.0,9142.63,98.4,2020-01-11,2024-01-03,-0.1599999999999966,-22.410000000001677
MINISTRY OF ROAD TRANSPORT & HIGHWAYS,ROADS & HIGHWAYS,UTTAR PRADESH,NHAI,300.58,296.47,99.02,2021-01-11,2023-01-05,0.0,-3.2999999999999545
MINISTRY OF ROAD TRANSPORT & HIGHWAYS,ROADS & HIGHWAYS,BIHAR,NHAI,662.44,1125.2,90.07,2019-01-12,2021-01-12,0.0,-1.0199999999999818
"DEPARTMENT OF WATER RESOURCES, RIVER DEVELOPMENT & GR",WATER RESOURCES,GUJARAT,"NARMADA AND WATER RESOURCES, WATER SUPPLY AND KALPSAR DEPARTMENT-GJ",20718.17,31943.15,93.7,1996-04-01,2019-01-12,0.0,-26.25
MINISTRY OF HOUSING & URBAN AFFAIRS,URBAN PUBLIC TRANSPORT,KERALA,CSPCC PROJECTS,1957.05,752.34,38.0,2022-01-11,2026-01-11,-3.200000000000003,-64.45999999999992
MINISTRY OF PETROLEUM & NATURAL GAS,OIL & GAS,"MULTI-STATES (GUJARAT, HARYANA, PUNJAB, RAJASTHAN)",MINISTRY OF PETROLEUM & NATURAL GAS,7392.0,6362.31,90.2,2011-01-07,2024-01-06,0.0,1.4500000000007276
MINISTRY OF HOUSING & URBAN AFFAIRS,URBAN PUBLIC TRANSPORT,KARNATAKA,BENGALURU METRO RAIL,14788.1,10376.43,66.0,2019-01-01,2026-01-06,-1.5,-502.0499999999993
MINISTRY OF ROAD TRANSPORT & HIGHWAYS,ROADS & HIGHWAYS,HIMACHAL PRADESH,NHAI,1244.43,117.5,30.43,2025-01-05,2027-01-05,-1.0300000000000011,-28.22
MINISTRY OF PETROLEUM & NATURAL GAS,OIL & GAS,GUJARAT,MINISTRY OF PETROLEUM & NATURAL GAS,18936.0,75182.67,89.2,2020-01-09,2024-01-08,-0.4000000000000057,61281.54
MINISTRY OF HOUSING & URBAN AFFAIRS,URBAN PUBLIC TRANSPORT,TAMIL NADU,CHENNAI METRO RAIL LIMITED [CMRL],63246.0,33774.0,53.36,2020-01-11,2029-01-08,-2.369999999999997,-924.0
MINISTRY OF ROAD TRANSPORT & HIGHWAYS,ROADS & HIGHWAYS,HARYANA,NHAI,1269.5,708.89,67.80000000000001,2023-01-02,2025-01-02,-0.1999999999999886,-3.879999999999996
MINISTRY OF ROAD TRANSPORT & HIGHWAYS,ROADS & HIGHWAYS,HIMACHAL PRADESH,NHAI,739.39,369.59,93.25,2023-01-10,2025-01-10,-1.1200000000000043,-0.3500000000000227
MINISTRY OF PETROLEUM & NATURAL GAS,OIL & GAS,BIHAR,MINISTRY OF PETROLEUM & NATURAL GAS,14810.0,74990.3,91.6,2020-01-01,2023-01-04,-0.2000000000000028,61900.46000000001
MINISTRY OF ROAD TRANSPORT & HIGHWAYS,ROADS & HIGHWAYS,HIMACHAL PRADESH,NHAI,1322.95,1101.15,97.45,2022-01-12,2024-01-12,0.0,-1.4299999999998363
MINISTRY OF PETROLEUM & NATURAL GAS,OIL & GAS,HARYANA,MINISTRY OF PETROLEUM & NATURAL GAS,34627.0,27518.03,94.0,2021-01-02,2024-01-09,-0.2999999999999971,-489.3199999999997
MINISTRY OF ROAD TRANSPORT & HIGHWAYS,ROADS & HIGHWAYS,MAHARASHTRA,NHAI,1166.96,1182.28,81.54,2021-01-10,2023-01-10,0.0,0.8599999999999
MINISTRY OF ROAD TRANSPORT & HIGHWAYS,ROADS & HIGHWAYS,HIMACHAL PRADESH,NHAI,1146.19,987.23,95.72,2023-01-04,2025-01-04,-1.480000000000004,-0.1200000000000045
MINISTRY OF PETROLEUM & NATURAL GAS,OIL & GAS,"MULTI-STATES (KARNATAKA, KERALA, TAMIL NADU)",MINISTRY OF PETROLEUM & NATURAL GAS,2915.0,4856.3,97.0,2009-01-06,2012-01-12,-0.4000000000000057,-25.5
MINISTRY OF ROAD TRANSPORT & HIGHWAYS,ROADS & HIGHWAYS,KARNATAKA,NHAI,2082.98,1621.81,83.78,2021-01-10,2023-01-10,-0.4699999999999988,-23.430000000000064
MINISTRY OF HEALTH & FAMILY WELFARE,HEALTHCARE,HARYANA,PMSSY AND INSTITUTE OF NATIONAL IMPORTANCE,1299.0,717.42,64.85,2019-01-02,2026-01-12,-2.6000000000000085,-30.200000000000045
MINISTRY OF ROAD TRANSPORT & HIGHWAYS,ROADS & HIGHWAYS,HIMACHAL PRADESH,NHAI,992.85,5.15,0.0,2026-01-06,2028-01-06,-0.6799999999999999,-0.1199999999999992
MINISTRY OF HEALTH & FAMILY WELFARE,HEALTHCARE,BIHAR,PMSSY AND INSTITUTE OF NATIONAL IMPORTANCE,1264.0,27.81,0.0,2020-01-09,2024-01-09,-1.12,-12.52
MINISTRY OF HOUSING & URBAN AFFAIRS,URBAN PUBLIC TRANSPORT,MAHARASHTRA,MAHARASHTRA METRO RAIL CORPORATION LIMITED [MMRCL],6708.0,2026.56,40.86,2022-01-12,2027-01-12,-1.25,-135.17000000000007
MINISTRY OF ROAD TRANSPORT & HIGHWAYS,ROADS & HIGHWAYS,GUJARAT,NHAI,1188.46,147.42,23.82,2025-01-11,2027-01-11,-2.0,-32.05000000000001
MINISTRY OF ROAD TRANSPORT & HIGHWAYS,ROADS & HIGHWAYS,GUJARAT,NHAI,1181.34,923.85,87.12,2023-01-03,2025-01-03,0.0,-10.309999999999944
MINISTRY OF HOUSING & URBAN AFFAIRS,URBAN PUBLIC TRANSPORT,MADHYA PRADESH,MADHYA PRADESH METRO RAIL CO LIMITED [MPMRCL],6941.4,4362.43,62.5,2018-01-11,2022-01-11,-0.2000000000000028,-136.32999999999993
MINISTRY OF HOUSING & URBAN AFFAIRS,URBAN PUBLIC TRANSPORT,MADHYA PRADESH,MADHYA PRADESH METRO RAIL CO LIMITED [MPMRCL],7500.8,5044.0,65.19,2018-01-11,2022-01-11,-0.2900000000000062,-49.94999999999982
"DEPARTMENT OF WATER RESOURCES, RIVER DEVELOPMENT & GR",WATER RESOURCES,ASSAM,"DEPARTMENT OF WATER RESOURCES, RIVER DEVELOPMENT & GR",256.16,44.7,55.44,1996-12-01,2022-01-12,0.0,0.0
MINISTRY OF ROAD TRANSPORT & HIGHWAYS,ROADS & HIGHWAYS,TAMIL NADU,NHAI,1499.12,1111.8,100.0,2019-01-04,2021-01-04,0.0,-0.1000000000001364
MINISTRY OF HOUSING & URBAN AFFAIRS,URBAN PUBLIC TRANSPORT,BIHAR,PATNA METRO RAIL CORPORATION LTD. [PMRCL],13365.77,5198.09,50.05,2019-01-02,2024-01-02,0.0,0.0
MINISTRY OF ROAD TRANSPORT & HIGHWAYS,ROADS & HIGHWAYS,GUJARAT,NHAI,764.02,79.56,7.59,2025-01-11,2027-01-11,-2.49,-2.819999999999993
MINISTRY OF ROAD TRANSPORT & HIGHWAYS,ROADS & HIGHWAYS,TAMIL NADU,NHAI,1163.17,235.05,33.64,2025-01-06,2027-01-06,-3.979999999999997,-29.079999999999984
MINISTRY OF HOUSING & URBAN AFFAIRS,URBAN PUBLIC TRANSPORT,UTTAR PRADESH,UTTAR PRADESH METRO RAIL CORPORATION [UPMRC],11076.48,9131.15,82.5,2019-01-11,2024-01-05,-0.5,-332.0
MINISTRY OF PETROLEUM & NATURAL GAS,ENERGY STORAGE,"MULTI-STATES (ASSAM, BIHAR, JHARKHAND, ODISHA, WEST BENGAL)",MINISTRY OF PETROLEUM & NATURAL GAS,10228.0,11036.0,92.9,2019-01-01,2024-01-07,-0.2999999999999971,-132.48999999999978
MINISTRY OF HOUSING & URBAN AFFAIRS,URBAN PUBLIC TRANSPORT,UTTAR PRADESH,UTTAR PRADESH METRO RAIL CORPORATION [UPMRC],8379.62,6081.28,72.5,2020-01-12,2024-01-05,-0.5,-287.0
MINISTRY OF PETROLEUM & NATURAL GAS,OIL & GAS,"MULTI-STATES (ARUNACHAL PRADESH, ASSAM, MANIPUR, MEGHALAYA, MIZORAM, NAGALAND, SIKKIM, TRIPURA, WEST BENGAL)",MINISTRY OF PETROLEUM & NATURAL GAS,9265.0,6900.0,88.0,2020-01-04,2024-01-03,-0.2000000000000028,-108.0
MINISTRY OF ROAD TRANSPORT & HIGHWAYS,ROADS & HIGHWAYS,KARNATAKA,NHAI,1386.41,1213.06,76.1,2022-01-10,2024-01-10,0.0,-38.62000000000012
MINISTRY OF HOUSING & URBAN AFFAIRS,URBAN PUBLIC TRANSPORT,GUJARAT,GUJARAT METRO RAIL CORPORATION LIMITED [GMRCL],12020.32,9166.71,81.10000000000001,2019-01-03,2024-01-03,-0.799999999999983,-165.5
MINISTRY OF HOUSING & URBAN AFFAIRS,URBAN PUBLIC TRANSPORT,DELHI,DELHI METRO RAIL CORPORATION LIMITED [DMRC],24948.65,21041.39,82.19999999999999,2019-01-07,2025-01-03,-1.260000000000019,-379.369999999999
MINISTRY OF ROAD TRANSPORT & HIGHWAYS,ROADS & HIGHWAYS,TAMIL NADU,NHAI,1319.42,649.69,92.49,2021-01-01,2023-01-01,-1.1099999999999994,-0.1399999999999863
MINISTRY OF PETROLEUM & NATURAL GAS,OIL & GAS,"MULTI-STATES (ODISHA, WEST BENGAL)",MINISTRY OF PETROLEUM & NATURAL GAS,1030.65,924.4,94.3,2020-01-03,2022-01-11,-0.1000000000000085,-3.0
MINISTRY OF ROAD TRANSPORT & HIGHWAYS,ROADS & HIGHWAYS,MADHYA PRADESH,NHAI,1430.56,662.12,17.5,2026-01-02,2028-01-02,0.0,-0.8099999999999454
MINISTRY OF HOUSING & URBAN AFFAIRS,URBAN PUBLIC TRANSPORT,KARNATAKA,BENGALURU METRO RAIL,26405.14,29812.97,95.6,2016-01-02,2021-01-03,-0.2000000000000028,-22.0
MINISTRY OF PETROLEUM & NATURAL GAS,ENERGY STORAGE,"MULTI-STATES (ANDHRA PRADESH, ODISHA)",MINISTRY OF PETROLEUM & NATURAL GAS,2658.34,2315.2,98.1,2019-01-09,2022-01-07,,
MINISTRY OF ROAD TRANSPORT & HIGHWAYS,ROADS & HIGHWAYS,TAMIL NADU,NHAI,1772.13,1061.26,95.52,2020-01-12,2022-01-12,-2.1300000000000097,-1.410000000000082
MINISTRY OF HOUSING & URBAN AFFAIRS,URBAN PUBLIC TRANSPORT,MAHARASHTRA,MUMBAI METRO RAIL CORPORATION LIMITED [MMRC],23136.0,33648.26,97.86,2016-01-06,2023-01-03,-1.3499999999999943,-2311.709999999999
MINISTRY OF ROAD TRANSPORT & HIGHWAYS,ROADS & HIGHWAYS,UTTAR PRADESH,NHAI,2966.63,3453.91,97.35,2017-01-04,2019-01-10,0.0,-1.2400000000002365
MINISTRY OF POWER,ELECTRICITY GENERATION,ARUNACHAL PRADESH,THDC INDIA LIMITED,14105.83,188.62,0.0,2026-01-04,2032-10-01,0.0,-1.0600000000000025
MINISTRY OF RAILWAYS,RAILWAYS,GUJARAT,WESTERN RAILWAY [WR] - II,483.88,723.52,45.0,2017-01-01,2021-01-03,11.0,-92.73000000000002
MINISTRY OF RAILWAYS,RAILWAYS,KARNATAKA,SOUTH WESTERN RAILWAY [SWR] - II,1382.78,0.0,0.0,2026-01-07,2031-01-12,,
MINISTRY OF ROAD TRANSPORT & HIGHWAYS,ROADS & HIGHWAYS,ANDHRA PRADESH,NHAI,977.33,127.79,6.3,2026-01-02,2028-01-02,-0.8999999999999995,-27.719999999999985
MINISTRY OF ROAD TRANSPORT & HIGHWAYS,ROADS & HIGHWAYS,ODISHA,NHAI,991.41,1083.76,99.66,2018-01-03,2020-01-09,0.0,-0.0399999999999636
MINISTRY OF RAILWAYS,RAILWAYS,"MULTI-STATES (DADRA & NAGAR HAVELI AND DAMAN & DIU, GUJARAT, MAHARASHTRA)",NATIONAL HIGH SPEED RAIL CORPORATION [NHSRC],108000.0,90966.89,60.870000000000005,2017-01-09,2027-01-08,-1.289999999999992,0.0
MINISTRY OF RAILWAYS,RAILWAYS,WEST BENGAL,RVNL - II,4835.0,5098.73,51.0,2010-01-04,2026-01-12,,
MINISTRY OF ROAD TRANSPORT & HIGHWAYS,ROADS & HIGHWAYS,KARNATAKA,NHAI,688.0,600.43,82.34,2021-01-01,2023-01-01,0.0,0.0
MINISTRY OF ROAD TRANSPORT & HIGHWAYS,ROADS & HIGHWAYS,HIMACHAL PRADESH,NHAI,1703.48,1139.72,63.13999999999999,2023-01-04,2026-01-04,-1.0600000000000094,-42.88999999999987
MINISTRY OF ROAD TRANSPORT & HIGHWAYS,ROADS & HIGHWAYS,WEST BENGAL,MORTH,560.79,0.03,5.5,2025-01-12,2027-01-12,-2.5,-0.28
MINISTRY OF RAILWAYS,RAILWAYS,MAHARASHTRA,CENTRAL RAILWAY,904.92,1277.63,22.0,2023-01-12,2027-01-03,0.0,74.90000000000009
MINISTRY OF ROAD TRANSPORT & HIGHWAYS,ROADS & HIGHWAYS,ANDHRA PRADESH,NHAI,645.63,680.06,92.1,2023-01-08,2025-01-08,-0.9000000000000057,-0.0300000000000864
MINISTRY OF RAILWAYS,RAILWAYS,ODISHA,EAST COAST RAILWAY [ECOR] - II,748.0,15.91,2.13,2023-01-04,2028-01-07,1.13,-0.0199999999999995
MINISTRY OF ROAD TRANSPORT & HIGHWAYS,ROADS & HIGHWAYS,ODISHA,NHAI,791.17,733.58,99.95,2022-01-03,2024-01-03,-0.039999999999992,-0.0299999999999727
MINISTRY OF RAILWAYS,RAILWAYS,"MULTI-STATES (JHARKHAND, WEST BENGAL)",RVNL - I,3250.0,3294.29,98.0,2018-01-01,2025-01-03,0.0,-3.1399999999998727
MINISTRY OF ROAD TRANSPORT & HIGHWAYS,ROADS & HIGHWAYS,TAMIL NADU,NHAI,1388.59,268.23,22.8,2023-01-11,2026-01-05,0.0,-6.96999999999997
MINISTRY OF ROAD TRANSPORT & HIGHWAYS,ROADS & HIGHWAYS,"MULTI-STATES (ANDHRA PRADESH, TELANGANA)",NHAI,1227.57,528.05,68.53,2023-01-01,2025-01-01,-2.069999999999993,-11.120000000000005
MINISTRY OF RAILWAYS,RAILWAYS,RAJASTHAN,NORTH WESTERN RAILWAY [NWR],819.48,405.39,95.0,2019-01-04,2026-01-11,0.0,79.19
MINISTRY OF ROAD TRANSPORT & HIGHWAYS,ROADS & HIGHWAYS,TAMIL NADU,NHAI,1616.97,239.48,18.13,2023-01-11,2026-01-05,0.0,-10.920000000000016
MINISTRY OF ROAD TRANSPORT & HIGHWAYS,ROADS & HIGHWAYS,KARNATAKA,NHAI,2104.7,983.95,73.9,2023-01-04,2025-01-10,0.0,-0.3299999999999272
MINISTRY OF RAILWAYS,RAILWAYS,KARNATAKA,SOUTH WESTERN RAILWAY [SWR] - II,1454.0,102.64,13.900000000000002,2023-01-02,2027-01-12,-0.0999999999999996,-3.5400000000000063
MINISTRY OF RAILWAYS,RAILWAYS,KARNATAKA,CAOC/SWR SWR MOR,748.86,3.64,0.0,2022-01-09,2027-01-04,,
MINISTRY OF ROAD TRANSPORT & HIGHWAYS,ROADS & HIGHWAYS,KARNATAKA,NHAI,456.79,471.29,94.98,2020-01-12,2022-01-12,-0.25,0.1700000000000159
MINISTRY OF RAILWAYS,RAILWAYS,MADHYA PRADESH,RVNL - II,7474.0,2879.62,41.0,2020-01-10,2030-01-09,,
MINISTRY OF ROAD TRANSPORT & HIGHWAYS,ROADS & HIGHWAYS,MAHARASHTRA,NHAI,1411.71,1471.41,97.4,2021-01-09,2023-01-09,0.0,-2.869999999999891
MINISTRY OF RAILWAYS,RAILWAYS,JHARKHAND,EAST CENTRAL RAILWAY [ECR] - I,902.86,0.0,0.1,2019-01-03,2024-01-03,,
MINISTRY OF ROAD TRANSPORT & HIGHWAYS,ROADS & HIGHWAYS,HIMACHAL PRADESH,NHAI,881.74,1345.12,90.11,2018-01-11,2021-01-05,0.0,-2.6700000000000728
MINISTRY OF ROAD TRANSPORT & HIGHWAYS,ROADS & HIGHWAYS,"MULTI-STATES (HARYANA, PUNJAB)",NHAI,1491.72,724.49,79.56,2023-01-05,2025-01-05,-1.769999999999996,-67.42999999999995
MINISTRY OF RAILWAYS,RAILWAYS,"MULTI-STATES (MADHYA PRADESH, RAJASTHAN, UTTAR PRADESH)",RVNL - II,5961.0,5195.18,96.71,2018-01-03,2024-01-12,2.7099999999999937,-530.04
MINISTRY OF ROAD TRANSPORT & HIGHWAYS,ROADS & HIGHWAYS,TELANGANA,NHAI,1129.33,209.45,8.05,2025-01-06,2027-01-06,-0.9899999999999984,-1.0
MINISTRY OF RAILWAYS,RAILWAYS,ANDHRA PRADESH,SOUTH CENTRAL RAILWAY [SCR] - II,3733.0,5552.65,94.05,2017-01-11,2025-01-12,,
MINISTRY OF RAILWAYS,RAILWAYS,ASSAM,NORTHEAST FRONTIER RAILWAY [NFR],3633.58,0.0,0.0,2025-01-09,2029-01-06,,
MINISTRY OF RAILWAYS,RAILWAYS,"MULTI-STATES (KERALA, TAMIL NADU)",SOUTHERN RAILWAY [SR] - I,1432.0,3213.64,57.99999999999999,2016-01-03,2025-01-03,-1.000000000000007,-45.32999999999993
MINISTRY OF ROAD TRANSPORT & HIGHWAYS,ROADS & HIGHWAYS,TELANGANA,NHAI,1183.71,163.15,5.0,2025-01-10,2027-01-10,-0.6299999999999999,-46.56999999999999
MINISTRY OF ROAD TRANSPORT & HIGHWAYS,ROADS & HIGHWAYS,KARNATAKA,NHAI,1444.5,872.92,98.0,2021-01-03,2023-01-03,0.0,-0.0500000000000682
MINISTRY OF RAILWAYS,RAILWAYS,KERALA,MINISTRY OF RAILWAYS,813.0,151.83,35.0,2023-01-04,2027-01-03,5.0,-243.2
MINISTRY OF COAL,ELECTRICITY GENERATION,GUJARAT,NLC INDIA LIMITED [NLCIL],1221.41,66.07,0.0,2024-01-03,2026-01-12,0.0,-5.440000000000012
MINISTRY OF ROAD TRANSPORT & HIGHWAYS,ROADS & HIGHWAYS,PUNJAB,NHAI,1003.38,792.5,80.7,2023-01-06,2025-01-06,-0.2000000000000028,-8.360000000000014
MINISTRY OF RAILWAYS,RAILWAYS,KERALA,SR-ERS,601.0,313.97,28.000000000000004,2023-01-04,2028-01-03,3.000000000000004,1.3400000000000318
MINISTRY OF ROAD TRANSPORT & HIGHWAYS,ROADS & HIGHWAYS,KARNATAKA,NHAI,1505.85,1297.99,99.98,2019-01-10,2021-01-10,0.0,-0.7899999999999636
MINISTRY OF RAILWAYS,RAILWAYS,ANDHRA PRADESH,RVNL - II,6654.0,6213.64,96.0,2018-01-04,2024-01-11,,
MINISTRY OF RAILWAYS,RAILWAYS,"MULTI-STATES (GOA, KARNATAKA)",RVNL - II,5060.0,5511.03,86.14,2012-01-07,2027-01-03,,
MINISTRY OF ROAD TRANSPORT & HIGHWAYS,ROADS & HIGHWAYS,PUNJAB,NHAI,809.51,669.72,67.80000000000001,2023-01-06,2025-01-06,-0.3999999999999915,-1.1299999999999957
MINISTRY OF ROAD TRANSPORT & HIGHWAYS,ROADS & HIGHWAYS,KARNATAKA,NHAI,1364.14,1336.5,100.0,2019-01-10,2021-01-10,0.0,-0.0499999999999545
MINISTRY OF RAILWAYS,RAILWAYS,MADHYA PRADESH,WEST CENTRAL RAILWAY [WCR] - II,500.0,573.8,88.0,2017-01-08,2026-01-03,0.0,-44.3900000000001
MINISTRY OF ROAD TRANSPORT & HIGHWAYS,ROADS & HIGHWAYS,WEST BENGAL,NHAI,1212.56,428.26,39.98,2024-01-06,2026-01-12,-0.0100000000000051,-4.920000000000016
MINISTRY OF RAILWAYS,RAILWAYS,MADHYA PRADESH,INDIAN RAILWAY CONSTRUCTION INTERNATIONAL LIMITED [IRCON],2445.0,3368.46,81.25,2017-01-03,2025-01-12,,
MINISTRY OF RAILWAYS,RAILWAYS,MADHYA PRADESH,INDIAN RAILWAY CONSTRUCTION INTERNATIONAL LIMITED [IRCON],1248.0,1850.38,95.0,2017-01-09,2024-01-09,11.0,10.920000000000073
MINISTRY OF ROAD TRANSPORT & HIGHWAYS,ROADS & HIGHWAYS,ANDHRA PRADESH,NHAI,609.43,552.88,81.81,2023-01-09,2025-01-09,-2.219999999999999,-26.340000000000032
MINISTRY OF RAILWAYS,RAILWAYS,ODISHA,INDIAN RAILWAY,2864.51,1.06,0.0,2025-01-08,2030-01-08,,
MINISTRY OF RAILWAYS,RAILWAYS,KARNATAKA,SOUTH WESTERN RAILWAY [SWR] - II,493.0,337.37,85.9,2022-01-06,2026-01-02,15.900000000000006,-122.57
MINISTRY OF ROAD TRANSPORT & HIGHWAYS,ROADS & HIGHWAYS,ANDHRA PRADESH,NHAI,685.99,478.52,79.0,2024-01-02,2026-01-02,0.0,-15.400000000000034
MINISTRY OF ROAD TRANSPORT & HIGHWAYS,ROADS & HIGHWAYS,UTTAR PRADESH,NHAI,2555.5,1326.61,89.0,2023-01-03,2025-01-03,0.0,-1.610000000000127
MINISTRY OF RAILWAYS,RAILWAYS,"MULTI-STATES (MADHYA PRADESH, RAJASTHAN)",WESTERN RAILWAY [WR] - II,495.0,294.57,60.0,2021-01-09,2026-01-03,0.0,-282.59
MINISTRY OF RAILWAYS,RAILWAYS,JHARKHAND,EAST CENTRAL RAILWAY [ECR] - I,686.0,634.71,66.7,2018-01-01,2026-01-03,1.7000000000000028,103.08000000000004
MINISTRY OF RAILWAYS,RAILWAYS,RAJASTHAN,NORTH WESTERN RAILWAY [NWR],1203.89,240.33,19.0,2023-01-04,2027-01-03,0.0,33.22
MINISTRY OF ROAD TRANSPORT & HIGHWAYS,ROADS & HIGHWAYS,BIHAR,NHAI,1422.37,623.75,46.1,2024-01-10,2027-01-04,-2.8999999999999986,-12.159999999999968
MINISTRY OF RAILWAYS,RAILWAYS,UTTAR PRADESH,NORTH CENTRAL RAILWAY,1457.0,400.19,36.0,2021-01-02,2026-01-10,,
MINISTRY OF ROAD TRANSPORT & HIGHWAYS,ROADS & HIGHWAYS,HARYANA,NHAI,927.22,544.51,87.05000000000001,2023-01-06,2025-01-05,0.0,-6.139999999999986
MINISTRY OF RAILWAYS,RAILWAYS,RAJASTHAN,CAO/C/NCR,1390.0,529.92,56.00000000000001,2021-01-02,2027-01-06,0.0,0.0
MINISTRY OF ROAD TRANSPORT & HIGHWAYS,ROADS & HIGHWAYS,HARYANA,NHAI,1741.45,831.11,96.42,2023-01-08,2025-01-08,-0.2399999999999948,-3.42999999999995
MINISTRY OF RAILWAYS,RAILWAYS,MADHYA PRADESH,WESTERN RAILWAY [WR] - II,1095.88,1284.91,100.0,2021-01-10,2027-01-10,0.0,-203.27
MINISTRY OF ROAD TRANSPORT & HIGHWAYS,ROADS & HIGHWAYS,GUJARAT,NHAI,1373.06,837.7,96.0,2023-01-01,2025-01-06,0.0,-0.1499999999999772
MINISTRY OF RAILWAYS,RAILWAYS,KARNATAKA,KARNATAKA RAIL INFRASTRUCTURE DEVELOPMENT COMPANY LIMITED [K-RIDE],15767.0,3277.99,20.02,2020-01-10,2026-01-12,0.0,0.0
MINISTRY OF HOUSING & URBAN AFFAIRS,URBAN PUBLIC TRANSPORT,HARYANA,GURUGRAM METRO RAIL LIMITED [GMRL],5452.72,159.67,4.3,2024-01-08,2027-01-07,-5.750000000000001,-33.650000000000006
MINISTRY OF ROAD TRANSPORT & HIGHWAYS,ROADS & HIGHWAYS,PUNJAB,NHAI,1641.75,1345.26,33.58,2022-01-11,2024-01-10,-0.2700000000000031,-18.94000000000005
MINISTRY OF ROAD TRANSPORT & HIGHWAYS,ROADS & HIGHWAYS,PUNJAB,NHAI,1196.38,535.6,20.03,2025-01-03,2027-01-03,0.0,-20.629999999999995
MINISTRY OF CIVIL AVIATION,AVIATION & AVIATION INFRASTRUCTURE,MANIPUR,AIRPORT AUTHORITY OF INDIA [AAI],499.0,206.83,52.64,2022-01-07,2024-01-07,-0.5,-5.339999999999975
MINISTRY OF CIVIL AVIATION,AVIATION & AVIATION INFRASTRUCTURE,ASSAM,ADANI AIRPORT HOLDINGS LIMITED,1712.0,2660.15,99.3,2018-01-03,2025-01-03,-0.2000000000000028,-10.079999999999927
MINISTRY OF ROAD TRANSPORT & HIGHWAYS,ROADS & HIGHWAYS,"MULTI-STATES (ANDHRA PRADESH, KARNATAKA)",NHAI,1410.01,736.08,99.05,2022-01-10,2024-01-10,-0.1500000000000056,-8.339999999999918
MINISTRY OF ROAD TRANSPORT & HIGHWAYS,ROADS & HIGHWAYS,PUNJAB,NHAI,1501.02,1158.7,79.86,2023-01-02,2025-01-02,-0.3900000000000005,-3.819999999999936
MINISTRY OF RAILWAYS,RAILWAYS,GUJARAT,WESTERN RAILWAY WR - II,262.0,387.82,64.0,2008-01-04,2025-01-03,,
MINISTRY OF POWER,TRANSMISSION & DISTRIBUTION,MADHYA PRADESH,ADANI TRANSMISSION LIMITED,3125.32,317.79,18.0,2025-01-03,2027-01-04,-12.0,-224.99999999999997
MINISTRY OF RAILWAYS,RAILWAYS,BIHAR,INDIAN RAILWAY CONSTRUCTION INTERNATIONAL LIMITED [IRCON],2373.64,1581.96,98.5,2017-01-05,2024-01-12,3.5,-446.22
MINISTRY OF ROAD TRANSPORT & HIGHWAYS,ROADS & HIGHWAYS,MAHARASHTRA,NHAI,1711.38,979.41,99.38,2022-01-03,2024-01-03,-0.4900000000000091,-0.0099999999999909
MINISTRY OF RAILWAYS,RAILWAYS,GUJARAT,WESTERN RAILWAY WR - II,1080.58,969.78,82.0,2021-01-12,2026-01-10,-8.0,-137.97000000000003
MINISTRY OF POWER,TRANSMISSION & DISTRIBUTION,"MULTI-STATES (MADHYA PRADESH, RAJASTHAN, UTTAR PRADESH)",ADANI TRANSMISSION LIMITED,25000.0,426.05,4.0,2025-01-01,2029-01-07,-6.0,-308.99999999999994
MINISTRY OF ROAD TRANSPORT & HIGHWAYS,ROADS & HIGHWAYS,"MULTI-STATES (UTTAR PRADESH, UTTARAKHAND)",NHAI,1471.19,456.76,42.88,2024-01-03,2026-01-03,-1.529999999999994,-13.350000000000025
MINISTRY OF RAILWAYS,RAILWAYS,MAHARASHTRA,MRIDC,1400.0,1472.0,80.0,2020-01-04,2025-01-12,,
MINISTRY OF RAILWAYS,RAILWAYS,"MULTI-STATES (ANDHRA PRADESH, TELANGANA)",SOUTH CENTRAL RAILWAY [SCR] - II,647.0,1249.39,93.6,2016-01-04,2025-01-01,3.5999999999999943,543.7300000000001
MINISTRY OF ROAD TRANSPORT & HIGHWAYS,ROADS & HIGHWAYS,DELHI,NHAI,2144.67,3329.23,98.8,2020-01-09,2022-01-09,0.0,-182.94000000000003
MINISTRY OF ROAD TRANSPORT & HIGHWAYS,ROADS & HIGHWAYS,KERALA,NHAI,3635.64,2124.09,44.34,2022-01-07,2025-01-01,0.0,-0.0399999999999636
MINISTRY OF RAILWAYS,RAILWAYS,UTTAR PRADESH,NORTH CENTRAL RAILWAY,304.44,283.67,86.0,2017-01-11,2024-01-12,1.0,-3.4399999999999977
MINISTRY OF RAILWAYS,RAILWAYS,UTTAR PRADESH,NORTH CENTRAL RAILWAY,494.0,410.3,80.0,2020-01-10,2026-01-03,,
MINISTRY OF ROAD TRANSPORT & HIGHWAYS,ROADS & HIGHWAYS,RAJASTHAN,NHAI,828.58,694.47,100.0,2019-01-04,2021-01-04,0.0,-61.40999999999997
MINISTRY OF ROAD TRANSPORT & HIGHWAYS,ROADS & HIGHWAYS,KERALA,NHAI,2641.37,1990.7,81.8,2022-01-10,2025-01-03,0.0,-0.0099999999999909
MINISTRY OF RAILWAYS,RAILWAYS,UTTAR PRADESH,NORTH CENTRAL RAILWAY,2649.0,2024.65,74.0,2016-01-03,2026-01-12,-3.0,-2.990000000000009
MINISTRY OF ROAD TRANSPORT & HIGHWAYS,ROADS & HIGHWAYS,TELANGANA,MORTH,690.33,0.0,0.0,2026-01-05,2028-01-04,0.0,0.0
MINISTRY OF ROAD TRANSPORT & HIGHWAYS,ROADS & HIGHWAYS,PUNJAB,NHAI,1474.77,1222.73,82.3,2022-01-08,2024-01-08,-0.5799999999999983,0.0599999999999454
MINISTRY OF ROAD TRANSPORT & HIGHWAYS,ROADS & HIGHWAYS,KERALA,NHAI,3041.65,2526.41,86.65,2021-01-10,2024-01-01,0.0,-0.0399999999999636
MINISTRY OF RAILWAYS,RAILWAYS,UTTAR PRADESH,CAO/C/NCR,758.0,511.12,83.0,2020-01-09,2025-01-01,-4.0,115.88
MINISTRY OF ROAD TRANSPORT & HIGHWAYS,ROADS & HIGHWAYS,"MULTI-STATES (KARNATAKA, KERALA)",NHAI,1981.07,1699.07,100.0,2021-01-11,2024-01-05,0.0,-2.259999999999991
MINISTRY OF RAILWAYS,RAILWAYS,UTTAR PRADESH,NORTH CENTRAL RAILWAY [NCR] - II,250.18,163.27,9.0,2021-01-04,2026-01-02,-2.0,16.420000000000016
MINISTRY OF ROAD TRANSPORT & HIGHWAYS,ROADS & HIGHWAYS,PUNJAB,NHAI,524.88,394.14,96.0,2022-01-03,2023-01-09,0.0,-1.3400000000000318
MINISTRY OF ROAD TRANSPORT & HIGHWAYS,ROADS & HIGHWAYS,MIZORAM,NHIDCL,500.88,442.08,99.52,2023-01-11,2025-01-05,0.0,-1.5300000000000296
MINISTRY OF RAILWAYS,RAILWAYS,UTTAR PRADESH,RVNL - I,2529.0,2171.72,96.7,2017-01-03,2024-01-12,2.700000000000003,-123.58000000000038
MINISTRY OF ROAD TRANSPORT & HIGHWAYS,ROADS & HIGHWAYS,MAHARASHTRA,NHAI,372.03,0.0,1.0,2026-01-04,2027-01-10,0.0,-1.5
MINISTRY OF ROAD TRANSPORT & HIGHWAYS,ROADS & HIGHWAYS,PUNJAB,NHAI,1409.88,881.3,67.0,2024-01-04,2026-01-04,0.0,-32.59000000000003
MINISTRY OF RAILWAYS,RAILWAYS,UTTAR PRADESH,MINISTRY OF RAILWAYS,407.0,417.22,78.0,2017-01-04,2025-01-03,1.0,-26.889999999999983
MINISTRY OF RAILWAYS,RAILWAYS,PUNJAB,RAILWAY,237.64,137.05,56.99999999999999,2022-01-12,2025-01-03,-13.000000000000009,28.560000000000016
MINISTRY OF ROAD TRANSPORT & HIGHWAYS,ROADS & HIGHWAYS,HARYANA,NHAI,1330.23,455.02,99.5,2023-01-12,2025-01-12,0.0,-0.8400000000000318
MINISTRY OF ROAD TRANSPORT & HIGHWAYS,ROADS & HIGHWAYS,ASSAM,NHIDCL,508.76,111.01,73.88,2024-01-10,2026-01-01,0.0,-0.1700000000000017
MINISTRY OF RAILWAYS,RAILWAYS,JHARKHAND,SOUTH EASTERN RAILWAY [SER] - I,473.0,349.31,10.0,2019-01-03,2026-01-06,-4.000000000000002,4.810000000000002
MINISTRY OF ROAD TRANSPORT & HIGHWAYS,ROADS & HIGHWAYS,MAHARASHTRA,NHAI,1252.92,491.81,80.78,2019-01-01,2021-01-07,-6.219999999999999,-0.0500000000000113
MINISTRY OF ROAD TRANSPORT & HIGHWAYS,ROADS & HIGHWAYS,TAMIL NADU,NHAI,467.99,594.43,97.92,2022-01-09,2024-01-09,0.0,-0.650000000000091
MINISTRY OF HOUSING & URBAN AFFAIRS,URBAN PUBLIC TRANSPORT,MAHARASHTRA,MAHARASHTRA METRO RAIL CORPORATION LIMITED [MMRCL],9857.85,7.41,1.3,2025-01-12,2030-01-12,-0.2099999999999999,-1.209999999999999
MINISTRY OF ROAD TRANSPORT & HIGHWAYS,ROADS & HIGHWAYS,TELANGANA,NHAI,1127.9,160.54,10.23,2024-01-12,2026-01-12,-1.049999999999999,-1.1299999999999957
MINISTRY OF ROAD TRANSPORT & HIGHWAYS,ROADS & HIGHWAYS,MAHARASHTRA,NHAI,1039.0,0.0,0.0,2026-01-06,2029-01-06,0.0,-0.06
MINISTRY OF ROAD TRANSPORT & HIGHWAYS,ROADS & HIGHWAYS,RAJASTHAN,NHAI,736.75,470.4,100.0,2022-01-08,2024-01-08,0.0,6.419999999999959
MINISTRY OF RAILWAYS,RAILWAYS,MAHARASHTRA,CENTRAL RAILWAYS,3445.34,4053.03,47.0,2013-01-04,2026-01-12,0.0,0.0
MINISTRY OF ROAD TRANSPORT & HIGHWAYS,ROADS & HIGHWAYS,MADHYA PRADESH,NHAI,1123.17,141.71,20.09,2025-01-08,2027-01-08,-1.5199999999999996,-31.889999999999983
MINISTRY OF ROAD TRANSPORT & HIGHWAYS,ROADS & HIGHWAYS,MAHARASHTRA,NHAI,1939.23,1078.85,67.57,2023-01-05,2025-01-05,-1.3800000000000097,-0.3200000000001637
MINISTRY OF RAILWAYS,RAILWAYS,MAHARASHTRA,CENTRAL RAILWAY,792.89,1088.38,73.0,2015-01-09,2026-01-12,0.0,-71.43999999999983
MINISTRY OF ROAD TRANSPORT & HIGHWAYS,ROADS & HIGHWAYS,UTTARAKHAND,NHAI,742.43,12.47,0.0,2025-01-12,2027-01-11,0.0,-0.879999999999999
MINISTRY OF RAILWAYS,RAILWAYS,MAHARASHTRA,CENTRAL RAILWAY [CR] - II,540.02,842.78,88.0,2016-01-05,2025-01-12,0.0,6.509999999999991
MINISTRY OF ROAD TRANSPORT & HIGHWAYS,ROADS & HIGHWAYS,MAHARASHTRA,NHAI,1985.38,1235.29,79.97999999999999,2023-01-05,2025-01-05,-1.5900000000000034,-4.240000000000009
MINISTRY OF RAILWAYS,RAILWAYS,MAHARASHTRA,CENTRAL RAILWAY [CR] - II,1384.72,1841.71,86.0,2016-01-12,2025-01-12,0.0,-52.99000000000001
MINISTRY OF RAILWAYS,RAILWAYS,MAHARASHTRA,CENTRAL RAILWAY,2081.27,3111.8,92.0,2017-01-03,2025-01-12,-3.0,-79.75999999999976
MINISTRY OF ROAD TRANSPORT & HIGHWAYS,ROADS & HIGHWAYS,GUJARAT,NHAI,894.01,730.04,98.79,2018-01-02,2020-01-07,,
MINISTRY OF RAILWAYS,RAILWAYS,MAHARASHTRA,CENTRAL RAILWAY [CR] - II,637.95,1061.23,88.0,2018-01-05,2025-01-12,0.0,-29.25999999999999
MINISTRY OF ROAD TRANSPORT & HIGHWAYS,ROADS & HIGHWAYS,JHARKHAND,NHAI,1274.82,231.62,9.66,2026-01-01,2028-01-01,-1.4399999999999995,-22.019999999999985
MINISTRY OF ROAD TRANSPORT & HIGHWAYS,ROADS & HIGHWAYS,UTTAR PRADESH,NHAI,1428.19,1394.44,99.24,2022-01-09,2024-01-09,0.0,-0.1900000000000545
MINISTRY OF RAILWAYS,RAILWAYS,MAHARASHTRA,CENTRAL RAILWAY [CR] - II,1035.16,1843.54,100.0,2018-01-04,2024-01-12,0.0,0.0
MINISTRY OF ROAD TRANSPORT & HIGHWAYS,ROADS & HIGHWAYS,UTTARAKHAND,NHAI,1092.9,736.71,93.9,2023-01-02,2025-01-02,0.0,-2.419999999999959
MINISTRY OF ROAD TRANSPORT & HIGHWAYS,ROADS & HIGHWAYS,JHARKHAND,NHAI,1436.8,419.61,27.9,2024-01-10,2026-01-10,-1.3000000000000007,-0.0099999999999909
MINISTRY OF RAILWAYS,RAILWAYS,"MULTI-STATES (MADHYA PRADESH, MAHARASHTRA)",CENTRAL RAILWAY [CR] - II,2449.91,2195.77,55.00000000000001,2016-01-09,2027-01-03,0.0,-94.34999999999992
MINISTRY OF ROAD TRANSPORT & HIGHWAYS,ROADS & HIGHWAYS,"MULTI-STATES (HIMACHAL PRADESH, UTTARAKHAND)",NHAI,524.54,319.77,94.25,2023-01-05,2025-01-05,,
MINISTRY OF RAILWAYS,RAILWAYS,ODISHA,EAST COAST RAILWAY [ECOR] - II,1284.0,1379.6,95.8,2015-01-04,2024-01-11,8.799999999999997,-16.180000000000064
MINISTRY OF RAILWAYS,RAILWAYS,KARNATAKA,SOUTH WESTERN RAILWAY [SWR] - II,1876.0,602.36,16.0,2017-01-01,2019-01-03,-6.0,-74.35000000000002
MINISTRY OF ROAD TRANSPORT & HIGHWAYS,ROADS & HIGHWAYS,JHARKHAND,NHAI,1517.87,1103.0,76.95,2023-01-11,2025-01-11,0.0,-28.519999999999985
MINISTRY OF ROAD TRANSPORT & HIGHWAYS,ROADS & HIGHWAYS,MAHARASHTRA,NHAI,357.99,0.0,0.0,2026-01-06,2028-01-06,0.0,-0.08
MINISTRY OF ROAD TRANSPORT & HIGHWAYS,ROADS & HIGHWAYS,BIHAR,NHAI,664.02,813.98,97.72,2016-01-10,2019-01-04,-0.0100000000000051,-0.2400000000000091
MINISTRY OF ROAD TRANSPORT & HIGHWAYS,ROADS & HIGHWAYS,"MULTI-STATES (PUDUCHERRY, TAMIL NADU)",NHAI,2899.77,1593.32,85.0,2020-01-10,2022-01-10,-0.5999999999999943,-2.0499999999999545
MINISTRY OF ROAD TRANSPORT & HIGHWAYS,ROADS & HIGHWAYS,UTTAR PRADESH,NHAI,836.24,811.84,98.92,2021-01-10,2023-01-10,0.0,-0.0199999999999818
MINISTRY OF RAILWAYS,RAILWAYS,MAHARASHTRA,SOUTH EAST CENTRAL RAILWAY,1886.0,846.22,68.0,2012-01-03,2027-01-03,-1.0,-169.24
MINISTRY OF ROAD TRANSPORT & HIGHWAYS,ROADS & HIGHWAYS,TAMIL NADU,NHAI,2565.63,1207.03,99.8,2022-01-01,2024-01-01,0.0,-3.1700000000000728
MINISTRY OF ROAD TRANSPORT & HIGHWAYS,ROADS & HIGHWAYS,UTTAR PRADESH,NHAI,1377.51,447.26,44.64,2023-01-12,2026-01-06,0.0,-1.7300000000000182
MINISTRY OF RAILWAYS,RAILWAYS,MADHYA PRADESH,NORTH CENTRAL RAILWAY,8914.0,6889.55,74.0,1998-03-01,2027-01-03,1.0,266.7300000000005
MINISTRY OF ROAD TRANSPORT & HIGHWAYS,ROADS & HIGHWAYS,"MULTI-STATES (BIHAR, JHARKHAND)",NHAI,1376.56,893.28,92.0,2022-01-08,2024-01-08,-0.7399999999999949,-0.0600000000000591
MINISTRY OF ROAD TRANSPORT & HIGHWAYS,ROADS & HIGHWAYS,"MULTI-STATES (PUDUCHERRY, TAMIL NADU)",NHAI,1588.4,460.39,98.75,2021-01-11,2023-01-11,0.0,-0.0600000000000022
MINISTRY OF RAILWAYS,RAILWAYS,RAJASTHAN,NORTH CENTRAL RAILWAY,747.0,509.8,49.7,2020-01-04,2019-01-02,,
MINISTRY OF ROAD TRANSPORT & HIGHWAYS,ROADS & HIGHWAYS,BIHAR,NHAI,1020.84,633.41,95.31,2022-01-03,2024-01-03,-0.5900000000000034,-9.590000000000032
MINISTRY OF ROAD TRANSPORT & HIGHWAYS,ROADS & HIGHWAYS,"MULTI-STATES (PUDUCHERRY, TAMIL NADU)",NHAI,1358.31,526.4,98.32,2021-01-11,2023-01-11,0.0,-0.0099999999999909
MINISTRY OF RAILWAYS,RAILWAYS,KARNATAKA,SOUTH WESTERN RAILWAY [SWR] - II,2842.0,1604.89,36.5,2017-01-08,2027-01-03,1.5,-647.1499999999999
MINISTRY OF ROAD TRANSPORT & HIGHWAYS,ROADS & HIGHWAYS,BIHAR,NHAI,1769.5,672.67,77.3,2022-01-04,2024-01-04,0.0,-2.830000000000041
MINISTRY OF RAILWAYS,RAILWAYS,"MULTI-STATES (ANDHRA PRADESH, KARNATAKA)",SOUTH WESTERN RAILWAY [SWR] - II,297.0,147.99,21.5,2018-01-10,2026-01-06,1.5,2.2700000000000102
MINISTRY OF ROAD TRANSPORT & HIGHWAYS,ROADS & HIGHWAYS,MADHYA PRADESH,NHAI,1102.97,174.55,27.250000000000004,2025-01-08,2027-01-08,-1.0299999999999976,-22.129999999999995
MINISTRY OF ROAD TRANSPORT & HIGHWAYS,ROADS & HIGHWAYS,UTTAR PRADESH,NHAI,1280.68,186.29,0.0,2026-01-06,2028-01-06,0.0,-13.27000000000001
MINISTRY OF RAILWAYS,RAILWAYS,KARNATAKA,SOUTH WESTERN RAILWAY [SWR] - II,825.0,789.58,84.8,2016-01-11,2025-01-06,1.7999999999999972,-1.1399999999999864
MINISTRY OF RAILWAYS,RAILWAYS,KARNATAKA,SOUTH WESTERN RAILWAY [SWR] - II,5174.0,180.48,4.7,,2005-01-03,-5.3,-5.8300000000000125
MINISTRY OF ROAD TRANSPORT & HIGHWAYS,ROADS & HIGHWAYS,BIHAR,NHAI,491.04,348.04,95.72,2022-01-06,2024-01-12,0.0,-6.129999999999996
MINISTRY OF ROAD TRANSPORT & HIGHWAYS,ROADS & HIGHWAYS,MADHYA PRADESH,NHAI,784.14,318.15,50.13,2025-01-03,2027-01-03,-2.019999999999996,-0.0100000000000477
MINISTRY OF ROAD TRANSPORT & HIGHWAYS,ROADS & HIGHWAYS,MAHARASHTRA,NHAI,300.68,0.0,0.0,2026-01-06,2027-01-12,0.0,0.0
MINISTRY OF RAILWAYS,RAILWAYS,"MULTI-STATES (ANDHRA PRADESH, KARNATAKA)",SOUTH WESTERN RAILWAY [SWR] - II,2496.0,1943.23,73.0,2010-01-07,2015-01-09,8.0,36.59999999999991
MINISTRY OF RAILWAYS,RAILWAYS,KARNATAKA,SOUTH WESTERN RAILWAY [SWR] - II,1378.0,809.24,36.5,2012-01-11,2027-01-03,1.5,11.870000000000005
MINISTRY OF RAILWAYS,RAILWAYS,WEST BENGAL,"METRO RAILWAY, KOLKATA",4830.0,3350.62,32.2,2010-01-03,2026-01-08,,
MINISTRY OF ROAD TRANSPORT & HIGHWAYS,ROADS & HIGHWAYS,"MULTI-STATES (UTTAR PRADESH, UTTARAKHAND)",NHAI,2155.95,1540.17,91.95,2023-01-02,2025-01-02,-1.0300000000000011,-2.949999999999818
MINISTRY OF RAILWAYS,RAILWAYS,"MULTI-STATES (CHHATTISGARH, ODISHA)",EAST COAST RAILWAY [ECOR] - II,1547.0,1403.9,92.55,2016-01-03,2024-01-03,2.549999999999997,21.730000000000015
MINISTRY OF RAILWAYS,RAILWAYS,DELHI,CAO/C/NR,667.0,333.72,23.0,2013-01-03,2023-01-03,0.0,-59.95999999999998
MINISTRY OF ROAD TRANSPORT & HIGHWAYS,ROADS & HIGHWAYS,ODISHA,NHAI,861.84,390.03,91.8,2023-01-12,2025-01-12,-0.2199999999999988,-5.930000000000007
MINISTRY OF RAILWAYS,RAILWAYS,"MULTI-STATES (CHHATTISGARH, MAHARASHTRA)",SOUTH EASTERN CENTRAL RAILWAY,2222.53,0.35,1.0,2025-01-10,2030-01-10,,
MINISTRY OF RAILWAYS,RAILWAYS,UTTAR PRADESH,CAO/C/II/NR,722.0,1729.27,70.0,2017-01-03,2025-01-03,-10.0,512.75
MINISTRY OF POWER,TRANSMISSION & DISTRIBUTION,MAHARASHTRA,POWER GRID CORPORATION OF INDIA LIMITED [POWERGRID],1420.0,7.95,0.5,2026-01-03,2028-01-03,-3.42,-30.95
MINISTRY OF RAILWAYS,RAILWAYS,"MULTI-STATES (MADHYA PRADESH, UTTAR PRADESH)",CAO/C/NCR,2002.0,1960.31,98.0,2018-01-03,2022-01-03,0.0,16.700000000000045
MINISTRY OF ROAD TRANSPORT & HIGHWAYS,ROADS & HIGHWAYS,"MULTI-STATES (ANDHRA PRADESH, TELANGANA)",NHAI,1183.23,228.66,4.37,2025-01-10,2027-01-05,-1.4300000000000006,-0.0200000000000102
MINISTRY OF RAILWAYS,RAILWAYS,"MULTI-STATES (MADHYA PRADESH, UTTAR PRADESH)",NORTH CENTRAL RAILWAY,4330.0,3102.72,73.0,2019-01-04,2026-01-03,0.0,0.0
MINISTRY OF COAL,ELECTRICITY GENERATION,RAJASTHAN,NLC INDIA LIMITED [NLCIL],4147.07,249.95,0.0,2025-01-09,2028-01-03,0.0,0.0
MINISTRY OF ROAD TRANSPORT & HIGHWAYS,ROADS & HIGHWAYS,TELANGANA,NHAI,973.45,270.95,44.0,2025-01-03,2027-01-03,-1.8900000000000008,-0.079999999999984
MINISTRY OF RAILWAYS,RAILWAYS,"MULTI-STATES (ANDHRA PRADESH, KARNATAKA)",SOUTH CENTRAL RAILWAY [SCR] - II,302.0,636.74,89.03999999999999,2016-01-04,2025-01-12,39.03999999999999,215.38
MINISTRY OF RAILWAYS,RAILWAYS,"MULTI-STATES (ANDHRA PRADESH, TELANGANA)",SOUTH CENTRAL RAILWAY [SCR] - II,1953.0,5192.51,95.02,2014-01-08,2025-01-02,,
MINISTRY OF RAILWAYS,RAILWAYS,"MULTI-STATES (MAHARASHTRA, TELANGANA)",SOUTH CENTRAL RAILWAY [SCR] - II,2595.0,4154.83,94.8,2016-01-10,2025-01-01,,
MINISTRY OF ROAD TRANSPORT & HIGHWAYS,ROADS & HIGHWAYS,TELANGANA,NHAI,1105.25,168.17,10.06,2025-01-07,2027-01-07,-0.0499999999999989,-0.1100000000000136
MINISTRY OF RAILWAYS,RAILWAYS,"MULTI-STATES (CHHATTISGARH, ODISHA)",SECR,2140.0,2302.69,97.0,2016-01-09,2024-01-10,9.0,-238.29
MINISTRY OF ROAD TRANSPORT & HIGHWAYS,ROADS & HIGHWAYS,TELANGANA,NHAI,1092.88,377.96,74.42999999999999,2024-01-04,2026-01-04,-3.219999999999999,-30.629999999999995
MINISTRY OF PETROLEUM & NATURAL GAS,OIL & GAS,MAHARASHTRA,MINISTRY OF PETROLEUM & NATURAL GAS,844.0,0.61,7.3,2025-01-06,2028-01-03,-0.9000000000000012,-0.59
MINISTRY OF COAL,COAL,ODISHA,NLC INDIA LIMITED [NLCIL],522.45,324.74,73.65,2023-01-05,2026-01-06,-1.1499999999999917,-9.699999999999989
MINISTRY OF RAILWAYS,RAILWAYS,"MULTI-STATES (CHHATTISGARH, MAHARASHTRA)",SOUTH EAST CENTRAL RAILWAY [SECR] - II,3545.0,3678.97,96.0,2016-01-12,2024-01-12,1.0,535.4299999999998
MINISTRY OF ROAD TRANSPORT & HIGHWAYS,ROADS & HIGHWAYS,TELANGANA,NHAI,1142.6,147.2,0.0,2025-01-06,2027-01-06,-0.5,-12.990000000000007
MINISTRY OF PETROLEUM & NATURAL GAS,OIL & GAS,MAHARASHTRA,MINISTRY OF PETROLEUM & NATURAL GAS,13626.0,81.87,6.1,2025-01-05,2029-01-09,-1.0999999999999996,-11.72999999999999
MINISTRY OF RAILWAYS,RAILWAYS,"MULTI-STATES (JHARKHAND, ODISHA)",SOUTH EASTERN RAILWAY - JH,3029.0,2649.22,94.0,2017-01-02,2025-01-06,-1.0,-47.10000000000037
MINISTRY OF RAILWAYS,RAILWAYS,"MULTI-STATES (ODISHA, WEST BENGAL)",SOUTH EASTERN RAILWAY [SER] - I,2400.0,2713.19,82.0,2017-01-03,2025-01-12,-2.0,-172.82999999999993
MINISTRY OF POWER,TRANSMISSION & DISTRIBUTION,KARNATAKA,POWER GRID CORPORATION OF INDIA LIMITED [POWERGRID],1111.0,13.44,1.0,2026-01-02,2028-01-02,0.0,-8.78
MINISTRY OF ROAD TRANSPORT & HIGHWAYS,ROADS & HIGHWAYS,BIHAR,NHAI,1659.81,670.56,82.72,2022-01-03,2024-01-03,0.0,-14.920000000000073
MINISTRY OF CIVIL AVIATION,AVIATION & AVIATION INFRASTRUCTURE,RAJASTHAN,AIRPORT AUTHORITY OF INDIA [AAI],1507.0,71.13,13.3,2025-01-10,2027-01-10,-0.2999999999999989,-10.28
MINISTRY OF RAILWAYS,RAILWAYS,ASSAM,NORTHEAST FRONTIER RAILWAY [NFR],4060.0,3831.06,95.16,2016-01-09,2026-01-03,4.159999999999997,9.099999999999907
MINISTRY OF ROAD TRANSPORT & HIGHWAYS,ROADS & HIGHWAYS,RAJASTHAN,NHAI,363.89,0.38,0.0,2026-01-07,2029-01-01,0.0,0.0
MINISTRY OF RAILWAYS,RAILWAYS,"MULTI-STATES (ANDHRA PRADESH, ODISHA)",EAST COAST RAILWAY [ECOR] - II,2500.0,2217.87,73.0,2016-01-01,2022-01-03,-1.0,-82.17000000000007
MINISTRY OF ROAD TRANSPORT & HIGHWAYS,ROADS & HIGHWAYS,UTTAR PRADESH,NHAI,1335.45,1253.61,98.06,2022-01-09,2024-01-09,0.0,0.0
MINISTRY OF ROAD TRANSPORT & HIGHWAYS,ROADS & HIGHWAYS,ANDHRA PRADESH,NHAI,1097.57,466.89,82.05,2023-01-08,2025-01-08,-2.8700000000000045,-0.0099999999999909
MINISTRY OF RAILWAYS,RAILWAYS,ODISHA,EAST COAST RAILWAY [ECOR] - II,2362.0,2007.83,67.67,2015-01-12,2027-01-12,11.669999999999996,-85.63999999999987
MINISTRY OF ROAD TRANSPORT & HIGHWAYS,ROADS & HIGHWAYS,RAJASTHAN,NHAI,910.91,0.0,0.0,2026-01-07,2029-01-01,0.0,0.0
MINISTRY OF RAILWAYS,RAILWAYS,ODISHA,EAST COAST RAILWAY [ECOR] - II,1000.0,478.83,59.0,2015-01-12,2018-01-11,34.0,-279.74000000000007
MINISTRY OF ROAD TRANSPORT & HIGHWAYS,ROADS & HIGHWAYS,ANDHRA PRADESH,NHAI,907.76,468.12,91.97,2023-01-07,2025-01-07,-0.3700000000000045,0.0
MINISTRY OF HOUSING & URBAN AFFAIRS,URBAN PUBLIC TRANSPORT,MAHARASHTRA,MAHARASHTRA METRO RAIL CORPORATION LIMITED [MMRCL],3626.24,4.48,1.88,2025-01-07,2029-01-07,-0.52,-11.69
MINISTRY OF RAILWAYS,RAILWAYS,ODISHA,EAST COAST RAILWAY [ECOR] - II,1173.0,2138.09,90.0,2015-01-12,2026-01-03,4.0,-75.62999999999965
MINISTRY OF ROAD TRANSPORT & HIGHWAYS,ROADS & HIGHWAYS,WEST BENGAL,NHAI,622.04,623.69,96.71,2018-01-12,2021-01-12,0.0,-4.389999999999986
MINISTRY OF ROAD TRANSPORT & HIGHWAYS,ROADS & HIGHWAYS,TELANGANA,MORTH,516.17,0.0,49.34,2025-01-10,2027-01-10,-6.280000000000001,0.0
MINISTRY OF RAILWAYS,RAILWAYS,BIHAR,EAST CENTRAL RAILWAY [ECR] - I,519.0,412.58,100.0,2015-01-12,2025-01-03,8.0,-334.23
MINISTRY OF RAILWAYS,RAILWAYS,GUJARAT,WESTERN RAILWAY [WR] - II,1456.77,0.28,0.0,2025-01-12,2028-01-12,,
MINISTRY OF RAILWAYS,RAILWAYS,BIHAR,EAST CENTRAL RAILWAY [ECR] - I,1216.0,2102.51,93.0,2017-01-03,2025-01-12,2.0,642.0900000000001
MINISTRY OF RAILWAYS,RAILWAYS,BIHAR,EAST CENTRAL RAILWAY [ECR] - I,1586.0,1509.67,99.0,2017-01-03,2024-01-06,0.0,-45.21000000000004
MINISTRY OF POWER,ELECTRICITY GENERATION,MADHYA PRADESH,NATIONAL THERMAL POWER CORPORATION [NTPC],20446.0,2141.47,10.0,2025-01-05,2030-01-03,-1.5,-188.2900000000004
MINISTRY OF RAILWAYS,RAILWAYS,"MULTI-STATES (BIHAR, UTTAR PRADESH)",NORTH EASTERN RAILWAY [NER],963.0,918.18,96.0,2015-01-12,2025-01-02,1.0,-81.87
MINISTRY OF ROAD TRANSPORT & HIGHWAYS,ROADS & HIGHWAYS,ARUNACHAL PRADESH,NHIDCL,441.41,0.0,0.0,2026-01-06,2028-01-06,-14.69,-25.88
MINISTRY OF ROAD TRANSPORT & HIGHWAYS,ROADS & HIGHWAYS,ODISHA,NHAI,929.91,398.91,92.3,2023-01-12,2025-01-12,-4.450000000000003,0.0
MINISTRY OF RAILWAYS,RAILWAYS,UTTAR PRADESH,NORTH EASTERN RAILWAY [NER],1016.0,1058.77,88.5,2019-01-07,2025-01-03,-11.5,281.55999999999995
"MINISTRY OF PORTS, SHIPPING AND WATERWAYS",SHIPPING,WEST BENGAL,SYAMA PRASAD MOOKERJEE PORT KOLKATA,832.25,0.0,0.0,2027-01-02,2028-01-08,,
MINISTRY OF ROAD TRANSPORT & HIGHWAYS,ROADS & HIGHWAYS,ODISHA,NHAI,920.47,421.6,91.0,2023-01-12,2025-01-12,-7.219999999999999,-2.849999999999966
MINISTRY OF RAILWAYS,RAILWAYS,MAHARASHTRA,CENTRAL RAILWAY,138.48,1039.72,60.0,1999-03-01,2027-01-03,0.0,-92.52999999999996
MINISTRY OF ROAD TRANSPORT & HIGHWAYS,ROADS & HIGHWAYS,PUNJAB,362420,2175.35,1377.13,43.45,2022-01-11,2024-01-11,,
MINISTRY OF ROAD TRANSPORT & HIGHWAYS,ROADS & HIGHWAYS,"MULTI-STATES (ANDHRA PRADESH, ODISHA)",NHAI,1216.12,697.95,99.63,2022-01-03,2024-01-03,0.0,-5.379999999999996
MINISTRY OF ROAD TRANSPORT & HIGHWAYS,ROADS & HIGHWAYS,ANDHRA PRADESH,MORTH,290.15,141.83,91.9,2017-01-05,2019-01-05,0.0,0.0
MINISTRY OF ROAD TRANSPORT & HIGHWAYS,ROADS & HIGHWAYS,TELANGANA,MORTH,294.13,244.16,88.22,2018-01-06,2019-01-11,0.0,-5.069999999999993
MINISTRY OF ROAD TRANSPORT & HIGHWAYS,ROADS & HIGHWAYS,TELANGANA,MORTH,300.0,175.12,99.2,2017-01-05,2019-01-05,0.0,0.0
MINISTRY OF ROAD TRANSPORT & HIGHWAYS,ROADS & HIGHWAYS,KARNATAKA,MORTH,177.94,115.6,83.0,2023-01-02,2025-01-02,0.0,0.0
MINISTRY OF ROAD TRANSPORT & HIGHWAYS,ROADS & HIGHWAYS,KARNATAKA,MORTH,170.34,106.96,100.0,2022-01-10,2024-01-02,0.0,-4.3700000000000045
MINISTRY OF ROAD TRANSPORT & HIGHWAYS,ROADS & HIGHWAYS,TELANGANA,MORTH,216.53,172.02,92.1,2021-01-06,2023-01-06,0.0,-0.1499999999999772
MINISTRY OF ROAD TRANSPORT & HIGHWAYS,ROADS & HIGHWAYS,ODISHA,MORTH,154.49,25.17,90.0,2023-01-06,2024-01-12,0.0,0.0
MINISTRY OF ROAD TRANSPORT & HIGHWAYS,ROADS & HIGHWAYS,BIHAR,MORTH,179.86,2.37,2.0,2026-01-06,2027-01-12,0.0,0.0
MINISTRY OF ROAD TRANSPORT & HIGHWAYS,ROADS & HIGHWAYS,BIHAR,MORTH,178.85,0.0,98.65,2016-01-05,2018-01-05,,
MINISTRY OF ROAD TRANSPORT & HIGHWAYS,ROADS & HIGHWAYS,UTTAR PRADESH,MORTH,319.96,0.0,95.0,2020-01-10,2022-01-04,0.0,0.0
MINISTRY OF ROAD TRANSPORT & HIGHWAYS,ROADS & HIGHWAYS,PUNJAB,MORTH,546.67,0.0,45.0,2025-01-05,2026-01-11,0.0,0.0
MINISTRY OF ROAD TRANSPORT & HIGHWAYS,ROADS & HIGHWAYS,RAJASTHAN,MORTH,411.44,85.69,91.36,2022-01-05,2024-01-05,-1.4099999999999966,0.0
MINISTRY OF ROAD TRANSPORT & HIGHWAYS,ROADS & HIGHWAYS,ODISHA,MORTH,186.52,46.39,60.0,2024-01-02,2026-01-02,0.0,0.0
MINISTRY OF ROAD TRANSPORT & HIGHWAYS,ROADS & HIGHWAYS,ANDHRA PRADESH,MORTH,1318.59,464.06,90.19,2023-01-11,2025-01-11,0.0,0.0
MINISTRY OF ROAD TRANSPORT & HIGHWAYS,ROADS & HIGHWAYS,KARNATAKA,MORTH,157.32,103.33,69.0,2019-01-05,2021-01-11,0.0,0.0
MINISTRY OF ROAD TRANSPORT & HIGHWAYS,ROADS & HIGHWAYS,MADHYA PRADESH,MORTH,365.21,0.0,89.0,2023-01-05,2025-01-05,-2.0,-200.67
MINISTRY OF ROAD TRANSPORT & HIGHWAYS,ROADS & HIGHWAYS,ANDHRA PRADESH,MORTH,776.17,0.0,35.6,2025-01-07,2027-01-07,-6.379999999999996,0.0
MINISTRY OF ROAD TRANSPORT & HIGHWAYS,ROADS & HIGHWAYS,ANDHRA PRADESH,MORTH,292.63,0.0,95.77,2024-01-12,2026-01-12,0.0,0.0
MINISTRY OF ROAD TRANSPORT & HIGHWAYS,ROADS & HIGHWAYS,BIHAR,MORTH,566.1,292.35,95.1,2022-01-11,2024-01-11,21.89,-1.5399999999999636
MINISTRY OF ROAD TRANSPORT & HIGHWAYS,ROADS & HIGHWAYS,WEST BENGAL,MORTH,271.17,216.61,85.08,2016-01-11,2018-01-11,-0.480000000000004,0.0
MINISTRY OF ROAD TRANSPORT & HIGHWAYS,ROADS & HIGHWAYS,BIHAR,MORTH,1408.85,0.0,97.0,2016-01-11,2019-01-11,0.0,0.0
MINISTRY OF ROAD TRANSPORT & HIGHWAYS,ROADS & HIGHWAYS,TAMIL NADU,MORTH,238.97,126.43,94.0,2024-01-09,2026-01-08,0.0,-0.1299999999999954
MINISTRY OF ROAD TRANSPORT & HIGHWAYS,ROADS & HIGHWAYS,UTTAR PRADESH,MORTH,296.02,0.0,33.0,2025-01-01,2027-01-01,-6.0,-75.38
MINISTRY OF ROAD TRANSPORT & HIGHWAYS,ROADS & HIGHWAYS,UTTAR PRADESH,MORTH,309.63,38.08,31.0,2024-01-11,2026-01-11,-0.0899999999999998,-3.8400000000000034
MINISTRY OF ROAD TRANSPORT & HIGHWAYS,ROADS & HIGHWAYS,MAHARASHTRA,MORTH,195.38,0.0,90.5,2023-01-01,2024-01-07,-2.950000000000003,-105.76
MINISTRY OF ROAD TRANSPORT & HIGHWAYS,ROADS & HIGHWAYS,BIHAR,MORTH,780.77,0.04,99.74,2016-01-10,2019-01-10,0.0,0.0
MINISTRY OF ROAD TRANSPORT & HIGHWAYS,ROADS & HIGHWAYS,UTTARAKHAND,MORTH,418.89,0.0,95.0,2018-01-02,2020-01-02,0.0,-426.18
MINISTRY OF ROAD TRANSPORT & HIGHWAYS,ROADS & HIGHWAYS,BIHAR,MORTH,201.08,0.01,62.0,2024-01-07,2026-01-07,0.0,0.0
MINISTRY OF ROAD TRANSPORT & HIGHWAYS,ROADS & HIGHWAYS,GUJARAT,MORTH,530.2,58.29,90.0,2024-01-06,2026-01-06,0.0,0.0
MINISTRY OF ROAD TRANSPORT & HIGHWAYS,ROADS & HIGHWAYS,MAHARASHTRA,MORTH,631.76,187.59,85.0,2025-01-05,2027-01-05,0.0,-25.590000000000003
MINISTRY OF ROAD TRANSPORT & HIGHWAYS,ROADS & HIGHWAYS,MAHARASHTRA,MORTH,533.76,0.0,72.05,2025-01-05,2027-01-05,-2.240000000000009,0.0
MINISTRY OF ROAD TRANSPORT & HIGHWAYS,ROADS & HIGHWAYS,TELANGANA,MORTH,626.76,19.3,53.010000000000005,2018-01-07,2020-01-07,-1.249999999999993,-5.099999999999998
MINISTRY OF ROAD TRANSPORT & HIGHWAYS,ROADS & HIGHWAYS,TELANGANA,MORTH,317.19,190.76,90.0,2022-01-07,2024-01-07,-1.0,-0.1000000000000227
MINISTRY OF ROAD TRANSPORT & HIGHWAYS,ROADS & HIGHWAYS,ANDHRA PRADESH,MORTH,317.22,0.0,75.2,2023-01-05,2025-01-05,0.0,-158.64
MINISTRY OF ROAD TRANSPORT & HIGHWAYS,ROADS & HIGHWAYS,ANDHRA PRADESH,MORTH,529.54,0.0,74.41,2021-01-11,2023-01-11,0.0,-248.31
MINISTRY OF ROAD TRANSPORT & HIGHWAYS,ROADS & HIGHWAYS,ANDHRA PRADESH,MORTH,691.81,0.0,46.45,2025-01-09,2027-01-09,-3.259999999999998,0.0
MINISTRY OF ROAD TRANSPORT & HIGHWAYS,ROADS & HIGHWAYS,MADHYA PRADESH,MORTH,386.49,164.41,67.57,2023-01-02,2025-01-02,0.0,-0.4300000000000068
MINISTRY OF ROAD TRANSPORT & HIGHWAYS,ROADS & HIGHWAYS,GUJARAT,MORTH,173.06,22.63,74.0,2024-01-02,2025-01-08,-3.0,0.0
MINISTRY OF ROAD TRANSPORT & HIGHWAYS,ROADS & HIGHWAYS,UTTAR PRADESH,MORTH,509.65,115.2,60.0,2024-01-03,2025-01-09,-2.0,-5.36999999999999
MINISTRY OF ROAD TRANSPORT & HIGHWAYS,ROADS & HIGHWAYS,UTTAR PRADESH,MORTH,189.31,0.0,52.0,2023-01-11,2025-01-05,-2.0,-31.42
MINISTRY OF ROAD TRANSPORT & HIGHWAYS,ROADS & HIGHWAYS,MAHARASHTRA,MORTH,328.11,0.0,34.150000000000006,2024-01-02,2025-01-08,0.0,-111.48
MINISTRY OF ROAD TRANSPORT & HIGHWAYS,ROADS & HIGHWAYS,JHARKHAND,MORTH,315.21,143.35,87.0,2023-01-01,2024-01-07,-2.0,-18.81
MINISTRY OF ROAD TRANSPORT & HIGHWAYS,ROADS & HIGHWAYS,UTTAR PRADESH,MORTH,262.37,115.38,94.0,2023-01-03,2024-01-09,0.0,0.0
MINISTRY OF ROAD TRANSPORT & HIGHWAYS,ROADS & HIGHWAYS,MAHARASHTRA,MORTH,316.44,0.0,34.1,2024-01-03,2025-01-09,-3.1000000000000014,-49.78
MINISTRY OF ROAD TRANSPORT & HIGHWAYS,ROADS & HIGHWAYS,UTTAR PRADESH,MORTH,283.86,38.69,48.0,2025-01-02,2027-01-02,0.0,0.0
MINISTRY OF ROAD TRANSPORT & HIGHWAYS,ROADS & HIGHWAYS,UTTAR PRADESH,MORTH,1086.3,0.0,9.0,2025-01-11,2027-01-11,-0.3200000000000003,-24.29
MINISTRY OF ROAD TRANSPORT & HIGHWAYS,ROADS & HIGHWAYS,MADHYA PRADESH,MORTH,158.36,0.0,60.0,2023-01-10,2025-01-10,-2.799999999999997,-36.36
MINISTRY OF ROAD TRANSPORT & HIGHWAYS,ROADS & HIGHWAYS,RAJASTHAN,MORTH,334.64,0.0,70.0,2024-01-10,2026-01-10,-2.0,0.0
MINISTRY OF ROAD TRANSPORT & HIGHWAYS,ROADS & HIGHWAYS,KERALA,MORTH,294.28,0.0,98.0,2017-01-08,2019-01-08,0.0,0.0
MINISTRY OF ROAD TRANSPORT & HIGHWAYS,ROADS & HIGHWAYS,SIKKIM,MORTH,385.15,0.0,90.0,2022-01-05,2024-01-05,-2.0,-203.36
MINISTRY OF ROAD TRANSPORT & HIGHWAYS,ROADS & HIGHWAYS,NAGALAND,MORTH,297.25,155.15,100.0,2022-01-07,2024-01-07,0.0,0.0
MINISTRY OF ROAD TRANSPORT & HIGHWAYS,ROADS & HIGHWAYS,BIHAR,MORTH,226.16,0.0,53.0,2024-01-08,2026-01-02,-8.0,0.0
MINISTRY OF ROAD TRANSPORT & HIGHWAYS,ROADS & HIGHWAYS,BIHAR,MORTH,624.43,154.25,95.0,2023-01-05,2024-01-11,-1.0,0.0
MINISTRY OF ROAD TRANSPORT & HIGHWAYS,ROADS & HIGHWAYS,UTTAR PRADESH,MORTH,840.93,204.84,75.0,2024-01-02,2026-01-02,-2.0,-5.27000000000001
MINISTRY OF ROAD TRANSPORT & HIGHWAYS,ROADS & HIGHWAYS,MEGHALAYA,MORTH,504.0,0.0,2.5,2025-01-05,2027-01-05,-2.0,0.0
MINISTRY OF ROAD TRANSPORT & HIGHWAYS,ROADS & HIGHWAYS,BIHAR,MORTH,353.27,0.0,7.000000000000001,2025-01-05,2026-01-11,-0.4999999999999991,0.0
MINISTRY OF ROAD TRANSPORT & HIGHWAYS,ROADS & HIGHWAYS,UTTAR PRADESH,MORTH,438.24,0.0,55.00000000000001,2024-01-02,2026-01-02,0.0,-81.45
MINISTRY OF ROAD TRANSPORT & HIGHWAYS,ROADS & HIGHWAYS,UTTAR PRADESH,MORTH,225.17,0.0,75.0,2024-01-01,2025-01-06,-3.0,-66.96
MINISTRY OF ROAD TRANSPORT & HIGHWAYS,ROADS & HIGHWAYS,UTTAR PRADESH,MORTH,515.69,118.72,54.0,2024-01-08,2026-01-02,-2.000000000000007,-9.830000000000013
MINISTRY OF ROAD TRANSPORT & HIGHWAYS,ROADS & HIGHWAYS,ANDHRA PRADESH,MORTH,1019.97,0.0,30.55,2025-01-08,2027-01-08,-3.000000000000004,0.0
MINISTRY OF ROAD TRANSPORT & HIGHWAYS,ROADS & HIGHWAYS,ANDHRA PRADESH,MORTH,808.7,0.0,28.78,2025-01-08,2027-01-08,-8.920000000000002,0.0
MINISTRY OF ROAD TRANSPORT & HIGHWAYS,ROADS & HIGHWAYS,PUNJAB,MORTH,263.19,0.0,83.0,2023-01-10,2025-01-04,0.0,0.0
MINISTRY OF ROAD TRANSPORT & HIGHWAYS,ROADS & HIGHWAYS,TELANGANA,MORTH,192.67,141.82,96.0,2018-01-06,2019-01-12,0.0,0.0
MINISTRY OF ROAD TRANSPORT & HIGHWAYS,ROADS & HIGHWAYS,KARNATAKA,MORTH,350.69,199.09,81.62,2023-01-01,2025-01-01,-1.7099999999999935,-4.030000000000001
MINISTRY OF ROAD TRANSPORT & HIGHWAYS,ROADS & HIGHWAYS,KARNATAKA,MORTH,264.14,3.78,0.0,2022-01-11,2024-01-05,,
MINISTRY OF ROAD TRANSPORT & HIGHWAYS,ROADS & HIGHWAYS,KARNATAKA,MORTH,516.96,121.75,98.0,2021-01-12,2025-01-12,0.0,0.0
MINISTRY OF ROAD TRANSPORT & HIGHWAYS,ROADS & HIGHWAYS,ARUNACHAL PRADESH,MORTH,496.47,171.91,51.370000000000005,2021-01-12,2024-01-12,,
MINISTRY OF ROAD TRANSPORT & HIGHWAYS,ROADS & HIGHWAYS,ASSAM,MORTH,173.65,11.38,20.0,2025-01-02,2026-01-08,0.0,0.0
MINISTRY OF ROAD TRANSPORT & HIGHWAYS,ROADS & HIGHWAYS,KARNATAKA,MORTH,718.52,308.99,84.0,2023-01-03,2025-01-03,-1.0,-3.839999999999975
MINISTRY OF ROAD TRANSPORT & HIGHWAYS,ROADS & HIGHWAYS,MAHARASHTRA,MORTH,163.86,0.0,42.78,2023-01-11,2025-01-05,-7.469999999999992,-49.03
MINISTRY OF ROAD TRANSPORT & HIGHWAYS,ROADS & HIGHWAYS,MADHYA PRADESH,MORTH,492.12,0.0,88.0,2024-01-01,2026-01-07,0.0,0.0
MINISTRY OF ROAD TRANSPORT & HIGHWAYS,ROADS & HIGHWAYS,MADHYA PRADESH,MORTH,851.4,0.0,0.0,2026-01-03,2028-01-03,0.0,0.0
MINISTRY OF ROAD TRANSPORT & HIGHWAYS,ROADS & HIGHWAYS,MAHARASHTRA,MORTH,657.16,0.0,83.46000000000001,2025-01-05,2027-01-05,-5.099999999999994,0.0
MINISTRY OF ROAD TRANSPORT & HIGHWAYS,ROADS & HIGHWAYS,HIMACHAL PRADESH,MORTH,242.8,145.49,98.38,2021-01-03,2023-01-03,,
MINISTRY OF ROAD TRANSPORT & HIGHWAYS,ROADS & HIGHWAYS,ANDHRA PRADESH,MORTH,439.82,213.04,86.53999999999999,2022-01-05,2024-01-05,-3.660000000000011,-0.0800000000000125
MINISTRY OF ROAD TRANSPORT & HIGHWAYS,ROADS & HIGHWAYS,UTTAR PRADESH,MORTH,395.62,0.0,94.0,2022-01-11,2024-01-05,-1.0,0.0
MINISTRY OF ROAD TRANSPORT & HIGHWAYS,ROADS & HIGHWAYS,ANDHRA PRADESH,MORTH,159.66,75.64,100.0,2024-01-03,2026-01-03,,
MINISTRY OF POWER,TRANSMISSION & DISTRIBUTION,"MULTI-STATES (KARNATAKA, MAHARASHTRA)",POWER GRID CORPORATION OF INDIA LIMITED [POWERGRID],1007.0,49.85,2.5,2025-01-10,2027-01-10,-0.5,-0.5
MINISTRY OF PETROLEUM & NATURAL GAS,OIL & GAS,ODISHA,MINISTRY OF PETROLEUM & NATURAL GAS,514.91,24.9,5.9,2022-01-02,2031-01-12,0.0999999999999996,-0.870000000000001
MINISTRY OF PETROLEUM & NATURAL GAS,OIL & GAS,CHHATTISGARH,MINISTRY OF PETROLEUM & NATURAL GAS,557.04,10.33,2.2,2022-01-06,2030-01-06,0.0,-1.3000000000000007
MINISTRY OF PETROLEUM & NATURAL GAS,OIL & GAS,"MULTI-STATES (ASSAM, BIHAR, WEST BENGAL)",MINISTRY OF PETROLEUM & NATURAL GAS,680.0,12.65,29.0,2024-01-12,2029-01-12,0.0,-0.879999999999999
MINISTRY OF PETROLEUM & NATURAL GAS,OIL & GAS,MADHYA PRADESH,MINISTRY OF PETROLEUM & NATURAL GAS,1792.0,510.5,70.8,2024-01-05,2027-01-01,-2.200000000000003,-30.700000000000045
MINISTRY OF RAILWAYS,RAILWAYS,JHARKHAND,EAST CENTRAL RAILWAY [ECR] - I,2887.11,0.1,0.0,2025-01-06,2029-01-12,0.0,-0.75
MINISTRY OF PETROLEUM & NATURAL GAS,OIL & GAS,ASSAM,MINISTRY OF PETROLEUM & NATURAL GAS,635.28,543.0,70.8,2022-01-12,2025-01-12,-1.2000000000000028,78.54000000000002
MINISTRY OF PETROLEUM & NATURAL GAS,OIL & GAS,KERALA,MINISTRY OF PETROLEUM & NATURAL GAS,1130.0,306.1,43.2,2024-01-09,2028-01-08,-5.599999999999994,-18.50999999999999
DEPARTMENT OF HIGHER EDUCATION,EDUCATION,CHHATTISGARH,"INDIAN INSTITUTE OF TECHNOLOGY, BHILAI",1188.97,0.0,0.0,2026-01-01,2028-01-10,0.0,-1.92
DEPARTMENT OF HIGHER EDUCATION,EDUCATION,KERALA,INDIAN INSTITUTE OF TECHNOLOGY PALAKKAD,1527.0,9.8,0.0,2026-01-01,2028-01-10,0.0,0.0
MINISTRY OF RAILWAYS,RAILWAYS,GUJARAT,WESTERN RAILWAY [WR] - II,2526.47,0.0,0.0,2025-01-09,2028-01-09,,
MINISTRY OF HEALTH & FAMILY WELFARE,HEALTHCARE,DELHI,PMSSY AND INSTITUTE OF NATIONAL IMPORTANCE,4441.0,44.44,56.99999999999999,2022-01-06,2027-01-06,0.0,0.0
MINISTRY OF ROAD TRANSPORT & HIGHWAYS,ROADS & HIGHWAYS,MEGHALAYA,MORTH,302.88,187.77,99.1,2022-01-02,2023-01-08,-0.5200000000000102,0.0
MINISTRY OF ROAD TRANSPORT & HIGHWAYS,ROADS & HIGHWAYS,NAGALAND,MORTH,252.2,0.0,44.46,2024-01-06,2026-01-06,0.0,0.0
MINISTRY OF ROAD TRANSPORT & HIGHWAYS,ROADS & HIGHWAYS,RAJASTHAN,MORTH,379.23,206.48,100.0,2021-01-10,2023-01-10,,
MINISTRY OF POWER,TRANSMISSION & DISTRIBUTION,"MULTI-STATES (BIHAR, UTTAR PRADESH)",POWER GRID CORPORATION OF INDIA LIMITED [POWERGRID],2368.0,138.29,2.03,2025-01-10,2027-01-10,-4.35,-19.65000000000001
MINISTRY OF POWER,TRANSMISSION & DISTRIBUTION,"MULTI-STATES (ANDHRA PRADESH, KARNATAKA)",STERLITE POWER,4535.99,1057.57,50.0,2025-01-03,2027-01-03,-14.0,-150.0
MINISTRY OF RAILWAYS,RAILWAYS,CHHATTISGARH,RAIL VIKAS NIGAM LIMITED,1516.45,2154.73,98.0,2009-01-11,2025-01-03,,
MINISTRY OF RAILWAYS,RAILWAYS,"MULTI-STATES (CHHATTISGARH, ODISHA)",SECR,1281.81,130.14,5.0,2024-01-09,2028-01-03,,
MINISTRY OF POWER,TRANSMISSION & DISTRIBUTION,GUJARAT,ADANI TRANSMISSION LIMITED,4000.0,553.0,19.0,2024-01-10,2026-01-10,-5.0,-145.0
MINISTRY OF RAILWAYS,RAILWAYS,"MULTI-STATES (MADHYA PRADESH, RAJASTHAN)",NORTH WESTERN RAILWAY [NWR],2417.24,7.7,8.0,2023-01-05,2028-01-03,,
MINISTRY OF RAILWAYS,RAILWAYS,TELANGANA,RVNL - II,521.36,492.12,91.0,2023-01-02,2026-01-12,0.0,0.0
MINISTRY OF HOUSING & URBAN AFFAIRS,CONSTRUCTION,TELANGANA,CENTRAL PUBLIC WORKS DEPARTMENT - CPWD,644.0,175.79,23.0,2024-01-11,2027-01-09,-3.0,-12.900000000000006
DEPARTMENT OF TELECOMMUNICATIONS,TELECOMMUNICATION,"MULTI-STATES (ANDHRA PRADESH, BIHAR, CHHATTISGARH, JHARKHAND, MADHYA PRADESH, MAHARASHTRA, ODISHA, TELANGANA, UTTAR PRADESH, WEST BENGAL)",DEPARTMENT OF TELECOMMUNICATIONS [DOT],1884.6,376.8,98.28,2024-01-05,2025-01-05,-1.0300000000000011,0.0
MINISTRY OF COAL,COAL,JHARKHAND,BHARAT COKING COAL LIMITED [BCCL],5940.47,327.78,31.0,2025-01-07,2028-01-12,-3.0,-192.97000000000003
"DEPARTMENT OF WATER RESOURCES, RIVER DEVELOPMENT & GR",WATER RESOURCES,MAHARASHTRA,DEPARTMENT OF WATER RESOURCES-MH,1923.81,1949.56,49.52,2017-01-01,2027-01-07,-0.0799999999999983,1610.65
DEPARTMENT FOR PROMOTION OF INDUSTRY & INTERNAL TRADE,REAL ESTATE,ANDHRA PRADESH,NICDC,2786.0,278.6,12.81,2025-01-10,2028-01-10,-3.410000000000002,-77.44999999999999
DEPARTMENT FOR PROMOTION OF INDUSTRY & INTERNAL TRADE,REAL ESTATE,ANDHRA PRADESH,NICDC,2136.0,39.75,5.23,2025-01-10,2028-01-10,-0.1600000000000001,0.0
MINISTRY OF COAL,ELECTRICITY GENERATION,GUJARAT,NLC INDIA LIMITED [NLCIL],3335.85,2000.62,60.0,2024-01-06,2026-01-06,-2.0,-122.32999999999991
MINISTRY OF COAL,COAL,JHARKHAND,NLC INDIA LIMITED [NLCIL],1354.2,228.36,40.0,2023-01-12,2029-01-03,0.0,-5.409999999999997
MINISTRY OF POWER,TRANSMISSION & DISTRIBUTION,GUJARAT,POWER GRID CORPORATION OF INDIA LIMITED [POWERGRID],581.74,17.45,6.0,2025-01-03,2026-01-12,-1.1999999999999993,0.0
MINISTRY OF ROAD TRANSPORT & HIGHWAYS,ROADS & HIGHWAYS,ARUNACHAL PRADESH,MORTH,450.65,345.01,96.61,2020-01-11,2023-01-11,0.0,0.0
MINISTRY OF ROAD TRANSPORT & HIGHWAYS,ROADS & HIGHWAYS,GUJARAT,MORTH,699.19,0.0,35.0,2025-01-09,2027-01-09,-1.0,0.0
MINISTRY OF ROAD TRANSPORT & HIGHWAYS,ROADS & HIGHWAYS,GUJARAT,MORTH,151.13,0.0,98.0,2024-01-03,2026-01-03,0.0,0.0
MINISTRY OF ROAD TRANSPORT & HIGHWAYS,ROADS & HIGHWAYS,UTTARAKHAND,MORTH,247.41,114.6,73.5,2018-01-05,2020-01-05,0.0,0.0
MINISTRY OF ROAD TRANSPORT & HIGHWAYS,ROADS & HIGHWAYS,ODISHA,MORTH,196.94,59.54,70.0,2022-01-03,2025-01-12,0.0,-0.009999999999998
MINISTRY OF ROAD TRANSPORT & HIGHWAYS,ROADS & HIGHWAYS,MAHARASHTRA,MORTH,496.64,0.0,70.14,2023-01-07,2024-01-10,0.0,-210.17
MINISTRY OF ROAD TRANSPORT & HIGHWAYS,ROADS & HIGHWAYS,MAHARASHTRA,MORTH,406.54,0.0,95.84,2017-01-09,2019-01-09,0.0,-528.24
MINISTRY OF ROAD TRANSPORT & HIGHWAYS,ROADS & HIGHWAYS,KARNATAKA,MORTH,298.0,232.09,65.0,2021-01-06,2024-01-06,0.0,0.0
MINISTRY OF ROAD TRANSPORT & HIGHWAYS,ROADS & HIGHWAYS,TELANGANA,MORTH,253.99,0.0,100.0,2017-01-03,2019-01-03,0.0,0.0
MINISTRY OF ROAD TRANSPORT & HIGHWAYS,ROADS & HIGHWAYS,MAHARASHTRA,MORTH,809.77,0.0,12.0,2026-01-04,2028-01-04,0.0,-0.93
MINISTRY OF ROAD TRANSPORT & HIGHWAYS,ROADS & HIGHWAYS,MAHARASHTRA,MORTH,574.18,7.49,20.0,2025-01-09,2027-01-03,0.0,-0.0499999999999998
MINISTRY OF ROAD TRANSPORT & HIGHWAYS,ROADS & HIGHWAYS,TELANGANA,MORTH,1297.75,0.0,44.73,2024-01-07,2026-01-07,-1.1200000000000043,0.0
MINISTRY OF ROAD TRANSPORT & HIGHWAYS,ROADS & HIGHWAYS,TELANGANA,MORTH,545.11,290.36,82.28,2022-01-07,2024-01-07,-1.1899999999999975,0.0
MINISTRY OF ROAD TRANSPORT & HIGHWAYS,ROADS & HIGHWAYS,GOA,MORTH,641.46,0.0,97.1,2024-01-04,2026-01-04,-1.980000000000004,0.0
MINISTRY OF ROAD TRANSPORT & HIGHWAYS,ROADS & HIGHWAYS,MAHARASHTRA,MORTH,1142.62,0.0,97.5,2018-01-02,2020-01-02,0.0,-427.48
MINISTRY OF ROAD TRANSPORT & HIGHWAYS,ROADS & HIGHWAYS,MAHARASHTRA,MORTH,1006.99,0.0,80.06,2017-01-11,2019-01-11,0.0,-0.17
MINISTRY OF ROAD TRANSPORT & HIGHWAYS,ROADS & HIGHWAYS,MAHARASHTRA,MORTH,1117.75,375.93,90.14,2017-01-11,2019-01-11,0.0,0.0
MINISTRY OF ROAD TRANSPORT & HIGHWAYS,ROADS & HIGHWAYS,ODISHA,MORTH,157.49,33.67,92.0,2023-01-05,2024-01-11,0.0,-0.019999999999996
MINISTRY OF ROAD TRANSPORT & HIGHWAYS,ROADS & HIGHWAYS,ODISHA,MORTH,587.1,52.51,23.0,2025-01-01,2027-01-07,-2.0,-0.0700000000000002
MINISTRY OF ROAD TRANSPORT & HIGHWAYS,ROADS & HIGHWAYS,ODISHA,MORTH,499.79,131.36,60.650000000000006,2023-01-06,2025-01-06,-5.349999999999994,0.0
MINISTRY OF ROAD TRANSPORT & HIGHWAYS,ROADS & HIGHWAYS,ASSAM,MORTH,535.03,209.27,75.82,2023-01-04,2025-01-04,-0.5,0.0
MINISTRY OF ROAD TRANSPORT & HIGHWAYS,ROADS & HIGHWAYS,ASSAM,MORTH,421.15,0.0,20.8,2025-01-04,2026-01-10,-13.2,0.0
MINISTRY OF ROAD TRANSPORT & HIGHWAYS,ROADS & HIGHWAYS,BIHAR,MORTH,295.24,44.18,86.02,2023-01-07,2025-01-07,-2.6299999999999955,0.0
MINISTRY OF ROAD TRANSPORT & HIGHWAYS,ROADS & HIGHWAYS,ODISHA,MORTH,636.1,296.22,56.11000000000001,2024-01-02,2026-01-02,0.0,-0.2799999999999727
MINISTRY OF ROAD TRANSPORT & HIGHWAYS,ROADS & HIGHWAYS,RAJASTHAN,MORTH,194.88,55.29,98.58,2022-01-12,2024-01-12,0.0,0.0
MINISTRY OF ROAD TRANSPORT & HIGHWAYS,ROADS & HIGHWAYS,ODISHA,MORTH,238.78,6.79,55.00000000000001,2023-01-04,2025-01-10,0.0,0.0
MINISTRY OF ROAD TRANSPORT & HIGHWAYS,ROADS & HIGHWAYS,ODISHA,MORTH,324.09,88.48,70.09,2023-01-05,2025-01-05,-7.909999999999997,0.0
MINISTRY OF ROAD TRANSPORT & HIGHWAYS,ROADS & HIGHWAYS,MADHYA PRADESH,MORTH,648.05,0.0,50.0,2025-01-02,2027-01-02,0.0,0.0
MINISTRY OF ROAD TRANSPORT & HIGHWAYS,ROADS & HIGHWAYS,MADHYA PRADESH,MORTH,511.83,0.0,94.5,2015-01-08,2017-01-07,0.0,0.0
MINISTRY OF ROAD TRANSPORT & HIGHWAYS,ROADS & HIGHWAYS,MAHARASHTRA,MORTH,619.55,0.0,8.24,2025-01-10,2027-01-10,0.0,-18.35
MINISTRY OF ROAD TRANSPORT & HIGHWAYS,ROADS & HIGHWAYS,TELANGANA,MORTH,283.15,480.41,92.62,2018-01-05,2020-01-05,0.0,0.0
MINISTRY OF ROAD TRANSPORT & HIGHWAYS,ROADS & HIGHWAYS,MADHYA PRADESH,MORTH,329.14,0.0,100.0,2023-01-09,2025-01-09,,
MINISTRY OF ROAD TRANSPORT & HIGHWAYS,ROADS & HIGHWAYS,GUJARAT,MORTH,1295.39,0.0,30.0,2025-01-08,2028-01-02,-5.0,0.0
MINISTRY OF ROAD TRANSPORT & HIGHWAYS,ROADS & HIGHWAYS,CHHATTISGARH,MORTH,349.03,0.0,97.9,2019-01-01,2021-01-01,0.0,-304.04
MINISTRY OF ROAD TRANSPORT & HIGHWAYS,ROADS & HIGHWAYS,ODISHA,MORTH,511.54,0.0,3.0,2025-01-06,2027-01-06,0.0,-7.64
MINISTRY OF ROAD TRANSPORT & HIGHWAYS,ROADS & HIGHWAYS,GUJARAT,MORTH,246.6,0.0,35.0,2025-01-01,2027-01-01,0.0,0.0
MINISTRY OF ROAD TRANSPORT & HIGHWAYS,ROADS & HIGHWAYS,JHARKHAND,MORTH,153.01,100.77,95.0,2021-01-08,2023-01-08,0.0,0.0
MINISTRY OF ROAD TRANSPORT & HIGHWAYS,ROADS & HIGHWAYS,MADHYA PRADESH,MORTH,305.12,0.0,89.07000000000001,2023-01-04,2024-01-10,-3.259999999999991,0.0
MINISTRY OF ROAD TRANSPORT & HIGHWAYS,ROADS & HIGHWAYS,KARNATAKA,MORTH,617.28,7.59,48.5,2025-01-07,2027-01-01,0.0,-0.4399999999999995
MINISTRY OF ROAD TRANSPORT & HIGHWAYS,ROADS & HIGHWAYS,UTTAR PRADESH,MORTH,1138.72,0.07,35.0,2025-01-06,2027-01-06,-1.6700000000000017,0.0
MINISTRY OF ROAD TRANSPORT & HIGHWAYS,ROADS & HIGHWAYS,UTTAR PRADESH,MORTH,1273.72,0.0,54.0,2025-01-05,2027-01-05,-1.000000000000007,0.0
MINISTRY OF ROAD TRANSPORT & HIGHWAYS,ROADS & HIGHWAYS,BIHAR,MORTH,1110.23,0.0,51.91,2023-01-05,2027-01-05,-0.6900000000000048,-522.58
MINISTRY OF ROAD TRANSPORT & HIGHWAYS,ROADS & HIGHWAYS,UTTAR PRADESH,MORTH,1511.57,0.0,36.02,2025-01-03,2027-01-03,-3.979999999999997,0.0
MINISTRY OF ROAD TRANSPORT & HIGHWAYS,ROADS & HIGHWAYS,BIHAR,MORTH,3064.45,0.0,17.24,2024-01-05,2027-01-11,-1.4200000000000017,0.0
MINISTRY OF ROAD TRANSPORT & HIGHWAYS,ROADS & HIGHWAYS,BIHAR,MORTH,1661.25,0.83,7.89,2025-01-09,2028-01-03,-1.1800000000000006,0.0
MINISTRY OF ROAD TRANSPORT & HIGHWAYS,ROADS & HIGHWAYS,UTTAR PRADESH,MORTH,974.19,0.99,57.99999999999999,2024-01-11,2027-01-05,0.0,-0.2099999999999999
MINISTRY OF ROAD TRANSPORT & HIGHWAYS,ROADS & HIGHWAYS,HIMACHAL PRADESH,MORTH,870.95,0.0,0.0,2026-01-03,2029-01-03,0.0,0.0
MINISTRY OF ROAD TRANSPORT & HIGHWAYS,ROADS & HIGHWAYS,ANDHRA PRADESH,MORTH,244.43,21.96,13.0,2025-01-01,2026-01-07,0.0,0.0
MINISTRY OF ROAD TRANSPORT & HIGHWAYS,ROADS & HIGHWAYS,ANDHRA PRADESH,MORTH,361.24,145.94,43.22,2023-01-11,2025-01-11,-13.47,0.0
MINISTRY OF ROAD TRANSPORT & HIGHWAYS,ROADS & HIGHWAYS,ANDHRA PRADESH,MORTH,311.22,211.05,91.25,2022-01-10,2024-01-10,-1.7600000000000051,0.0
MINISTRY OF ROAD TRANSPORT & HIGHWAYS,ROADS & HIGHWAYS,ANDHRA PRADESH,MORTH,349.29,264.81,100.0,2022-01-07,2024-01-07,1.9099999999999968,-0.0500000000000113
MINISTRY OF ROAD TRANSPORT & HIGHWAYS,ROADS & HIGHWAYS,UTTAR PRADESH,MORTH,1348.06,0.0,35.0,2025-01-11,2027-01-11,0.0,0.0
MINISTRY OF ROAD TRANSPORT & HIGHWAYS,ROADS & HIGHWAYS,UTTAR PRADESH,MORTH,1734.7,0.0,10.0,2025-01-08,2027-01-07,0.0,0.0
MINISTRY OF ROAD TRANSPORT & HIGHWAYS,ROADS & HIGHWAYS,UTTAR PRADESH,MORTH,701.02,0.0,81.17999999999999,2025-01-01,2026-01-07,0.0,-156.4
MINISTRY OF ROAD TRANSPORT & HIGHWAYS,ROADS & HIGHWAYS,UTTAR PRADESH,MORTH,2061.86,0.0,37.0,2025-01-12,2028-01-05,-4.0,-222.2
MINISTRY OF ROAD TRANSPORT & HIGHWAYS,ROADS & HIGHWAYS,UTTAR PRADESH,MORTH,172.5,0.0,91.0,2022-01-07,2024-01-07,-1.0,-0.13
MINISTRY OF ROAD TRANSPORT & HIGHWAYS,ROADS & HIGHWAYS,UTTAR PRADESH,MORTH,325.24,0.0,99.0,2022-01-11,2024-01-11,0.0,0.0
MINISTRY OF ROAD TRANSPORT & HIGHWAYS,ROADS & HIGHWAYS,UTTAR PRADESH,MORTH,236.47,0.0,100.0,2022-01-09,2024-01-03,0.0,0.0
MINISTRY OF ROAD TRANSPORT & HIGHWAYS,ROADS & HIGHWAYS,HIMACHAL PRADESH,MORTH,230.55,31.4,23.24,2023-01-07,2026-01-06,0.0,0.0
MINISTRY OF ROAD TRANSPORT & HIGHWAYS,ROADS & HIGHWAYS,HIMACHAL PRADESH,MORTH,314.67,93.27,60.02,2023-01-05,2026-01-05,-2.259999999999998,0.0
MINISTRY OF ROAD TRANSPORT & HIGHWAYS,ROADS & HIGHWAYS,JAMMU AND KASHMIR,MORTH,734.64,0.0,50.03,2024-01-07,2026-01-07,-9.97,0.0
MINISTRY OF ROAD TRANSPORT & HIGHWAYS,ROADS & HIGHWAYS,JAMMU AND KASHMIR,MORTH,562.45,158.52,71.27,2024-01-01,2026-01-01,0.0,-0.1599999999999966
MINISTRY OF ROAD TRANSPORT & HIGHWAYS,ROADS & HIGHWAYS,JAMMU AND KASHMIR,MORTH,152.93,77.62,90.06,2021-01-09,2023-01-09,0.0,0.0
MINISTRY OF ROAD TRANSPORT & HIGHWAYS,ROADS & HIGHWAYS,JAMMU AND KASHMIR,MORTH,796.97,440.97,92.1,2021-01-08,2024-01-08,0.0,0.0
MINISTRY OF ROAD TRANSPORT & HIGHWAYS,ROADS & HIGHWAYS,JAMMU AND KASHMIR,MORTH,395.25,156.58,89.2,2022-01-07,2024-01-07,0.0,-5.419999999999988
MINISTRY OF ROAD TRANSPORT & HIGHWAYS,ROADS & HIGHWAYS,JAMMU AND KASHMIR,MORTH,272.49,160.08,95.27,2022-01-11,2024-01-11,0.0,0.0
MINISTRY OF ROAD TRANSPORT & HIGHWAYS,ROADS & HIGHWAYS,WEST BENGAL,MORTH,995.04,578.55,73.5,2023-01-03,2025-01-09,-1.480000000000004,-12.230000000000018
MINISTRY OF ROAD TRANSPORT & HIGHWAYS,ROADS & HIGHWAYS,BIHAR,MORTH,2926.42,0.0,74.92999999999999,2021-01-03,2024-01-09,-0.4000000000000057,-622.65
MINISTRY OF ROAD TRANSPORT & HIGHWAYS,ROADS & HIGHWAYS,HIMACHAL PRADESH,MORTH,314.32,0.0,70.39,2022-01-10,2025-01-04,-0.1899999999999977,0.0
MINISTRY OF ROAD TRANSPORT & HIGHWAYS,ROADS & HIGHWAYS,HIMACHAL PRADESH,MORTH,371.93,198.34,93.61,2022-01-06,2024-01-12,-0.0100000000000051,0.0
MINISTRY OF ROAD TRANSPORT & HIGHWAYS,ROADS & HIGHWAYS,UTTAR PRADESH,MORTH,1948.25,0.0,90.2,2021-01-02,2024-01-02,-0.7999999999999972,-0.43
MINISTRY OF ROAD TRANSPORT & HIGHWAYS,ROADS & HIGHWAYS,BIHAR,MORTH,1478.4,901.32,97.5,2021-01-06,2024-01-06,-1.0999999999999943,-0.1999999999999318
MINISTRY OF ROAD TRANSPORT & HIGHWAYS,ROADS & HIGHWAYS,ANDHRA PRADESH,MORTH,350.61,233.93,98.2,2017-01-01,2018-01-07,0.0,0.0
MINISTRY OF ROAD TRANSPORT & HIGHWAYS,ROADS & HIGHWAYS,ASSAM,NHIDCL,1264.9,603.33,64.48,2023-01-12,2026-01-06,0.0,-29.659999999999968
MINISTRY OF ROAD TRANSPORT & HIGHWAYS,ROADS & HIGHWAYS,ASSAM,NHIDCL,1000.27,490.64,59.78,2023-01-12,2026-01-06,0.0,-14.83000000000004
MINISTRY OF ROAD TRANSPORT & HIGHWAYS,ROADS & HIGHWAYS,ASSAM,NHIDCL,1457.59,926.96,85.87,2023-01-12,2026-01-12,0.0,-35.76999999999998
MINISTRY OF ROAD TRANSPORT & HIGHWAYS,ROADS & HIGHWAYS,ASSAM,NHIDCL,1258.13,0.0,14.04,2025-01-04,2027-01-10,0.0,-186.86
MINISTRY OF ROAD TRANSPORT & HIGHWAYS,ROADS & HIGHWAYS,ASSAM,NHIDCL,1181.55,0.0,41.260000000000005,2025-01-09,2027-01-09,0.0,-178.62
MINISTRY OF ROAD TRANSPORT & HIGHWAYS,ROADS & HIGHWAYS,ASSAM,NHIDCL,1716.21,970.37,81.65,2024-01-02,2026-01-08,0.0,-87.35000000000002
MINISTRY OF ROAD TRANSPORT & HIGHWAYS,ROADS & HIGHWAYS,ASSAM,NHIDCL,1256.9,575.03,59.650000000000006,2024-01-01,2026-01-07,0.0,-57.17000000000007
MINISTRY OF ROAD TRANSPORT & HIGHWAYS,ROADS & HIGHWAYS,MIZORAM,NHIDCL,561.91,0.0,17.119999999999997,2025-01-07,2027-01-01,0.0,-223.99
MINISTRY OF ROAD TRANSPORT & HIGHWAYS,ROADS & HIGHWAYS,MIZORAM,NHIDCL,720.4,247.14,11.86,2025-01-07,2027-01-07,0.0,-12.710000000000036
MINISTRY OF ROAD TRANSPORT & HIGHWAYS,ROADS & HIGHWAYS,MIZORAM,NHIDCL,595.65,173.14,6.72,2025-01-07,2027-01-01,0.0,-16.25
MINISTRY OF ROAD TRANSPORT & HIGHWAYS,ROADS & HIGHWAYS,MIZORAM,NHIDCL,866.32,0.0,18.9,2025-01-10,2028-01-10,0.0,-190.01
MINISTRY OF ROAD TRANSPORT & HIGHWAYS,ROADS & HIGHWAYS,MIZORAM,NHIDCL,875.79,0.0,13.95,2025-01-11,2028-01-11,0.0,-288.34
MINISTRY OF ROAD TRANSPORT & HIGHWAYS,ROADS & HIGHWAYS,MIZORAM,NHIDCL,720.72,0.0,15.1,2025-01-10,2028-01-11,0.0,-102.62
MINISTRY OF ROAD TRANSPORT & HIGHWAYS,ROADS & HIGHWAYS,ASSAM,NHIDCL,204.1,142.21,0.0,2023-01-01,2024-01-07,,
MINISTRY OF ROAD TRANSPORT & HIGHWAYS,ROADS & HIGHWAYS,ASSAM,NHIDCL,516.88,0.0,99.7,2023-01-11,2025-01-11,0.0,-322.98
MINISTRY OF ROAD TRANSPORT & HIGHWAYS,ROADS & HIGHWAYS,NAGALAND,NHIDCL,562.98,535.96,84.32,2023-01-09,2025-01-09,0.0,-6.889999999999986
MINISTRY OF ROAD TRANSPORT & HIGHWAYS,ROADS & HIGHWAYS,ASSAM,NHIDCL,957.95,165.23,47.27,2025-01-01,2028-01-01,0.0,-49.41
MINISTRY OF ROAD TRANSPORT & HIGHWAYS,ROADS & HIGHWAYS,MANIPUR,NHIDCL,760.16,424.3,92.52,2023-01-12,2025-01-12,0.0,-3.829999999999984
MINISTRY OF ROAD TRANSPORT & HIGHWAYS,ROADS & HIGHWAYS,MANIPUR,NHIDCL,504.76,325.89,95.2,2023-01-02,2025-01-02,0.0,0.0
MINISTRY OF ROAD TRANSPORT & HIGHWAYS,ROADS & HIGHWAYS,MANIPUR,NHIDCL,410.68,345.66,90.61,2022-01-11,2024-01-05,-0.4099999999999966,-37.00999999999999
MINISTRY OF ROAD TRANSPORT & HIGHWAYS,ROADS & HIGHWAYS,MANIPUR,NHIDCL,579.63,404.8,85.98,2022-01-06,2023-01-12,-0.0700000000000073,-3.409999999999968
MINISTRY OF ROAD TRANSPORT & HIGHWAYS,ROADS & HIGHWAYS,MANIPUR,NHIDCL,467.0,593.44,86.33,2021-01-09,2023-01-03,0.0,-0.349999999999909
MINISTRY OF ROAD TRANSPORT & HIGHWAYS,ROADS & HIGHWAYS,ASSAM,NHIDCL,870.0,0.0,40.99,2025-01-03,2027-01-03,0.0,-158.08
MINISTRY OF ROAD TRANSPORT & HIGHWAYS,ROADS & HIGHWAYS,ASSAM,NHIDCL,791.79,0.06,41.88,2025-01-02,2027-01-02,0.0,-135.48
MINISTRY OF ROAD TRANSPORT & HIGHWAYS,ROADS & HIGHWAYS,ASSAM,NHIDCL,1319.55,0.0,25.16,2025-01-08,2027-01-08,2.09,-185.17
MINISTRY OF ROAD TRANSPORT & HIGHWAYS,ROADS & HIGHWAYS,ASSAM,NHIDCL,676.18,0.0,57.17,2024-01-08,2027-01-02,0.0,-339.78
MINISTRY OF ROAD TRANSPORT & HIGHWAYS,ROADS & HIGHWAYS,ASSAM,NHIDCL,746.76,426.91,81.07,2021-01-11,2024-01-11,0.0,-8.879999999999995
MINISTRY OF ROAD TRANSPORT & HIGHWAYS,ROADS & HIGHWAYS,ASSAM,NHIDCL,1338.61,0.0,12.45,2024-01-12,2027-01-06,0.0,-199.15
MINISTRY OF ROAD TRANSPORT & HIGHWAYS,ROADS & HIGHWAYS,ASSAM,NHIDCL,1081.15,0.0,32.59,2025-01-02,2027-01-08,-2.4099999999999966,-163.12
MINISTRY OF ROAD TRANSPORT & HIGHWAYS,ROADS & HIGHWAYS,ASSAM,NHIDCL,224.85,209.94,97.76,2020-01-06,2022-01-12,0.0,-0.0099999999999909
MINISTRY OF ROAD TRANSPORT & HIGHWAYS,ROADS & HIGHWAYS,NAGALAND,NHIDCL,202.36,102.12,46.77,2020-01-10,2022-01-04,0.0,-0.1999999999999886
MINISTRY OF ROAD TRANSPORT & HIGHWAYS,ROADS & HIGHWAYS,NAGALAND,NHIDCL,159.85,123.42,39.54,2023-01-06,2025-01-06,0.0,-4.899999999999992
MINISTRY OF ROAD TRANSPORT & HIGHWAYS,ROADS & HIGHWAYS,NAGALAND,NHIDCL,277.44,198.97,69.76,2020-01-10,2022-01-10,0.0,-3.0200000000000102
MINISTRY OF ROAD TRANSPORT & HIGHWAYS,ROADS & HIGHWAYS,NAGALAND,NHIDCL,232.29,116.76,27.24,2023-01-11,2026-01-11,0.0,-4.159999999999997
MINISTRY OF ROAD TRANSPORT & HIGHWAYS,ROADS & HIGHWAYS,MEGHALAYA,NHIDCL,801.07,176.12,26.08,2025-01-09,2027-01-09,-0.7200000000000024,-0.4300000000000068
MINISTRY OF ROAD TRANSPORT & HIGHWAYS,ROADS & HIGHWAYS,MEGHALAYA,NHIDCL,705.83,0.0,45.52,2025-01-03,2027-01-03,-0.8599999999999994,0.0
MINISTRY OF ROAD TRANSPORT & HIGHWAYS,ROADS & HIGHWAYS,NAGALAND,NHIDCL,330.8,0.0,98.39,2023-01-11,2025-01-11,0.0,-268.18
MINISTRY OF ROAD TRANSPORT & HIGHWAYS,ROADS & HIGHWAYS,MANIPUR,NHIDCL,211.7,254.22,93.54,2021-01-07,2023-01-01,-1.1699999999999875,-18.080000000000013
MINISTRY OF ROAD TRANSPORT & HIGHWAYS,ROADS & HIGHWAYS,MANIPUR,NHIDCL,379.39,312.58,91.39,2020-01-10,2022-01-04,0.0,-2.150000000000034
MINISTRY OF ROAD TRANSPORT & HIGHWAYS,ROADS & HIGHWAYS,MANIPUR,NHIDCL,256.04,0.0,98.12,2020-01-07,2022-01-06,0.0,-195.0
MINISTRY OF ROAD TRANSPORT & HIGHWAYS,ROADS & HIGHWAYS,MANIPUR,NHIDCL,222.77,0.0,88.96,2020-01-07,2022-01-06,0.0,-140.9
MINISTRY OF ROAD TRANSPORT & HIGHWAYS,ROADS & HIGHWAYS,MANIPUR,NHIDCL,164.89,127.59,26.67,2024-01-12,2026-01-06,-1.4499999999999993,-1.329999999999984
MINISTRY OF ROAD TRANSPORT & HIGHWAYS,ROADS & HIGHWAYS,MANIPUR,NHIDCL,554.66,221.02,24.43,2024-01-12,2026-01-12,-1.7899999999999991,-4.70999999999998
MINISTRY OF ROAD TRANSPORT & HIGHWAYS,ROADS & HIGHWAYS,MANIPUR,NHIDCL,564.05,172.98,14.499999999999998,2025-01-05,2027-01-03,0.0,-0.6000000000000227
MINISTRY OF ROAD TRANSPORT & HIGHWAYS,ROADS & HIGHWAYS,TRIPURA,NHIDCL,456.88,0.0,54.56,2023-01-01,2025-01-01,0.0,-205.69
MINISTRY OF ROAD TRANSPORT & HIGHWAYS,ROADS & HIGHWAYS,NAGALAND,NHIDCL,355.79,0.0,43.13,2024-01-01,2026-01-01,0.0,0.0
MINISTRY OF ROAD TRANSPORT & HIGHWAYS,ROADS & HIGHWAYS,UTTARAKHAND,MORTH,649.6,0.0,30.76,2024-01-11,2026-01-11,-6.429999999999996,0.0
MINISTRY OF ROAD TRANSPORT & HIGHWAYS,ROADS & HIGHWAYS,UTTARAKHAND,MORTH,603.92,0.0,81.17,2021-01-12,2023-01-12,0.0,0.0
MINISTRY OF ROAD TRANSPORT & HIGHWAYS,ROADS & HIGHWAYS,BIHAR,MORTH,427.29,198.15,93.0,2023-01-06,2024-01-12,0.0,-0.079999999999984
MINISTRY OF ROAD TRANSPORT & HIGHWAYS,ROADS & HIGHWAYS,JHARKHAND,MORTH,423.18,5.46,0.01,2023-01-08,2025-01-08,,
MINISTRY OF ROAD TRANSPORT & HIGHWAYS,ROADS & HIGHWAYS,UTTAR PRADESH,MORTH,343.54,84.43,65.0,2024-01-02,2025-01-08,-8.0,-4.539999999999992
MINISTRY OF ROAD TRANSPORT & HIGHWAYS,ROADS & HIGHWAYS,MAHARASHTRA,MORTH,280.57,0.0,65.0,2022-01-06,2024-01-05,-2.390000000000001,-144.61
MINISTRY OF ROAD TRANSPORT & HIGHWAYS,ROADS & HIGHWAYS,MAHARASHTRA,MORTH,540.35,139.11,63.67,2025-01-05,2027-01-05,-4.560000000000002,-19.269999999999985
MINISTRY OF ROAD TRANSPORT & HIGHWAYS,ROADS & HIGHWAYS,TELANGANA,MORTH,423.48,184.83,77.77,2022-01-12,2024-01-12,-0.0799999999999983,0.0
MINISTRY OF ROAD TRANSPORT & HIGHWAYS,ROADS & HIGHWAYS,BIHAR,MORTH,495.16,0.0,37.0,2024-01-10,2026-01-04,-2.0,-0.38
MINISTRY OF ROAD TRANSPORT & HIGHWAYS,ROADS & HIGHWAYS,KARNATAKA,MORTH,957.09,288.15,60.21,2025-01-01,2027-01-01,0.0,-0.0800000000000409
MINISTRY OF ROAD TRANSPORT & HIGHWAYS,ROADS & HIGHWAYS,MAHARASHTRA,MORTH,761.83,0.0,15.0,2025-01-05,2027-01-05,0.0,0.0
MINISTRY OF ROAD TRANSPORT & HIGHWAYS,ROADS & HIGHWAYS,KARNATAKA,MORTH,255.88,182.8,96.0,2023-01-01,2024-01-07,0.0,-2.469999999999999
MINISTRY OF ROAD TRANSPORT & HIGHWAYS,ROADS & HIGHWAYS,MAHARASHTRA,MORTH,206.54,0.0,65.14,2023-01-04,2025-01-04,0.0,-74.51
MINISTRY OF ROAD TRANSPORT & HIGHWAYS,ROADS & HIGHWAYS,TELANGANA,MORTH,512.98,151.45,46.0,2024-01-02,2026-01-02,0.0,-1.0400000000000205
MINISTRY OF ROAD TRANSPORT & HIGHWAYS,ROADS & HIGHWAYS,RAJASTHAN,MORTH,606.61,0.0,60.39,2024-01-10,2026-01-10,-3.1300000000000026,-304.62
MINISTRY OF ROAD TRANSPORT & HIGHWAYS,ROADS & HIGHWAYS,MAHARASHTRA,MORTH,369.39,333.1,86.3,2018-01-06,2019-01-12,0.0,0.0
MINISTRY OF ROAD TRANSPORT & HIGHWAYS,ROADS & HIGHWAYS,MAHARASHTRA,MORTH,407.2,0.0,91.89,2017-01-06,2019-01-06,0.0,0.0
MINISTRY OF ROAD TRANSPORT & HIGHWAYS,ROADS & HIGHWAYS,MAHARASHTRA,MORTH,167.97,0.0,93.75,2022-01-11,2024-01-05,0.0,0.0
MINISTRY OF ROAD TRANSPORT & HIGHWAYS,ROADS & HIGHWAYS,ANDHRA PRADESH,MORTH,881.61,0.0,37.95,2025-01-04,2027-01-04,0.0,0.0
MINISTRY OF ROAD TRANSPORT & HIGHWAYS,ROADS & HIGHWAYS,TELANGANA,MORTH,886.69,620.25,86.74,2023-01-07,2025-01-07,-3.3100000000000023,0.0
MINISTRY OF ROAD TRANSPORT & HIGHWAYS,ROADS & HIGHWAYS,TELANGANA,MORTH,631.49,125.34,30.8,2023-01-10,2025-01-10,-15.830000000000002,0.0
MINISTRY OF ROAD TRANSPORT & HIGHWAYS,ROADS & HIGHWAYS,TELANGANA,MORTH,703.68,304.65,90.69,2023-01-01,2025-01-01,0.0,0.0
MINISTRY OF ROAD TRANSPORT & HIGHWAYS,ROADS & HIGHWAYS,GUJARAT,MORTH,237.28,0.0,63.0,2023-01-12,2025-01-12,-1.5,-41.55
MINISTRY OF ROAD TRANSPORT & HIGHWAYS,ROADS & HIGHWAYS,KARNATAKA,MORTH,355.72,215.43,88.33,2022-01-12,2024-01-12,0.0,-2.030000000000001
MINISTRY OF ROAD TRANSPORT & HIGHWAYS,ROADS & HIGHWAYS,UTTAR PRADESH,MORTH,403.36,0.0,96.0,2023-01-12,2025-01-06,0.0,-142.17
MINISTRY OF ROAD TRANSPORT & HIGHWAYS,ROADS & HIGHWAYS,UTTAR PRADESH,MORTH,912.5,1.9,7.000000000000001,2025-01-05,2026-01-11,-0.9999999999999992,-6.82
MINISTRY OF ROAD TRANSPORT & HIGHWAYS,ROADS & HIGHWAYS,UTTAR PRADESH,MORTH,587.97,61.19,43.46,2025-01-05,2026-01-11,-7.259999999999998,-18.97
MINISTRY OF ROAD TRANSPORT & HIGHWAYS,ROADS & HIGHWAYS,UTTAR PRADESH,MORTH,1192.33,0.0,4.0,2026-01-02,2028-01-08,0.0,0.0
MINISTRY OF ROAD TRANSPORT & HIGHWAYS,ROADS & HIGHWAYS,MAHARASHTRA,MORTH,488.6,0.0,96.19,2017-01-08,2019-01-07,0.0,0.0
MINISTRY OF ROAD TRANSPORT & HIGHWAYS,ROADS & HIGHWAYS,MAHARASHTRA,MORTH,157.62,0.0,68.93,2023-01-01,2024-01-07,0.0,0.0
MINISTRY OF ROAD TRANSPORT & HIGHWAYS,ROADS & HIGHWAYS,TELANGANA,MORTH,549.28,325.77,94.68,2022-01-12,2024-01-12,-0.289999999999992,0.0
MINISTRY OF ROAD TRANSPORT & HIGHWAYS,ROADS & HIGHWAYS,UTTAR PRADESH,MORTH,947.15,0.0,8.0,2025-01-10,2027-01-10,-1.0600000000000005,-26.64
MINISTRY OF ROAD TRANSPORT & HIGHWAYS,ROADS & HIGHWAYS,MAHARASHTRA,MORTH,253.78,0.0,99.75,2023-01-11,2025-01-05,-0.25,-98.95
MINISTRY OF ROAD TRANSPORT & HIGHWAYS,ROADS & HIGHWAYS,KARNATAKA,MORTH,613.65,0.0,23.16,2025-01-11,2027-01-11,-2.020000000000003,-66.04
MINISTRY OF ROAD TRANSPORT & HIGHWAYS,ROADS & HIGHWAYS,TELANGANA,MORTH,644.45,403.3,98.6,2023-01-03,2025-01-03,0.0,-0.1800000000000068
MINISTRY OF ROAD TRANSPORT & HIGHWAYS,ROADS & HIGHWAYS,ANDHRA PRADESH,MORTH,294.13,312.4,98.52,2018-01-08,2020-01-02,0.0,0.0
MINISTRY OF ROAD TRANSPORT & HIGHWAYS,ROADS & HIGHWAYS,TELANGANA,MORTH,578.85,0.0,85.0,2022-01-12,2024-01-09,0.0,0.0
MINISTRY OF ROAD TRANSPORT & HIGHWAYS,ROADS & HIGHWAYS,TELANGANA,MORTH,882.18,383.75,74.06,2023-01-01,2025-01-01,0.0,0.0
MINISTRY OF ROAD TRANSPORT & HIGHWAYS,ROADS & HIGHWAYS,MAHARASHTRA,MORTH,388.93,0.0,93.07,2022-01-01,2024-01-01,0.0,-170.26
MINISTRY OF ROAD TRANSPORT & HIGHWAYS,ROADS & HIGHWAYS,MAHARASHTRA,MORTH,723.13,0.0,53.5,2024-01-07,2026-01-07,0.0,-168.06
MINISTRY OF ROAD TRANSPORT & HIGHWAYS,ROADS & HIGHWAYS,RAJASTHAN,MORTH,317.74,6.14,48.9,2023-01-10,2025-01-04,-1.4299999999999995,0.0
MINISTRY OF ROAD TRANSPORT & HIGHWAYS,ROADS & HIGHWAYS,JAMMU AND KASHMIR,MORTH,702.1,0.0,51.0,2024-01-11,2026-01-11,0.0,0.0
MINISTRY OF ROAD TRANSPORT & HIGHWAYS,ROADS & HIGHWAYS,JAMMU AND KASHMIR,MORTH,992.43,98.99,46.8,2024-01-09,2026-01-09,0.0,-13.170000000000002
MINISTRY OF ROAD TRANSPORT & HIGHWAYS,ROADS & HIGHWAYS,JAMMU AND KASHMIR,MORTH,980.21,131.91,56.99999999999999,2024-01-08,2026-01-07,0.0,-0.1200000000000045
MINISTRY OF ROAD TRANSPORT & HIGHWAYS,ROADS & HIGHWAYS,JAMMU AND KASHMIR,MORTH,426.15,112.2,54.89000000000001,2023-01-06,2025-01-06,0.0,0.0
MINISTRY OF ROAD TRANSPORT & HIGHWAYS,ROADS & HIGHWAYS,JAMMU AND KASHMIR,MORTH,823.46,292.48,85.5,2023-01-08,2025-01-08,0.0,-6.479999999999961
MINISTRY OF ROAD TRANSPORT & HIGHWAYS,ROADS & HIGHWAYS,JAMMU AND KASHMIR,MORTH,1404.94,143.99,41.7,2024-01-11,2027-01-05,0.0,-16.599999999999994
MINISTRY OF ROAD TRANSPORT & HIGHWAYS,ROADS & HIGHWAYS,UTTARAKHAND,MORTH,573.96,0.0,21.03,2023-01-10,2027-01-10,0.0,0.0
MINISTRY OF ROAD TRANSPORT & HIGHWAYS,ROADS & HIGHWAYS,MAHARASHTRA,MORTH,223.46,0.0,89.08,2018-01-06,2019-01-12,0.0,0.0
MINISTRY OF ROAD TRANSPORT & HIGHWAYS,ROADS & HIGHWAYS,UTTAR PRADESH,MORTH,809.25,0.0,59.0,2024-01-06,2025-01-12,-0.5,-167.84
MINISTRY OF ROAD TRANSPORT & HIGHWAYS,ROADS & HIGHWAYS,UTTAR PRADESH,MORTH,1141.67,0.0,91.0,2024-01-06,2026-01-06,-9.0,0.0
MINISTRY OF ROAD TRANSPORT & HIGHWAYS,ROADS & HIGHWAYS,UTTAR PRADESH,MORTH,1156.72,0.0,100.0,2024-01-02,2026-01-01,,
MINISTRY OF ROAD TRANSPORT & HIGHWAYS,ROADS & HIGHWAYS,MAHARASHTRA,MORTH,653.46,7.34,98.08,2017-01-08,2019-01-08,0.0,0.0
MINISTRY OF ROAD TRANSPORT & HIGHWAYS,ROADS & HIGHWAYS,UTTAR PRADESH,MORTH,697.66,0.04,100.0,2023-01-10,2025-01-10,0.0,0.0
MINISTRY OF ROAD TRANSPORT & HIGHWAYS,ROADS & HIGHWAYS,UTTAR PRADESH,MORTH,640.18,265.25,97.68,2023-01-11,2025-01-11,-0.3199999999999932,-5.569999999999993
MINISTRY OF ROAD TRANSPORT & HIGHWAYS,ROADS & HIGHWAYS,MAHARASHTRA,MORTH,341.8,0.0,82.0,2017-01-06,2019-01-06,0.0,-208.25
MINISTRY OF ROAD TRANSPORT & HIGHWAYS,ROADS & HIGHWAYS,MAHARASHTRA,MORTH,381.77,0.0,83.93,2017-01-06,2019-01-06,0.0,0.0
MINISTRY OF ROAD TRANSPORT & HIGHWAYS,ROADS & HIGHWAYS,MAHARASHTRA,MORTH,428.8,0.0,93.46,2023-01-05,2025-01-05,,
MINISTRY OF ROAD TRANSPORT & HIGHWAYS,ROADS & HIGHWAYS,MAHARASHTRA,MORTH,227.19,0.0,95.29,2018-01-06,2019-01-12,0.0,-5.78
MINISTRY OF ROAD TRANSPORT & HIGHWAYS,ROADS & HIGHWAYS,UTTAR PRADESH,MORTH,917.91,134.41,56.00000000000001,2024-01-01,2026-01-01,0.0,0.0
MINISTRY OF ROAD TRANSPORT & HIGHWAYS,ROADS & HIGHWAYS,MANIPUR,NHIDCL,195.14,161.96,92.99,2025-01-03,2026-01-03,-0.1099999999999994,-0.75
MINISTRY OF PETROLEUM & NATURAL GAS,OIL & GAS,HARYANA,MINISTRY OF PETROLEUM & NATURAL GAS,2281.94,1921.56,65.3,2019-01-06,2022-01-12,-0.1000000000000085,-0.4700000000000273
MINISTRY OF PETROLEUM & NATURAL GAS,OIL & GAS,ODISHA,MINISTRY OF PETROLEUM & NATURAL GAS,13805.0,70820.19,94.6,2020-01-07,2024-01-01,-0.3000000000000113,61949.9
MINISTRY OF PETROLEUM & NATURAL GAS,OIL & GAS,ASSAM,MINISTRY OF PETROLEUM & NATURAL GAS,682.9,599.83,94.4,2018-01-01,2020-01-02,0.0,-1.2899999999999636
MINISTRY OF POWER,ELECTRICITY GENERATION,JAMMU AND KASHMIR,NATIONAL HYDROELECTRIC POWER CORPORATION LIMITED [NHPC],4526.12,1701.47,36.52,2022-01-11,2026-01-11,0.0,0.0
MINISTRY OF POWER,ELECTRICITY GENERATION,SIKKIM,NATIONAL HYDROELECTRIC POWER CORPORATION LIMITED [NHPC],938.29,1691.2,97.34,2021-01-08,2024-01-05,-0.2199999999999988,-26.96000000000004
DEPARTMENT OF HIGHER EDUCATION,EDUCATION,PUNJAB,"INDIAN INTITUE OF MANAGEMENT, AMRITSAR",348.31,293.24,91.7,2020-01-07,2023-01-06,0.0,0.0
DEPARTMENT OF HIGHER EDUCATION,EDUCATION,KERALA,INDIAN INSTITUTE OF TECHNOLOGY PALAKKAD,1006.45,686.2,86.5,2020-01-03,2022-01-06,0.0,0.0
MINISTRY OF POWER,TRANSMISSION & DISTRIBUTION,"MULTI-STATES (ASSAM, MANIPUR, MEGHALAYA, MIZORAM, NAGALAND, TRIPURA)",POWER GRID CORPORATION OF INDIA LIMITED [POWERGRID],5111.33,5577.75,99.1,2016-01-03,2018-01-12,-0.1000000000000085,0.0
DEPARTMENT OF HIGHER EDUCATION,EDUCATION,WEST BENGAL,"INDIAN INSTITUTE OF TECHNOLOGY, KHARAGPUR",500.0,418.86,97.0,2019-01-04,2023-01-03,0.0,0.0
"MINISTRY OF PORTS, SHIPPING AND WATERWAYS",SHIPPING,GUJARAT,DEENDAYAL PORT TRUST,4243.64,2481.0,60.0,2024-01-03,2027-01-03,0.0,-256.6999999999998
DEPARTMENT OF HIGHER EDUCATION,EDUCATION,SIKKIM,SIKKIM UNIVERSITY,314.06,292.0,96.0,2022-01-01,2025-01-01,-0.5,0.0
DEPARTMENT OF HIGHER EDUCATION,EDUCATION,ODISHA,"INDIAN INSTITUTES OF SCIENCE EDUCATION AND RESEARCH, BEHRAMPUR",1229.32,874.09,98.5,2019-01-09,2021-01-03,0.0,0.0
MINISTRY OF PETROLEUM & NATURAL GAS,OIL & GAS,JHARKHAND,OIL AND NATURAL GAS CORPORATION LIMITED [ONGC],431.0,267.59,66.10000000000001,2019-01-11,2024-01-01,-0.0999999999999943,-0.1500000000000341
MINISTRY OF CIVIL AVIATION,AVIATION & AVIATION INFRASTRUCTURE,JAMMU AND KASHMIR,AIRPORT AUTHORITY OF INDIA [AAI],861.37,353.54,55.35,2023-01-12,2026-01-06,-3.0,-16.899999999999977
MINISTRY OF RAILWAYS,RAILWAYS,"MULTI-STATES (GUJARAT, MAHARASHTRA)",WESTERN RAILWAY,311.0,263.42,93.0,2023-01-03,2025-01-12,,
MINISTRY OF CIVIL AVIATION,AVIATION & AVIATION INFRASTRUCTURE,WEST BENGAL,AIRPORT AUTHORITY OF INDIA [AAI],1549.0,507.8,39.68,2024-01-09,2027-01-03,11.78,-40.49999999999994
MINISTRY OF PETROLEUM & NATURAL GAS,ENERGY STORAGE,UTTAR PRADESH,MINISTRY OF PETROLEUM & NATURAL GAS,980.45,295.55,76.5,2022-01-09,2026-01-11,-0.7000000000000028,-12.800000000000011
MINISTRY OF POWER,ELECTRICITY GENERATION,JHARKHAND,DAMODAR VALLEY CORPORATION,14358.0,2114.29,13.5,2024-01-11,2029-01-03,-0.8000000000000007,-115.01999999999998
MINISTRY OF PETROLEUM & NATURAL GAS,ENERGY STORAGE,MAHARASHTRA,MINISTRY OF PETROLEUM & NATURAL GAS,281.35,279.72,83.0,2017-01-06,2025-01-05,-3.0,-1.5199999999999818
MINISTRY OF PETROLEUM & NATURAL GAS,OIL & GAS,ASSAM,MINISTRY OF PETROLEUM & NATURAL GAS,12366.0,20127.1,86.2,2020-01-07,2024-01-07,-0.7999999999999972,-284.09000000000015
DEPARTMENT OF HIGHER EDUCATION,EDUCATION,JAMMU AND KASHMIR,"INDIAN INSTITUTE OF MANAGEMENT, JAMMU",424.93,484.52,96.0,2020-01-10,2023-01-06,0.0,0.0
DEPARTMENT OF HIGHER EDUCATION,EDUCATION,HIMACHAL PRADESH,"INDIAN INSTITUTE OF MANAGEMENT, SIRMAUR",392.51,338.83,98.3,2020-01-08,2023-01-10,-0.2999999999999971,-0.8199999999999932
MINISTRY OF POWER,ELECTRICITY GENERATION,SIKKIM,NATIONAL HYDROELECTRIC POWER CORPORATION LIMITED [NHPC],5748.04,4519.87,73.48,2020-01-03,2024-01-03,-0.2999999999999971,-52.8100000000004
MINISTRY OF POWER,ELECTRICITY GENERATION,ARUNACHAL PRADESH,NATIONAL HYDROELECTRIC POWER CORPORATION LIMITED [NHPC],31876.39,4749.66,17.78,2023-01-02,2032-02-01,-0.1499999999999985,-171.69999999999982
MINISTRY OF POWER,ELECTRICITY GENERATION,WEST BENGAL,NATIONAL THERMAL POWER CORPORATION [NTPC],1381.84,1617.53,57.1,2014-01-09,2019-01-09,-0.759999999999998,-73.20000000000005
MINISTRY OF POWER,ELECTRICITY GENERATION,UTTARAKHAND,NATIONAL THERMAL POWER CORPORATION [NTPC],2978.0,7766.24,75.81,2006-01-11,2013-01-03,-0.2600000000000051,-61.57000000000062
MINISTRY OF POWER,ELECTRICITY GENERATION,UTTARAKHAND,THDC INDIA LIMITED,3860.35,5700.11,81.0,2014-01-01,2022-01-12,-0.5,-132.57999999999993
MINISTRY OF POWER,TRANSMISSION & DISTRIBUTION,"MULTI-STATES (ARUNACHAL PRADESH, SIKKIM)",POWER GRID CORPORATION OF INDIA LIMITED [POWERGRID],4754.42,8128.74,83.8,2014-01-10,2018-01-12,-0.0999999999999943,-12.780000000000657
MINISTRY OF POWER,ELECTRICITY GENERATION,JAMMU AND KASHMIR,NATIONAL HYDROELECTRIC POWER CORPORATION LIMITED [NHPC],8112.12,9313.54,82.05,2018-01-02,2020-01-04,0.0,0.0
MINISTRY OF POWER,ELECTRICITY GENERATION,JAMMU AND KASHMIR,NATIONAL HYDROELECTRIC POWER CORPORATION LIMITED [NHPC],4287.59,3948.67,87.0,2020-01-02,2023-01-09,0.0,0.0
MINISTRY OF POWER,ELECTRICITY GENERATION,JAMMU AND KASHMIR,NATIONAL HYDROELECTRIC POWER CORPORATION LIMITED [NHPC],5281.94,1639.83,31.290000000000003,2022-01-01,2026-01-02,-0.2399999999999984,-5.279999999999973
MINISTRY OF POWER,ELECTRICITY GENERATION,WEST BENGAL,DAMODAR VALLEY CORPORATION,1037.0,1138.42,97.0,2021-01-02,2024-01-01,0.0,-4.639999999999873
MINISTRY OF POWER,ELECTRICITY GENERATION,BIHAR,SATLUJ JAL VIDYUT NIGAM [SJVN] THERMAL LIMITED,10439.09,13606.72,94.94,2019-01-06,2024-01-01,-0.0700000000000073,-125.05000000000108
MINISTRY OF POWER,ELECTRICITY GENERATION,HIMACHAL PRADESH,SATLUJ JAL VIDYUT NIGAM [SJVN] THERMAL LIMITED,687.97,1159.67,79.59,2021-01-05,2025-01-11,-1.0999999999999943,-116.01
MINISTRY OF POWER,ELECTRICITY GENERATION,HIMACHAL PRADESH,SATLUJ JAL VIDYUT NIGAM [SJVN] THERMAL LIMITED,1810.56,1958.25,52.13,2020-01-11,2026-01-01,0.0,-22.33999999999992
MINISTRY OF RAILWAYS,RAILWAYS,CHHATTISGARH,SECR,1171.0,448.77,100.0,2021-01-05,2025-01-02,0.0,0.0
MINISTRY OF RAILWAYS,RAILWAYS,"MULTI-STATES (UTTAR PRADESH, WEST BENGAL)",EASTERN RAILWAY [ER] - I,461.64,296.61,33.0,2017-01-12,2027-01-03,18.0,111.38000000000002
MINISTRY OF POWER,ELECTRICITY GENERATION,ODISHA,NATIONAL THERMAL POWER CORPORATION [NTPC],11843.75,6779.45,53.5,2022-01-09,2027-01-05,-1.500000000000007,-251.86000000000055
DEPARTMENT FOR PROMOTION OF INDUSTRY & INTERNAL TRADE,REAL ESTATE,RAJASTHAN,NATIONAL INDUSTRIAL CORRIDOR DEVELOPMENT CORPORATION,921.66,0.0,4.67,2026-01-01,2028-01-07,-1.6500000000000004,0.0
MINISTRY OF POWER,COAL,JHARKHAND,NATIONAL THERMAL POWER CORPORATION [NTPC],502.0,436.5,67.86,2019-01-09,2056-12-01,0.0,-2.069999999999993
"DEPARTMENT OF WATER RESOURCES, RIVER DEVELOPMENT & GR",WATER RESOURCES,ODISHA,WATER RESOURCES-OR,567.03,2776.23,62.85,1998-01-01,2019-01-12,0.0,-33.86999999999989
MINISTRY OF PETROLEUM & NATURAL GAS,OIL & GAS,TAMIL NADU,CHENNAI PETROLEUM CORPORATION LIMITED [CPCL],31580.0,1590.07,10.2,2021-01-09,2025-01-06,0.0,-25.310000000000173
MINISTRY OF POWER,ELECTRICITY GENERATION,HIMACHAL PRADESH,SATLUJ JAL VIDYUT NIGAM [SJVN] THERMAL LIMITED,2614.51,1115.87,34.58,2023-01-01,2028-01-04,-0.0800000000000054,-36.34000000000015
MINISTRY OF CIVIL AVIATION,AVIATION & AVIATION INFRASTRUCTURE,TAMIL NADU,AIRPORT AUTHORITY OF INDIA [AAI],1207.0,314.15,43.5,2023-01-06,2025-01-07,-2.5,-17.700000000000045
MINISTRY OF RAILWAYS,RAILWAYS,GUJARAT,WESTERN RAILWAY WR - II,961.67,524.6,22.0,2023-01-02,2027-01-03,-1.0,-23.539999999999964
MINISTRY OF RAILWAYS,RAILWAYS,WEST BENGAL,NORTHEAST FRONTIER RAILWAY [NFR],1209.0,518.15,18.0,2010-01-12,2027-01-03,0.0,0.0
MINISTRY OF POWER,TRANSMISSION & DISTRIBUTION,"MULTI-STATES (DELHI, RAJASTHAN)",POWER GRID CORPORATION OF INDIA LIMITED [POWERGRID],2423.0,2223.59,90.51,2024-01-02,2025-01-08,-1.9599999999999935,-5.569999999999709
MINISTRY OF POWER,TRANSMISSION & DISTRIBUTION,"MULTI-STATES (RAJASTHAN, UTTAR PRADESH)",POWER GRID CORPORATION OF INDIA LIMITED [POWERGRID],3271.0,2731.29,73.17,2023-01-12,2025-01-12,-0.2800000000000011,0.0
MINISTRY OF POWER,TRANSMISSION & DISTRIBUTION,RAJASTHAN,POWER GRID CORPORATION OF INDIA LIMITED [POWERGRID],4741.0,3887.62,77.64999999999999,2023-01-12,2025-01-12,-1.740000000000009,0.0
MINISTRY OF POWER,TRANSMISSION & DISTRIBUTION,"MULTI-STATES (KARNATAKA, TELANGANA)",POWER GRID CORPORATION OF INDIA LIMITED [POWERGRID],1368.0,1231.2,93.76,2024-01-02,2026-01-02,-3.0799999999999983,-27.3599999999999
MINISTRY OF POWER,TRANSMISSION & DISTRIBUTION,GUJARAT,POWER GRID CORPORATION OF INDIA LIMITED [POWERGRID],4231.0,3175.78,70.87,2023-01-12,2025-01-12,-1.2499999999999858,-0.0099999999997635
MINISTRY OF POWER,TRANSMISSION & DISTRIBUTION,KARNATAKA,POWER GRID CORPORATION OF INDIA LIMITED [POWERGRID],4445.0,3958.72,92.35,2023-01-12,2025-01-12,-3.6000000000000085,-130.6800000000003
MINISTRY OF POWER,ELECTRICITY GENERATION,UTTAR PRADESH,NATIONAL THERMAL POWER CORPORATION [NTPC],17195.0,3646.01,23.8,2024-01-03,,-1.1999999999999993,-194.4699999999998
MINISTRY OF LABOUR AND EMPLOYMENT,HEALTHCARE,ANDHRA PRADESH,EMPLOYEE'S STATE INSURANCE COMPANY [ESIC],384.27,253.37,94.0,2023-01-04,2025-01-10,-1.0,-33.00999999999999
MINISTRY OF CIVIL AVIATION,AVIATION & AVIATION INFRASTRUCTURE,BIHAR,AIRPORT AUTHORITY OF INDIA [AAI],1413.0,9.56,2.86,2025-01-04,2027-01-03,-1.2900000000000005,-5.969999999999999
MINISTRY OF LABOUR AND EMPLOYMENT,HEALTHCARE,GUJARAT,EMPLOYEE'S STATE INSURANCE COMPANY [ESIC],558.12,55.81,21.5,2023-01-04,2026-01-03,-6.500000000000004,0.0
MINISTRY OF CIVIL AVIATION,AVIATION & AVIATION INFRASTRUCTURE,BIHAR,AIRPORT AUTHORITY OF INDIA [AAI],911.66,400.62,69.8,2024-01-07,2026-01-07,-1.2999999999999972,-25.600000000000023
MINISTRY OF LABOUR AND EMPLOYMENT,HEALTHCARE,GUJARAT,EMPLOYEE'S STATE INSURANCE COMPANY [ESIC],205.87,51.74,50.0,2023-01-10,2025-01-10,-7.999999999999993,0.0
MINISTRY OF LABOUR AND EMPLOYMENT,HEALTHCARE,MAHARASHTRA,EMPLOYEE'S STATE INSURANCE COMPANY [ESIC],194.93,114.39,67.0,2022-01-08,2025-01-08,0.0,-1.8299999999999983
MINISTRY OF RAILWAYS,RAILWAYS,GUJARAT,WESTERN RAILWAY [WR] - II,1430.0,582.1,45.0,2023-01-08,2026-01-12,-5.0,-166.36
MINISTRY OF RAILWAYS,RAILWAYS,GUJARAT,PCE/WR,350.0,80.49,31.0,2022-01-05,2030-01-03,-9.0,-107.74
MINISTRY OF RAILWAYS,RAILWAYS,GUJARAT,PCE/WR,670.17,47.46,12.0,2023-01-02,2030-01-03,-13.0,-147.64
MINISTRY OF POWER,TRANSMISSION & DISTRIBUTION,MAHARASHTRA,POWER GRID CORPORATION OF INDIA LIMITED [POWERGRID],224.41,224.41,100.0,2023-01-11,2025-01-07,,
MINISTRY OF POWER,ELECTRICITY GENERATION,ARUNACHAL PRADESH,NORTH EASTERN ELECTRIC POWER CORPORATION LIMITED,1938.85,105.5,6.329999999999999,2025-01-05,2029-01-07,-0.2500000000000009,-0.7800000000000011
MINISTRY OF POWER,ELECTRICITY GENERATION,ARUNACHAL PRADESH,NORTH EASTERN ELECTRIC POWER CORPORATION LIMITED,1750.07,78.38,5.1,2025-01-05,2029-01-07,-0.5000000000000009,-1.0700000000000074
MINISTRY OF POWER,ELECTRICITY GENERATION,ARUNACHAL PRADESH,NORTH EASTERN ELECTRIC POWER CORPORATION LIMITED,8146.21,253.97,6.54,2025-01-09,,-0.0499999999999998,0.0
MINISTRY OF POWER,TRANSMISSION & DISTRIBUTION,"MULTI-STATES (DELHI, RAJASTHAN)",POWER GRID CORPORATION OF INDIA LIMITED [POWERGRID],331.0,227.16,67.5,2022-01-12,2025-01-03,-1.3999999999999917,-7.849999999999994
MINISTRY OF RAILWAYS,RAILWAYS,MAHARASHTRA,SOUTH CENTRAL RAILWAY [SCR] - II,960.64,1375.55,2.03,2023-01-05,2027-01-03,2.03,994.42
MINISTRY OF RAILWAYS,RAILWAYS,RAJASTHAN,NORTH WESTERN RAILWAY [NWR],968.92,745.15,73.0,2023-01-01,2027-01-01,-2.0,-71.00999999999999
MINISTRY OF RAILWAYS,RAILWAYS,"MULTI-STATES (HARYANA, RAJASTHAN)",NORTH WESTERN RAILWAY [NWR],352.0,342.83,80.0,2022-01-12,2027-01-06,,
MINISTRY OF COAL,COAL,JHARKHAND,BHARAT COKING COAL LIMITED (BCCL,4011.85,414.97,30.92,2023-01-01,2030-01-03,-0.2399999999999984,0.0
MINISTRY OF POWER,ELECTRICITY GENERATION,"MULTI-STATES (ARUNACHAL PRADESH, ASSAM)",NATIONAL HYDROELECTRIC POWER CORPORATION LIMITED [NHPC],6285.33,26379.99,97.84,2005-01-01,2010-01-09,-0.1400000000000005,-68.07999999999811
MINISTRY OF RAILWAYS,RAILWAYS,HARYANA,NORTH WESTERN RAILWAY [NWR],471.0,273.41,73.0,2023-01-02,2028-01-02,-4.0,-68.94999999999999
MINISTRY OF RAILWAYS,RAILWAYS,ANDHRA PRADESH,WPO/PATNA,560.72,276.66,65.0,2017-01-10,2023-01-12,0.0,0.0
MINISTRY OF POWER,ELECTRICITY GENERATION,CHHATTISGARH,NATIONAL THERMAL POWER CORPORATION [NTPC],15530.0,5279.03,32.300000000000004,2023-01-08,2028-01-06,-1.1999999999999955,-193.1000000000004
MINISTRY OF RAILWAYS,RAILWAYS,GUJARAT,WESTERN RAILWAY [WR] - II,410.26,11.3,5.0,2023-01-02,2028-01-01,0.0,-0.5599999999999987
MINISTRY OF RAILWAYS,RAILWAYS,GUJARAT,CAOCWR WR MOR,307.11,18.9,17.0,2022-01-05,2030-01-05,-15.0,-95.83
MINISTRY OF POWER,TRANSMISSION & DISTRIBUTION,RAJASTHAN,POWER GRID CORPORATION OF INDIA LIMITED [POWERGRID],1160.0,1148.4,99.67,2023-01-10,2025-01-04,-0.2000000000000028,0.0
DEPARTMENT OF HIGHER EDUCATION,EDUCATION,UTTARAKHAND,NATIONAL INSTITUTE OF TECHNOLOGY UTTARAKHAND,650.85,391.87,62.0,2024-01-04,2027-01-09,-1.0,-9.689999999999998
MINISTRY OF PETROLEUM & NATURAL GAS,OIL & GAS,HARYANA,INDIAN OIL CORPORATION LIMITED [IOCL],1459.0,1643.7,88.7,2022-01-03,2025-01-03,-1.3999999999999917,83.46000000000004
MINISTRY OF LABOUR AND EMPLOYMENT,HEALTHCARE,UTTARAKHAND,EMPLOYEE'S STATE INSURANCE COMPANY [ESIC],102.4,340.3,89.0,2021-01-12,2024-01-10,-1.5,0.0
DEPARTMENT FOR PROMOTION OF INDUSTRY & INTERNAL TRADE,REAL ESTATE,TELANGANA,NATIONAL INDUSTRIAL CORRIDOR DEVELOPMENT CORPORATION,2360.0,42.89,3.58,2026-01-02,,-1.29,0.0
MINISTRY OF COAL,COAL,JHARKHAND,BCCL - CIL,1230.27,796.31,84.02,2011-01-08,2019-01-03,0.0,-3.940000000000055
"DEPARTMENT OF WATER RESOURCES, RIVER DEVELOPMENT & GR",WATER RESOURCES,CHHATTISGARH,WATER RESOURCES-CT,459.97,620.15,73.0,2008-01-04,2019-01-12,0.0,0.0
"DEPARTMENT OF WATER RESOURCES, RIVER DEVELOPMENT & GR",WATER RESOURCES,MADHYA PRADESH,WATER RESOURCES-MP,751.03,814.02,75.0,2009-01-01,2019-01-12,0.0,0.0
"DEPARTMENT OF WATER RESOURCES, RIVER DEVELOPMENT & GR",WATER RESOURCES,MADHYA PRADESH,WATER RESOURCES-MP,1229.15,2240.05,81.52000000000001,2007-01-04,2019-01-12,0.0,-30.90999999999985
MINISTRY OF PETROLEUM & NATURAL GAS,OIL & GAS,OFFSHORE,OIL AND NATURAL GAS CORPORATION LIMITED [ONGC],3190.69,3123.2,90.0,2015-01-12,2018-01-04,0.0,0.0
MINISTRY OF PETROLEUM & NATURAL GAS,OIL & GAS,ANDHRA PRADESH,MINISTRYOFPETROLEUMNATURALGAS,34012.0,33113.74,96.8,2016-01-03,2020-01-06,-0.1000000000000085,-78.26000000000204
MINISTRY OF STEEL,STEEL,KARNATAKA,NATIONAL MINERAL DEVELOPMENT CORPORATION LIMITED [NMDC],1043.63,628.29,65.0,2024-01-06,2026-01-08,-5.329999999999998,-21.230000000000015
MINISTRY OF COAL,COAL,JHARKHAND,CCL - CIL,2660.0,17.4,16.77,2024-01-03,2032-03-01,0.0,0.3699999999999974
MINISTRY OF COAL,COAL,JHARKHAND,CCL - CIL,973.5,772.12,25.11,2020-01-08,2032-03-01,0.0,0.0
MINISTRY OF COAL,COAL,JHARKHAND,MINISTRY OF COAL,861.06,456.48,45.78,2020-01-08,2032-03-01,0.0,0.0
MINISTRY OF MINES,METALS & MINING,ODISHA,NATIONAL ALUMINIUM COMPANY LIMITED [NALCO],4103.0,4985.07,95.2,2017-01-04,2022-01-12,-0.4399999999999977,-38.42000000000007
MINISTRY OF COAL,COAL,JHARKHAND,NLC INDIA LIMITED,2242.9,1422.51,87.0,2019-01-11,2028-01-09,0.0,-9.940000000000056
MINISTRY OF COAL,COAL,CHHATTISGARH,SOUTH EASTERN COALFIELDS LIMITED [SECL],2310.12,117.37,11.81,2020-01-12,2029-01-03,0.0,-1.5999999999999943
MINISTRY OF COAL,COAL,MADHYA PRADESH,SECL - CIL,869.44,324.92,75.14999999999999,2016-01-03,2021-01-03,0.0,-0.169999999999959
MINISTRY OF COAL,COAL,CHHATTISGARH,SOUTH EASTERN COALFIELDS LIMITED [SECL],2309.8,1007.09,55.95,2020-01-08,2029-01-03,0.0,-32.56000000000006
MINISTRY OF COAL,COAL,JHARKHAND,MINISTRY OF COAL,6964.33,2298.45,39.42,2020-01-08,2028-01-03,0.0,-1.3200000000001637
MINISTRY OF COAL,COAL,JHARKHAND,MINISTRY OF COAL,634.3,598.32,68.89999999999999,2021-01-07,2029-01-03,0.0,-0.0199999999999818
MINISTRY OF COAL,COAL,JHARKHAND,MINISTRY OF COAL,995.57,85.34,24.02,2021-01-01,2028-01-03,0.0,0.0
MINISTRY OF COAL,COAL,JHARKHAND,MINISTRY OF COAL,639.6,236.58,11.24,2020-01-11,2027-01-03,0.0,221.8
MINISTRY OF COAL,COAL,JHARKHAND,MINISTRY OF COAL,2821.07,186.02,27.74,2021-01-05,2031-01-03,0.0,0.0
MINISTRY OF COAL,COAL,JHARKHAND,CCL - CIL,4983.57,1811.77,43.69,2020-01-02,2028-01-03,0.0,-27.049999999999955
MINISTRY OF COAL,COAL,JHARKHAND,CCL - CIL,510.85,489.2,75.61,2009-01-12,2016-01-03,0.0,0.4900000000000091
"DEPARTMENT OF WATER RESOURCES, RIVER DEVELOPMENT & GR",WATER RESOURCES,TELANGANA,IRRIGATION AND CAD-TG,1331.3,4491.08,92.0,2006-01-01,2019-01-12,0.0,0.0
MINISTRY OF COAL,COAL,MADHYA PRADESH,NCL - CIL,998.71,684.46,51.080000000000005,2019-01-07,2023-01-03,-0.2299999999999968,139.12
"DEPARTMENT OF WATER RESOURCES, RIVER DEVELOPMENT & GR",WATER RESOURCES,TELANGANA,IRRIGATION AND CAD-TG,736.13,971.47,97.0,2005-01-04,2019-01-12,0.0,0.0
"DEPARTMENT OF WATER RESOURCES, RIVER DEVELOPMENT & GR",WATER RESOURCES,ANDHRA PRADESH,WATER RESOURCES-AP,353.05,879.15,95.88,2006-01-01,2019-01-12,0.0,0.0
DEPARTMENT OF TELECOMMUNICATIONS,TELECOMMUNICATION,PAN INDIA,DEPARTMENT OF TELECOMMUNICATIONS,3742.0,435.31,0.0,2025-01-06,2028-01-06,-8.15,0.0
DEPARTMENT OF TELECOMMUNICATIONS,TELECOMMUNICATION,UTTAR PRADESH,DEPARTMENT OF TELECOMMUNICATIONS,5008.0,502.0,0.0,2025-01-02,2028-01-02,-7.649999999999999,0.0
MINISTRY OF RAILWAYS,RAILWAYS,ODISHA,SOUTH EASTERN RAILWAY [SER] - I,808.99,743.46,40.0,2021-01-10,2025-01-10,-4.0,0.0
MINISTRY OF CIVIL AVIATION,AVIATION & AVIATION INFRASTRUCTURE,LADAKH,AIRPORT AUTHORITY OF INDIA [AAI],480.0,509.41,83.39999999999999,2018-01-09,2021-01-09,-4.6000000000000085,-3.139999999999929
MINISTRY OF PETROLEUM & NATURAL GAS,ENERGY STORAGE,"MULTI-STATES (GUJARAT, MADHYA PRADESH, UTTAR PRADESH)",MINISTRY OF PETROLEUM & NATURAL GAS,10088.0,8672.35,95.7,2018-01-12,2021-01-12,-0.2999999999999971,168.14000000000124
DEPARTMENT OF TELECOMMUNICATIONS,TELECOMMUNICATION,PAN INDIA,DEPARTMENT OF TELECOMMUNICATIONS [DOT],26316.0,8553.1,85.0,2022-01-07,2024-01-06,-2.700000000000003,-169.71999999999937
MINISTRY OF COAL,COAL,JHARKHAND,ECL - CIL,859.41,455.95,63.3,2022-01-08,2029-01-03,0.0,0.0
MINISTRY OF RAILWAYS,RAILWAYS,MAHARASHTRA,CENTRAL RAILWAY,492.76,560.32,38.0,2023-01-04,2026-01-12,,
MINISTRY OF RAILWAYS,RAILWAYS,"MULTI-STATES (GUJARAT, RAJASTHAN)",NORTH WESTERN RAILWAY [NWR],2798.0,2616.51,45.0,2022-01-07,2030-01-07,-3.0,662.9300000000003
MINISTRY OF RAILWAYS,RAILWAYS,KARNATAKA,SOUTH WESTERN RAILWAY [SWR] - II,749.0,3.43,0.5,2025-01-12,2028-01-04,0.0,0.0
MINISTRY OF COAL,COAL,MAHARASHTRA,WCL - CIL,580.61,112.17,33.910000000000004,2022-01-05,2028-01-03,-0.3399999999999963,0.0
MINISTRY OF PETROLEUM & NATURAL GAS,ENERGY STORAGE,TAMIL NADU,MINISTRY OF PETROLEUM & NATURAL GAS,829.0,382.96,79.60000000000001,2022-01-01,2026-01-05,-1.3999999999999917,0.4899999999999522
MINISTRY OF RAILWAYS,RAILWAYS,ODISHA,EAST COAST RAILWAY [ECOR] - II,168.32,69.85,82.0,2022-01-07,2025-01-03,0.0,0.0
MINISTRY OF RAILWAYS,RAILWAYS,ODISHA,EAST COAST RAILWAY [ECOR] - II,210.0,41.17,53.0,2022-01-06,2024-01-12,0.0,0.0
MINISTRY OF RAILWAYS,RAILWAYS,ODISHA,EAST COAST RAILWAY [ECOR] - II,186.21,105.07,88.0,2022-01-06,2024-01-12,0.0,0.0
MINISTRY OF POWER,ELECTRICITY GENERATION,WEST BENGAL,DAMODAR VALLEY CORPORATION,17673.0,2120.39,11.5,2025-01-02,2029-01-06,-1.5,-148.23000000000002
MINISTRY OF COAL,COAL,JHARKHAND,CCL - CIL,674.65,172.3,50.78,2022-01-01,2032-03-01,0.0,-3.289999999999992
MINISTRY OF COAL,COAL,JHARKHAND,CCL - CIL,849.31,208.28,23.28,2022-01-01,2029-01-03,0.0,-29.330000000000013
MINISTRY OF PETROLEUM & NATURAL GAS,ENERGY STORAGE,"MULTI-STATES (GUJARAT, HARYANA, RAJASTHAN)",MINISTRY OF PETROLEUM & NATURAL GAS,9028.0,7482.71,94.1,2021-01-12,2024-01-12,,
DEPARTMENT OF SPORTS,EDUCATION,MANIPUR,DEPARTMENT OF SPORTS & YOUTH AFFAIRS,906.47,576.37,97.25,2022-01-01,2024-01-08,-0.25,-0.9500000000000456
MINISTRY OF PETROLEUM & NATURAL GAS,OIL & GAS,GUJARAT,OIL AND NATURAL GAS CORPORATION LIMITED [ONGC],885.63,1037.37,94.3,2021-01-08,2027-01-03,-1.2999999999999972,-24.950000000000045
"DEPARTMENT OF WATER RESOURCES, RIVER DEVELOPMENT & GR",WATER RESOURCES,ANDHRA PRADESH,WATER RESOURCES-AP,397.41,624.78,98.3,2005-01-04,2019-01-12,0.0,0.0
MINISTRY OF COAL,COAL,ODISHA,MAHANADI COALFIELDS LIMITED [MCL],1693.81,1331.36,46.27,2021-01-05,2032-04-01,-0.2999999999999971,-1.509999999999991
MINISTRY OF COAL,COAL,ODISHA,MAHANADI COALFIELDS LIMITED [MCL],5194.95,3491.08,60.66,2021-01-02,2029-01-03,-0.3800000000000096,-52.36999999999989
MINISTRY OF PETROLEUM & NATURAL GAS,OIL & GAS,GUJARAT,OIL AND NATURAL GAS CORPORATION LIMITED [ONGC],1162.56,1117.8,96.8,2017-01-02,2026-01-03,0.0,-9.930000000000064
MINISTRY OF POWER,ELECTRICITY GENERATION,JHARKHAND,NATIONAL THERMAL POWER CORPORATION [NTPC],18668.0,19207.59,90.5,2017-01-11,2023-01-03,-1.5,-528.130000000001
MINISTRY OF RAILWAYS,RAILWAYS,MAHARASHTRA,CENTRAL RAILWAY [CR] - II,3445.0,3002.93,50.0,2008-01-04,2025-01-03,,
MINISTRY OF RAILWAYS,RAILWAYS,WEST BENGAL,EASTERN RAILWAY [ER] - I,1189.0,1390.59,96.9,2008-01-02,2019-01-03,21.90000000000001,-217.05000000000015
MINISTRY OF RAILWAYS,RAILWAYS,"MULTI-STATES (ANDHRA PRADESH, TAMIL NADU)",MINISTRY OF RAILWAYS,3631.0,1335.29,16.85,2008-01-10,2025-01-09,0.8500000000000014,159.47000000000003
MINISTRY OF RAILWAYS,RAILWAYS,WEST BENGAL,RVNL - II,8964.0,8984.66,87.0,2011-01-10,2025-01-12,,
MINISTRY OF RAILWAYS,RAILWAYS,TAMIL NADU,MINISTRY OF RAILWAYS,734.0,486.53,99.9,2008-01-11,2025-01-07,0.0,0.0
MINISTRY OF RAILWAYS,RAILWAYS,CHHATTISGARH,EAST COAST RAILWAY [ECOR] - II,1589.0,1691.27,96.17,2013-01-03,2020-01-03,7.170000000000002,322.26
MINISTRY OF RAILWAYS,RAILWAYS,ANDHRA PRADESH,SOUTH CENTRAL RAILWAY [SCR] - II,2312.0,3119.31,55.02,2016-01-12,2027-01-05,53.02,583.6300000000001
MINISTRY OF MINES,METALS & MINING,ODISHA,NATIONAL ALUMINIUM COMPANY LIMITED [NALCO],1381.0,770.23,52.2,2018-01-05,2025-01-03,-0.2000000000000028,-0.1399999999999863
MINISTRY OF PETROLEUM & NATURAL GAS,ENERGY STORAGE,"MULTI-STATES (KARNATAKA, TAMIL NADU)","DEPARTMENT OF WATER RESOURCES, RIVER DEVELOPMENT & GR",678.0,1155.32,84.3,2012-01-11,2017-01-02,-2.1000000000000085,-51.03999999999997
MINISTRY OF COAL,COAL,WEST BENGAL,EASTERN COAL FIELDS LIMITED [ECL],1210.12,633.57,52.04,2020-01-04,2029-01-03,0.0,0.0
MINISTRY OF COAL,COAL,WEST BENGAL,EASTERN COAL FIELDS LIMITED [ECL],5365.88,628.22,18.5,2021-01-07,2029-01-03,0.0,-69.41999999999996
MINISTRY OF COAL,COAL,MADHYA PRADESH,NCL - CIL,1729.68,968.37,53.73,2020-01-11,2025-01-03,0.0,-16.980000000000018
MINISTRY OF COAL,COAL,JHARKHAND,MINISTRY OF COAL,654.87,0.43,32.45,2020-01-08,2031-01-03,0.0,-1.54
MINISTRY OF COAL,COAL,MAHARASHTRA,WCL - CIL,711.01,174.66,19.02,2021-01-10,2028-01-03,0.0,0.0
MINISTRY OF COAL,COAL,CHHATTISGARH,SOUTH EASTERN COALFIELDS LIMITED [SECL],5241.4,2939.33,39.34,2020-01-12,2029-01-03,0.0,-1.900000000000091
MINISTRY OF COAL,COAL,"MULTI-STATES (MADHYA PRADESH, UTTAR PRADESH)",NCL - CIL,836.42,914.9,92.05,2020-01-08,2024-01-03,0.0,-2.200000000000045
"MINISTRY OF PORTS, SHIPPING AND WATERWAYS",SHIPPING,MAHARASHTRA,RELIANCE INDUSTRIES LTD,6000.0,5999.89,88.0,2020-01-01,2023-01-03,,
MINISTRY OF COAL,COAL,ODISHA,MAHANADI COALFIELDS LIMITED [MCL],2838.86,1713.38,53.04,2018-01-11,2029-01-03,-0.5,-3.199999999999818
MINISTRY OF COAL,RAILWAYS,JHARKHAND,MINISTRY OF COAL,1799.64,1713.19,71.0,2022-01-05,2025-01-06,-1.0,-71.57999999999993
MINISTRY OF COAL,COAL,CHHATTISGARH,SECL - CIL,11816.4,6960.23,78.48,2016-01-03,2023-01-03,0.0,-865.2300000000005
MINISTRY OF RAILWAYS,RAILWAYS,BIHAR,EAST CENTRAL RAILWAY [ECR] - I,735.2,589.37,84.2,1997-08-01,2024-01-12,4.200000000000003,-26.32000000000005
MINISTRY OF RAILWAYS,RAILWAYS,"MULTI-STATES (ANDHRA PRADESH, ODISHA)",RVNL - II,4803.0,6260.17,99.0,2016-01-11,2025-01-12,,
MINISTRY OF RAILWAYS,RAILWAYS,WEST BENGAL,EASTERN RAILWAY [ER] - I,1000.0,1066.85,76.0,2005-01-11,2027-01-02,27.0,141.14999999999986
MINISTRY OF RAILWAYS,RAILWAYS,ODISHA,EAST COAST RAILWAY [ECOR] - II,297.0,237.83,67.0,2014-01-01,2026-01-12,11.999999999999991,191.44
MINISTRY OF PETROLEUM & NATURAL GAS,OIL & GAS,MAHARASHTRA,MINISTRY OF PETROLEUM & NATURAL GAS,8797.0,8741.88,91.6,2021-01-04,2025-01-04,-0.3000000000000113,-120.0
MINISTRY OF PETROLEUM & NATURAL GAS,OIL & GAS,GUJARAT,MINISTRYOFPETROLEUMNATURALGAS,631.03,617.84,92.1,2021-01-04,2025-01-03,-1.6000000000000083,-4.399999999999977
MINISTRY OF PETROLEUM & NATURAL GAS,OIL & GAS,PUNJAB,MINISTRYOFPETROLEUMNATURALGAS,1421.46,1293.34,94.0,2020-01-05,2023-01-02,-1.9000000000000057,1.990000000000009
MINISTRY OF COAL,COAL,JHARKHAND,ECL - CIL,513.99,274.28,53.03,2018-01-08,2026-01-03,0.0,-1.7200000000000273
MINISTRY OF COAL,COAL,WEST BENGAL,ECL - CIL,888.99,143.29,31.52,2020-01-11,2026-01-03,0.0,-10.670000000000016
MINISTRY OF STEEL,STEEL,JHARKHAND,STEEL AUTHORITY OF INDIA LIMITED [SAIL],1034.01,1014.95,63.75999999999999,2015-01-10,2027-01-10,-0.5,-13.159999999999854
MINISTRY OF COAL,COAL,MAHARASHTRA,WCL - CIL,727.28,564.25,80.77,2015-01-08,2025-01-03,0.0,0.0
MINISTRY OF COAL,COAL,MAHARASHTRA,WCL - CIL,822.88,791.48,40.63,2020-01-02,2027-01-03,0.0,-0.5199999999999818
MINISTRY OF COAL,COAL,WEST BENGAL,EASTERN COAL FIELDS LIMITED [ECL],570.11,88.96,17.130000000000003,2021-01-08,2026-01-03,0.0,-9.620000000000005
MINISTRY OF COAL,COAL,WEST BENGAL,ECL - CIL,502.68,88.9,28.58,2018-01-08,2029-01-03,0.0,0.0
MINISTRY OF MINES,METALS & MINING,MADHYA PRADESH,HINDUSTAN COPPER LIMITED [HCL],1856.36,1009.9,26.0,2015-01-04,2020-01-04,-2.000000000000004,-8.190000000000055
MINISTRY OF COAL,COAL,ODISHA,MAHANADI COALFIELDS LIMITED [MCL],3504.21,961.2,58.23,2020-01-08,2029-01-03,-3.830000000000005,-2.6099999999999
MINISTRY OF COAL,COAL,WEST BENGAL,ECL - CIL,749.08,53.97,12.14,2023-01-01,2029-01-03,0.0,0.0
MINISTRY OF COAL,COAL,ODISHA,MAHANADI COALFIELDS LIMITED [MCL],2434.75,2030.9,82.5,2018-01-05,2027-01-03,-0.3999999999999915,-102.79999999999971
MINISTRY OF HOUSING & URBAN AFFAIRS,REAL ESTATE,DELHI,NATIONAL BUILDINGS CONSTRUCTION CORPORATION [NBCC],32850.0,14370.45,46.7,2018-01-05,2025-01-12,0.0,0.0
MINISTRY OF POWER,COAL,JHARKHAND,DAMODAR VALLEY CORPORATION,1581.0,616.91,36.5,2016-01-10,2026-01-05,-0.5,-7.950000000000045
MINISTRY OF COAL,RAILWAYS,CHHATTISGARH,RAILWAY,1686.22,792.73,43.7,2017-01-03,2026-01-12,0.0,0.0
MINISTRY OF RAILWAYS,RAILWAYS,UTTAR PRADESH,NORTH EASTERN RAILWAY [NER],4939.78,1086.23,13.1,2017-01-03,2030-01-10,-1.9000000000000004,-585.01
MINISTRY OF RAILWAYS,RAILWAYS,UTTAR PRADESH,NORTH EASTERN RAILWAY [NER],1319.75,544.89,4.2,2017-01-03,2029-01-03,3.2,-183.19000000000003
MINISTRY OF RAILWAYS,RAILWAYS,CHHATTISGARH,INDIAN RAILWAY CONSTRUCTION INTERNATIONAL LIMITED [IRCON],3055.0,2790.19,95.15,2014-01-01,2018-01-09,0.0,0.0
MINISTRY OF RAILWAYS,RAILWAYS,"MULTI-STATES (PUDUCHERRY, TAMIL NADU)",MINISTRY OF RAILWAYS,713.0,645.24,81.0,2019-01-01,2027-01-03,1.0,-622.5
MINISTRY OF COAL,ELECTRICITY GENERATION,ODISHA,NLC INDIA LIMITED,27212.96,3518.17,3.54,2024-01-01,2030-01-03,-0.5600000000000005,-56.03999999999997
MINISTRY OF COAL,COAL,ODISHA,MCL - CIL,8416.19,1776.83,35.69,2022-01-04,2030-01-03,-0.1099999999999994,-0.7100000000000364
MINISTRY OF LABOUR AND EMPLOYMENT,HEALTHCARE,ODISHA,EMPLOYEE'S STATE INSURANCE COMPANY [ESIC],164.6,16.44,7.199999999999999,2025-01-02,2027-01-06,0.0,0.0
MINISTRY OF LABOUR AND EMPLOYMENT,HEALTHCARE,KARNATAKA,EMPLOYEE'S STATE INSURANCE COMPANY [ESIC],278.0,80.52,34.0,2024-01-10,2027-01-01,-1.0,0.0
MINISTRY OF LABOUR AND EMPLOYMENT,HEALTHCARE,KARNATAKA,EMPLOYEE'S STATE INSURANCE COMPANY [ESIC],150.92,31.05,25.9,2025-01-03,2027-01-02,-2.200000000000003,0.0
MINISTRY OF RAILWAYS,RAILWAYS,"MULTI-STATES (BIHAR, JHARKHAND)",EAST CENTRAL RAILWAY [ECR] - I,12333.57,882.77,18.0,2023-01-08,2028-01-03,15.0,-270.02
MINISTRY OF RAILWAYS,RAILWAYS,"MULTI-STATES (ASSAM, NAGALAND)",NORTHEAST FRONTIER RAILWAY [NFR],2123.7,141.06,12.5,2025-01-01,2028-01-02,11.5,-59.16999999999999
MINISTRY OF RAILWAYS,RAILWAYS,ODISHA,INDIAN RAILWAY,1165.89,0.0,0.0,2026-01-04,2029-01-12,0.0,-1.95
MINISTRY OF RAILWAYS,RAILWAYS,RAJASTHAN,NORTH WESTERN RAILWAY [NWR],799.64,224.71,8.0,2024-01-02,2026-01-12,0.9999999999999992,-17.370000000000005
MINISTRY OF RAILWAYS,RAILWAYS,"MULTI-STATES (GUJARAT, RAJASTHAN)",NORTH WESTERN RAILWAY [NWR],3085.59,962.77,36.0,2024-01-02,2027-01-07,0.0,0.0
MINISTRY OF RAILWAYS,RAILWAYS,RAJASTHAN,NORTH WESTERN RAILWAY [NWR],1634.79,489.56,22.0,2024-01-02,2027-01-06,-1.0,-70.60999999999996
MINISTRY OF RAILWAYS,RAILWAYS,TELANGANA,SOUTH CENTRAL RAILWAY [SCR] - II,770.12,87.94,0.06,2025-01-04,2029-01-04,,
MINISTRY OF RAILWAYS,RAILWAYS,"MULTI-STATES (ANDHRA PRADESH, TELANGANA)",SOUTH CENTRAL RAILWAY [SCR] - II,1595.55,264.89,2.0500000000000003,2025-01-03,2029-01-03,-19.95,-62.73000000000002
MINISTRY OF PETROLEUM & NATURAL GAS,OIL & GAS,ASSAM,MINISTRY OF PETROLEUM & NATURAL GAS,430.76,348.57,94.5,2020-01-12,2024-01-03,-1.4000000000000057,-0.079999999999984
MINISTRY OF PETROLEUM & NATURAL GAS,OIL & GAS,KARNATAKA,MINISTRY OF PETROLEUM & NATURAL GAS,364.0,85.56,51.1,2024-01-03,2027-01-01,-3.699999999999996,-5.829999999999998
MINISTRY OF PETROLEUM & NATURAL GAS,OIL & GAS,MAHARASHTRA,MINISTRY OF PETROLEUM AND NATURAL GAS,4679.0,288.53,12.3,2024-01-12,2028-01-03,-1.7999999999999972,-26.370000000000005
MINISTRY OF POWER,TRANSMISSION & DISTRIBUTION,KARNATAKA,POWER GRID CORPORATION OF INDIA LIMITED [POWERGRID],288.0,20.16,18.0,2025-01-02,2027-01-06,-0.75,-8.64
MINISTRY OF POWER,TRANSMISSION & DISTRIBUTION,GUJARAT,POWER GRID CORPORATION OF INDIA LIMITED [POWERGRID],466.0,143.48,37.0,2025-01-02,2027-01-02,0.0,-11.420000000000016
MINISTRY OF POWER,TRANSMISSION & DISTRIBUTION,JAMMU AND KASHMIR,POWER GRID CORPORATION OF INDIA LIMITED [POWERGRID],218.6,3.72,1.7000000000000002,2024-01-07,2026-01-07,0.0,0.0
MINISTRY OF POWER,TRANSMISSION & DISTRIBUTION,RAJASTHAN,POWER GRID CORPORATION OF INDIA LIMITED [POWERGRID],404.0,29.61,16.400000000000002,2025-01-03,2026-01-12,-0.7999999999999972,-2.710000000000001
MINISTRY OF POWER,TRANSMISSION & DISTRIBUTION,GUJARAT,POWER GRID CORPORATION OF INDIA LIMITED [POWERGRID],172.0,58.48,39.0,2025-01-03,2027-01-03,-3.0,-3.440000000000005
MINISTRY OF POWER,TRANSMISSION & DISTRIBUTION,ANDHRA PRADESH,POWER GRID CORPORATION OF INDIA LIMITED [POWERGRID],2886.0,739.68,41.68,2025-01-03,2027-01-12,-2.210000000000001,-154.98000000000002
MINISTRY OF POWER,TRANSMISSION & DISTRIBUTION,KARNATAKA,POWER GRID CORPORATION OF INDIA LIMITED [POWERGRID],3453.0,483.42,21.31,2025-01-03,2027-01-09,-1.7000000000000028,-69.06
MINISTRY OF POWER,TRANSMISSION & DISTRIBUTION,"MULTI-STATES (ANDHRA PRADESH, KARNATAKA)",POWER GRID CORPORATION OF INDIA LIMITED [POWERGRID],5550.0,1595.07,24.88,2025-01-03,2027-01-03,-3.890000000000001,-180.9300000000001
MINISTRY OF LABOUR AND EMPLOYMENT,HEALTHCARE,MAHARASHTRA,EMPLOYEE'S STATE INSURANCE COMPANY [ESIC],260.13,216.46,89.0,2009-01-06,2025-01-08,0.0,0.0
MINISTRY OF COAL,COAL,ODISHA,MCL - CIL,5366.27,477.43,33.96,2024-01-03,2033-03-01,-0.0700000000000002,-0.3000000000000113
MINISTRY OF COAL,COAL,ODISHA,MCL - CIL,1561.85,279.32,31.05,2022-01-11,2029-01-03,-2.500000000000004,-4.900000000000034
MINISTRY OF COAL,COAL,ODISHA,MCL - CIL,978.44,251.55,18.21,2023-01-04,2030-01-03,-0.7199999999999989,-209.99
MINISTRY OF COAL,COAL,CHHATTISGARH,SECL - CIL,1725.04,16.71,40.34,2022-01-10,2033-03-01,16.590000000000003,0.0
MINISTRY OF COAL,COAL,JHARKHAND,CCL - CIL,414.37,85.6,32.83,2020-01-02,2029-01-03,-0.1600000000000037,0.0
MINISTRY OF COAL,COAL,JHARKHAND,BCCL - CIL,5850.83,20.32,4.18,2024-01-03,2029-01-03,0.0,0.0
MINISTRY OF PETROLEUM & NATURAL GAS,OIL & GAS,"MULTI-STATES (ANDHRA PRADESH, CHHATTISGARH, ODISHA)",MINISTRY OF PETROLEUM AND NATURAL GAS,2212.0,549.21,37.1,2024-01-09,2027-01-09,-1.2999999999999972,-20.789999999999964
MINISTRY OF RAILWAYS,RAILWAYS,ODISHA,CAO/C/SER,2269.49,7.14,0.0,2025-01-09,2029-01-12,-2.0,-0.1699999999999999
MINISTRY OF RAILWAYS,RAILWAYS,ODISHA,CAO/C/SER,1875.72,2.35,0.0,2025-01-09,2029-01-12,,
MINISTRY OF RAILWAYS,RAILWAYS,"MULTI-STATES (JHARKHAND, ODISHA, WEST BENGAL)",SOUTH EASTERN RAILWAY [SER] - I,1459.13,9.16,0.0,2024-01-12,2029-01-12,-2.0,-2.539999999999999
"DEPARTMENT OF WATER RESOURCES, RIVER DEVELOPMENT & GR",WASTE & WATER,UTTAR PRADESH,NATIONAL MISSION FOR CLEAN GANGA,842.25,208.64,84.0,2023-01-04,2025-01-04,0.0,0.0
"DEPARTMENT OF WATER RESOURCES, RIVER DEVELOPMENT & GR",WASTE & WATER,BIHAR,NATIONAL MISSION FOR CLEAN GANGA,413.29,126.67,97.0,2022-01-03,2025-01-02,0.0,0.0
"DEPARTMENT OF WATER RESOURCES, RIVER DEVELOPMENT & GR",WASTE & WATER,WEST BENGAL,NATIONAL MISSION FOR CLEAN GANGA,154.73,102.04,94.0,2021-01-12,2025-01-03,0.0,0.0
"DEPARTMENT OF WATER RESOURCES, RIVER DEVELOPMENT & GR",WASTE & WATER,UTTAR PRADESH,NATIONAL MISSION FOR CLEAN GANGA,690.71,34.79,56.00000000000001,2024-01-11,2024-01-12,-0.9999999999999858,0.0
"DEPARTMENT OF WATER RESOURCES, RIVER DEVELOPMENT & GR",WASTE & WATER,BIHAR,NATIONAL MISSION FOR CLEAN GANGA,824.0,403.34,59.0,2019-01-07,2025-01-12,0.0,0.0
"DEPARTMENT OF WATER RESOURCES, RIVER DEVELOPMENT & GR",WASTE & WATER,BIHAR,NMCG1,578.89,171.79,55.00000000000001,2019-01-07,2025-01-12,0.0,-2.8200000000000216
"DEPARTMENT OF WATER RESOURCES, RIVER DEVELOPMENT & GR",WASTE & WATER,BIHAR,NATIONAL MISSION FOR CLEAN GANGA,230.06,261.82,97.0,2018-01-03,2025-01-04,0.0,0.0
"DEPARTMENT OF WATER RESOURCES, RIVER DEVELOPMENT & GR",WASTE & WATER,BIHAR,NATIONAL MISSION FOR CLEAN GANGA,305.19,346.46,95.0,2018-01-03,2025-01-06,0.0,0.0
MINISTRY OF POWER,TRANSMISSION & DISTRIBUTION,"MULTI-STATES (RAJASTHAN, UTTAR PRADESH)",POWER GRID CORPORATION OF INDIA LIMITED [POWERGRID],5846.0,1753.81,37.67,2024-01-12,2026-01-12,-3.039999999999999,-199.92000000000007
MINISTRY OF POWER,TRANSMISSION & DISTRIBUTION,TAMIL NADU,POWER GRID CORPORATION OF INDIA LIMITED [POWERGRID],548.0,208.24,20.49,2025-01-01,2026-01-12,-3.2900000000000027,0.0
MINISTRY OF POWER,TRANSMISSION & DISTRIBUTION,KARNATAKA,POWER GRID CORPORATION OF INDIA LIMITED [POWERGRID],1354.0,284.34,34.599999999999994,2025-01-01,2027-01-06,-3.470000000000006,-54.160000000000025
MINISTRY OF POWER,TRANSMISSION & DISTRIBUTION,"MULTI-STATES (MADHYA PRADESH, RAJASTHAN)",POWER GRID CORPORATION OF INDIA LIMITED [POWERGRID],5028.0,1263.53,31.49,2025-01-03,2027-01-03,-2.5400000000000027,-244.8700000000001
MINISTRY OF POWER,ELECTRICITY GENERATION,CHHATTISGARH,NATIONAL THERMAL POWER CORPORATION [NTPC],9791.0,1795.82,21.3,2024-01-09,2029-01-09,-1.009999999999998,-114.73000000000002
MINISTRY OF RAILWAYS,RAILWAYS,CHHATTISGARH,CAO/C/SECR,7853.84,0.64,0.0,2025-01-04,2031-01-03,,
MINISTRY OF STEEL,STEEL,JHARKHAND,STEEL AUTHORITY OF INDIA LIMITED [SAIL],260.37,125.6,50.16,2024-01-04,2026-01-06,-2.990000000000002,-1.9300000000000068
MINISTRY OF STEEL,STEEL,CHHATTISGARH,STEEL AUTHORITY OF INDIA LIMITED [SAIL],471.83,257.18,70.5,2023-01-12,2026-01-06,-3.799999999999997,-8.930000000000007
MINISTRY OF STEEL,STEEL,CHHATTISGARH,STEEL AUTHORITY OF INDIA LIMITED [SAIL],884.1,618.87,93.74,2024-01-01,2025-01-10,-0.9900000000000092,-74.96000000000004
MINISTRY OF STEEL,STEEL,JHARKHAND,STEEL AUTHORITY OF INDIA LIMITED [SAIL],627.31,342.26,66.11,2023-01-12,2026-01-11,-1.9599999999999935,-5.160000000000025
MINISTRY OF POWER,TRANSMISSION & DISTRIBUTION,UTTAR PRADESH,POWER GRID CORPORATION OF INDIA LIMITED [POWERGRID],212.81,9.98,11.17,2024-01-12,2026-01-06,-0.9000000000000004,-2.78
MINISTRY OF POWER,TRANSMISSION & DISTRIBUTION,"MULTI-STATES (BIHAR, WEST BENGAL)",POWER GRID CORPORATION OF INDIA LIMITED [POWERGRID],408.94,6.13,1.5,2024-01-11,2026-01-05,0.0,0.0
MINISTRY OF POWER,TRANSMISSION & DISTRIBUTION,"MULTI-STATES (BIHAR, ODISHA, WEST BENGAL)",POWER GRID CORPORATION OF INDIA LIMITED [POWERGRID],342.69,137.07,29.73,2024-01-09,2026-01-03,-0.0199999999999995,-6.860000000000014
MINISTRY OF POWER,TRANSMISSION & DISTRIBUTION,MADHYA PRADESH,POWER GRID CORPORATION OF INDIA LIMITED [POWERGRID],370.0,129.5,52.14,2024-01-06,2026-01-12,-3.119999999999997,-18.5
MINISTRY OF COAL,COAL,MAHARASHTRA,WCL - CIL,630.37,0.61,0.4,2025-01-02,2030-01-03,0.0,0.0
MINISTRY OF POWER,TRANSMISSION & DISTRIBUTION,MADHYA PRADESH,POWER GRID CORPORATION OF INDIA LIMITED [POWERGRID],558.0,180.9,15.11,2025-01-06,2027-01-12,-3.3599999999999994,0.0
MINISTRY OF MINES,CONSTRUCTION,WEST BENGAL,CENTRAL PUBLIC WORKS DEPARTMENT [CPWD],255.37,98.92,64.0,2020-01-02,2026-01-08,0.0,-0.019999999999996
MINISTRY OF RAILWAYS,RAILWAYS,UTTAR PRADESH,NORTH CENTRAL RAILWAY,1423.96,151.57,18.5,2025-01-01,2028-01-03,,
MINISTRY OF COAL,COAL,CHHATTISGARH,SECL - CIL,4516.88,837.14,23.75,2024-01-11,2030-01-03,0.0,-10.050000000000068
MINISTRY OF COAL,ELECTRICITY GENERATION,GUJARAT,NLC INDIA LIMITED,383.84,328.54,52.0,2024-01-01,2025-01-06,0.0,-4.7999999999999545
MINISTRY OF PETROLEUM & NATURAL GAS,OIL & GAS,WEST BENGAL,MINISTRY OF PETROLEUM & NATURAL GAS,1740.0,2375.1,95.2,2017-01-03,2020-01-12,-0.5,-5.700000000000273
MINISTRY OF POWER,TRANSMISSION & DISTRIBUTION,JHARKHAND,POWER GRID CORPORATION OF INDIA LIMITED [POWERGRID],1842.25,1648.05,96.3,2012-01-02,2026-01-03,-0.1000000000000085,0.0
MINISTRY OF HOUSING & URBAN AFFAIRS,URBAN PUBLIC TRANSPORT,MAHARASHTRA,MAHARASHTRA METRO RAIL CORPORATION LIMITED [MMRCL],12200.1,95.64,9.49,2024-01-09,2029-01-09,-0.5499999999999989,-5.530000000000001
MINISTRY OF STEEL,STEEL,WEST BENGAL,STEEL AUTHORITY OF INDIA LIMITED [SAIL],2518.39,415.31,26.700000000000003,2025-01-02,2028-01-07,-0.9599999999999972,-57.10000000000002
MINISTRY OF RAILWAYS,RAILWAYS,UTTAR PRADESH,CONSTRUCTION NER,958.27,640.17,24.0,2023-01-11,2028-01-03,12.0,-248.33000000000004
MINISTRY OF STEEL,STEEL,WEST BENGAL,STEEL AUTHORITY OF INDIA LIMITED [SAIL],196.4,65.5,32.21,2024-01-12,2026-01-05,-2.369999999999997,-0.2399999999999948
MINISTRY OF STEEL,STEEL,JHARKHAND,STEEL AUTHORITY OF INDIA LIMITED [SAIL],207.13,86.62,51.82,2025-01-02,2026-01-10,-4.089999999999996,-16.849999999999994
MINISTRY OF STEEL,STEEL,JHARKHAND,STEEL AUTHORITY OF INDIA LIMITED [SAIL],211.94,59.72,50.4,2025-01-02,2027-01-01,-11.65,-0.8800000000000026
MINISTRY OF RAILWAYS,RAILWAYS,MAHARASHTRA,SOUTH EAST CENTRAL RAILWAY,4373.04,1.79,2.0,2025-01-04,2031-01-03,,
MINISTRY OF HOUSING & URBAN AFFAIRS,URBAN PUBLIC TRANSPORT,"MULTI-STATES (DELHI, HARYANA)",DELHI METRO RAIL CORPORATION LIMITED [DMRC],6230.99,570.13,3.02,2025-01-01,2029-01-01,-2.3400000000000003,-230.35
MINISTRY OF HOUSING & URBAN AFFAIRS,URBAN PUBLIC TRANSPORT,DELHI,DELHI METRO RAIL CORPORATION LIMITED [DMRC],8399.81,156.69,4.29,2024-01-03,2029-01-03,-0.0199999999999995,-26.539999999999992
MINISTRY OF RAILWAYS,RAILWAYS,ANDHRA PRADESH,SOUTH CENTRAL RAILWAY [SCR] - II,1215.56,62.2,0.06,2025-01-04,2029-01-03,0.06,62.2
MINISTRY OF RAILWAYS,RAILWAYS,"MULTI-STATES (ANDHRA PRADESH, TELANGANA)",SOUTH CENTRAL RAILWAY [SCR] - II,2853.23,357.74,2.6,2023-01-08,2029-01-03,,
MINISTRY OF RAILWAYS,RAILWAYS,"MULTI-STATES (ANDHRA PRADESH, MAHARASHTRA, TELANGANA)",SOUTH CENTRAL RAILWAY [SCR] - II,4686.09,640.06,21.0,2023-01-08,2029-01-03,,
MINISTRY OF RAILWAYS,RAILWAYS,UTTAR PRADESH,NORTHERN RAILWAYS,2464.46,96.98,3.93,2025-01-10,2029-01-10,-1.0699999999999998,-12.950000000000005
MINISTRY OF RAILWAYS,RAILWAYS,"MULTI-STATES (ANDHRA PRADESH, TELANGANA)",SOUTH CENTRAL RAILWAY [SCR] - II,2047.4,208.57,0.1699999999999999,2024-01-11,2027-01-03,0.1699999999999999,53.56999999999999
MINISTRY OF RAILWAYS,RAILWAYS,MAHARASHTRA,SOUTH CENTRAL RAILWAY [SCR] - II,769.93,197.62,0.2,2023-01-12,2028-01-03,-0.8,23.319999999999997
MINISTRY OF RAILWAYS,RAILWAYS,ANDHRA PRADESH,SOUTH CENTRAL RAILWAY [SCR] - II,877.34,206.02,0.1699999999999999,2024-01-10,2027-01-03,0.1699999999999999,152.56
MINISTRY OF COAL,COAL,WEST BENGAL,ECL - CIL,1193.55,11.81,0.2299999999999999,2024-01-11,2037-03-01,0.0,0.0
MINISTRY OF HOUSING & URBAN AFFAIRS,URBAN PUBLIC TRANSPORT,MAHARASHTRA,MAHARASHTRA METRO RAIL CORPORATION LIMITED [MMRCL],910.18,309.65,47.17,2023-01-10,2027-01-01,-1.9500000000000028,-12.939999999999998
MINISTRY OF HOUSING & URBAN AFFAIRS,URBAN PUBLIC TRANSPORT,MAHARASHTRA,MAHARASHTRA METRO RAIL CORPORATION LIMITED [MMRCL],2954.53,88.81,6.2,2024-01-09,2029-01-03,-2.839999999999999,-101.26
MINISTRY OF RAILWAYS,RAILWAYS,BIHAR,EAST CENTRAL RAILWAY [ECR] - I,611.74,0.0,0.0,2024-01-06,2028-01-06,0.0,0.0
MINISTRY OF COAL,COAL,MAHARASHTRA,WCL - CIL,379.3,0.0,0.11,2025-01-01,2030-01-03,0.0,0.0
MINISTRY OF RAILWAYS,RAILWAYS,BIHAR,EAST CENTRAL RAILWAY [ECR] - I,4079.95,9.93,0.0,2025-01-11,2029-01-11,0.0,-8.969999999999999
MINISTRY OF STEEL,STEEL,WEST BENGAL,STEEL AUTHORITY OF INDIA LIMITED [SAIL],2115.44,828.94,66.02,2024-01-08,2027-01-06,-1.480000000000004,-106.63
MINISTRY OF STEEL,STEEL,CHHATTISGARH,STEEL AUTHORITY OF INDIA LIMITED [SAIL],198.62,129.24,82.13000000000001,2024-01-08,2026-01-07,-0.6599999999999824,-0.0099999999999909
MINISTRY OF RAILWAYS,RAILWAYS,"MULTI-STATES (BIHAR, WEST BENGAL)",NORTHEAST FRONTIER RAILWAY [NFR],942.64,656.16,66.0,2022-01-08,2026-01-08,1.0,-296.7900000000001
MINISTRY OF STEEL,STEEL,WEST BENGAL,STEEL AUTHORITY OF INDIA LIMITED [SAIL],758.09,286.36,41.68,2024-01-10,2026-01-06,-20.49,-29.649999999999977
MINISTRY OF STEEL,STEEL,WEST BENGAL,STEEL AUTHORITY OF INDIA LIMITED [SAIL],227.96,103.97,74.55000000000001,2024-01-12,2026-01-07,0.0,-7.469999999999999
MINISTRY OF RAILWAYS,RAILWAYS,"MULTI-STATES (BIHAR, UTTAR PRADESH)",NER,1120.0,442.7,32.0,2024-01-03,2027-01-12,0.0,0.0
MINISTRY OF COAL,COAL,MAHARASHTRA,WCL - CIL,668.54,2.95,2.55,2024-01-09,2029-01-03,0.0,0.0
MINISTRY OF RAILWAYS,RAILWAYS,"MULTI-STATES (JHARKHAND, WEST BENGAL)",CAO/C/SER,1932.01,3.97,0.0,2025-01-07,2029-01-09,0.0,-5.1
MINISTRY OF COAL,COAL,ODISHA,MCL - CIL,3563.5,652.7,10.24,2023-01-04,2033-03-01,-0.1899999999999995,-40.059999999999945
MINISTRY OF RAILWAYS,RAILWAYS,MAHARASHTRA,RAIL LAND DEVELOPMENT AUTHORITY,1813.0,873.99,25.0,2023-01-07,2027-01-03,0.0,0.0
MINISTRY OF RAILWAYS,RAILWAYS,DELHI,RAIL LAND DEVELOPMENT AUTHORITY,4744.0,355.8,6.0,2024-01-06,2028-01-12,,
MINISTRY OF RAILWAYS,RAILWAYS,GUJARAT,RAIL LAND DEVELOPMENT AUTHORITY,2379.0,984.21,32.5,2023-01-11,2028-01-03,,
"DEPARTMENT OF WATER RESOURCES, RIVER DEVELOPMENT & GR",WATER RESOURCES,UTTARAKHAND,IRRIGATION-UK,2584.1,1307.15,26.22,2023-01-11,2029-01-06,0.0,0.0
MINISTRY OF COAL,COAL,WEST BENGAL,ECL - CIL,483.65,96.8,16.79,2020-01-04,2026-01-03,0.0,0.0
MINISTRY OF COAL,COAL,WEST BENGAL,ECL - CIL,389.1,132.48,22.26,2023-01-01,2028-01-03,0.0,0.0
MINISTRY OF COAL,COAL,CHHATTISGARH,SECL - CIL,335.97,91.76,42.47,2015-01-02,2026-01-03,0.0,-0.1499999999999914
MINISTRY OF COAL,COAL,CHHATTISGARH,SECL - CIL,316.11,192.9,78.86,2015-01-07,2026-01-03,0.0,-0.0999999999999943
MINISTRY OF COAL,COAL,CHHATTISGARH,SECL - CIL,459.49,278.71,96.15,2016-01-07,2025-01-03,0.0,-11.689999999999998
MINISTRY OF COAL,COAL,CHHATTISGARH,SECL - CIL,410.26,188.6,54.6,2018-01-05,2026-01-03,0.0,-0.1200000000000045
MINISTRY OF COAL,COAL,MADHYA PRADESH,SECL - CIL,371.04,150.83,58.2,2014-01-12,2026-01-03,0.0,-7.069999999999993
MINISTRY OF COAL,COAL,MADHYA PRADESH,SECL - CIL,366.94,36.68,41.29,2024-01-01,2029-01-03,0.0,-0.509999999999998
MINISTRY OF COAL,COAL,MADHYA PRADESH,WCL - CIL,314.09,17.9,17.78,2021-01-12,2027-01-03,0.0,0.0
MINISTRY OF COAL,COAL,JHARKHAND,BCCL - CIL,339.87,191.14,70.47,2011-01-02,2014-01-04,0.0,0.0
MINISTRY OF COAL,COAL,"MULTI-STATES (MADHYA PRADESH, UTTAR PRADESH)",NCL - CIL,491.67,379.69,57.120000000000005,2021-01-06,2025-01-03,0.0,0.0
MINISTRY OF COAL,COAL,MAHARASHTRA,WCL - CIL,228.64,157.02,69.33,2022-01-01,2028-01-03,0.0,0.0100000000000193
MINISTRY OF COAL,COAL,MADHYA PRADESH,WCL - CIL,399.2,117.0,67.13,2022-01-09,2027-01-03,0.0,-0.2000000000000028
MINISTRY OF COAL,COAL,MAHARASHTRA,WCL - CIL,319.04,153.78,32.21,2020-01-08,2026-01-03,0.0,-1.5900000000000034
MINISTRY OF COAL,COAL,MADHYA PRADESH,WCL - CIL,220.62,0.0,11.2,2022-01-11,2029-01-03,0.0,0.0
MINISTRY OF COAL,COAL,MAHARASHTRA,WCL - CIL,402.27,67.81,24.17,2022-01-09,2027-01-03,0.0,0.0
MINISTRY OF RAILWAYS,RAILWAYS,TAMIL NADU,MINISTRY OF RAILWAYS,842.0,340.0,0.0,2022-01-10,2026-01-03,0.0,0.0
DEPARTMENT OF HIGHER EDUCATION,EDUCATION,ARUNACHAL PRADESH,"NATIONAL INSTITUTE OF TECHNOLOGY, ARUNACHAL PRADESH",592.61,551.3,80.0,2013-01-03,2026-01-08,0.0,0.0
MINISTRY OF STEEL,STEEL,WEST BENGAL,STEEL AUTHORITY OF INDIA LIMITED [SAIL],916.78,234.05,35.36,2023-01-09,2026-01-12,-1.8299999999999983,-10.72999999999999
MINISTRY OF CIVIL AVIATION,AVIATION & AVIATION INFRASTRUCTURE,ANDHRA PRADESH,AIRPORT AUTHORITY OF INDIA [AAI],265.91,153.62,75.0,2024-01-01,2026-01-01,-5.0,-22.75999999999999
MINISTRY OF CIVIL AVIATION,AVIATION & AVIATION INFRASTRUCTURE,KARNATAKA,AIRPORT AUTHORITY OF INDIA [AAI],320.47,160.21,85.0,2024-01-01,2026-01-01,-3.5,-8.900000000000006
MINISTRY OF CIVIL AVIATION,AVIATION & AVIATION INFRASTRUCTURE,KARNATAKA,AIRPORT AUTHORITY OF INDIA [AAI],322.45,220.72,95.0,2024-01-02,2026-01-02,-2.0,-20.27000000000001
MINISTRY OF CIVIL AVIATION,AVIATION & AVIATION INFRASTRUCTURE,KERALA,AIRPORT AUTHORITY OF INDIA [AAI],484.57,227.5,64.5,2024-01-02,2025-01-09,-1.2999999999999972,-15.009999999999993
MINISTRY OF PETROLEUM & NATURAL GAS,OIL & GAS,KARNATAKA,MINISTRYOFPETROLEUMNATURALGAS,385.0,268.2,88.7,2023-01-10,2025-01-11,-1.7000000000000028,-3.160000000000025
MINISTRY OF CIVIL AVIATION,AVIATION & AVIATION INFRASTRUCTURE,WEST BENGAL,AIRPORT AUTHORITY OF INDIA [AAI],328.3,148.75,71.39999999999999,2023-01-12,2025-01-10,-2.1000000000000085,-4.77000000000001
MINISTRY OF CIVIL AVIATION,AVIATION & AVIATION INFRASTRUCTURE,SIKKIM,AIRPORT AUTHORITY OF INDIA [AAI],323.26,87.6,36.120000000000005,2023-01-12,2026-01-06,-0.019999999999996,-0.0100000000000051
MINISTRY OF RAILWAYS,RAILWAYS,CHHATTISGARH,SOUTH EAST CENTRAL RAILWAY [SECR] - II,170.49,9.98,15.0,2024-01-05,2027-01-03,12.0,-2.139999999999999
MINISTRY OF COAL,COAL,WEST BENGAL,ECL - CIL,929.1,132.43,8.41,2023-01-12,2030-01-03,0.0,0.0
MINISTRY OF COAL,COAL,MAHARASHTRA,WCL - CIL,361.87,104.17,12.2,2022-01-06,2026-01-03,0.0,0.0
MINISTRY OF RAILWAYS,RAILWAYS,MAHARASHTRA,CENTRAL RAILWAY [CR] - II,955.39,13.99,10.0,2026-01-01,2028-01-07,0.0,-280.54
MINISTRY OF PETROLEUM & NATURAL GAS,OIL & GAS,"MULTI-STATES (JAMMU AND KASHMIR, PUNJAB)",GAS AUTHORITY OF INDIA LIMITED [GAIL],521.9,319.1,84.6,2023-01-07,2026-01-07,-6.5,-7.299999999999954
MINISTRY OF POWER,TRANSMISSION & DISTRIBUTION,GUJARAT,POWER GRID CORPORATION OF INDIA LIMITED [POWERGRID],697.0,573.07,82.0,2024-01-05,2026-01-05,0.0,-19.379999999999995
DEPARTMENT OF HIGHER EDUCATION,EDUCATION,MIZORAM,NIT MIZORAM,474.23,167.55,4.0,2014-01-06,2029-01-12,0.0,0.0
DEPARTMENT OF HIGHER EDUCATION,EDUCATION,PUDUCHERRY,"NATIONAL INSTITUTE OF TECHNOLOGY, PUDUCHERRY",618.34,543.74,99.5,2013-01-07,2024-01-12,0.0,0.0
DEPARTMENT OF HIGHER EDUCATION,EDUCATION,SIKKIM,NIT SIKKIM,685.76,283.56,37.6,2024-01-03,2028-01-02,-0.3999999999999986,0.0
DEPARTMENT OF HIGHER EDUCATION,EDUCATION,MEGHALAYA,"NATIONAL INSTITUTE OF TECHNOLOGY, MEGHALAYA",494.52,368.98,96.0,2014-01-09,2022-01-03,-1.5,-8.839999999999975
DEPARTMENT OF HIGHER EDUCATION,EDUCATION,HIMACHAL PRADESH,"CENTRAL UNIVERSITY, HIMACHAL PRADESH",251.98,223.6,86.0,2022-01-08,2024-01-11,0.0,0.0
MINISTRY OF COAL,COAL,MAHARASHTRA,WCL - CIL,335.75,53.34,9.64,2022-01-05,2029-01-03,0.0,-0.5999999999999943
MINISTRY OF COAL,COAL,MAHARASHTRA,WCL - CIL,309.58,62.31,8.44,2021-01-04,2026-01-03,0.0,0.0
MINISTRY OF COAL,COAL,JHARKHAND,CCL - CIL,222.82,280.03,56.47,2020-01-05,2028-01-03,0.0,190.11
MINISTRY OF COAL,COAL,JHARKHAND,CCL - CIL,243.52,50.82,30.06,2019-01-11,2025-01-03,0.0,0.0
MINISTRY OF COAL,COAL,ODISHA,SINGARENI COLLIERIES COMPANY LIMITED [SCCL],494.3,491.33,80.0,2020-01-03,2026-01-03,0.0,0.0
MINISTRY OF COAL,COAL,TELANGANA,SINGARENI COLLIERIES COMPANY LIMITED [SCCL],384.32,301.56,76.0,2017-01-05,2026-01-03,-1.0,-2.829999999999984
MINISTRY OF COAL,COAL,TELANGANA,SINGARENI COLLIERIES COMPANY LIMITED [SCCL],607.04,200.83,71.0,2019-01-05,2025-01-03,0.0,-0.1699999999999875
MINISTRY OF COAL,COAL,TELANGANA,SINGARENI COLLIERIES COMPANY LIMITED [SCCL],424.81,408.29,81.0,2022-01-12,2025-01-03,0.0,-0.3999999999999772
MINISTRY OF COAL,COAL,TELANGANA,SINGARENI COLLIERIES COMPANY LIMITED [SCCL],345.6,111.94,33.0,2021-01-08,2026-01-03,0.0,0.0
MINISTRY OF COAL,COAL,TELANGANA,SINGARENI COLLIERIES COMPANY LIMITED [SCCL],484.5,477.14,97.0,2020-01-06,2026-01-03,0.0,0.0
MINISTRY OF COAL,COAL,TELANGANA,SINGARENI COLLIERIES COMPANY LIMITED [SCCL],442.42,253.39,63.0,2017-01-09,2025-01-03,-1.0,-0.0200000000000102
MINISTRY OF COAL,COAL,MAHARASHTRA,WCL - CIL,184.71,15.72,12.98,2021-01-04,2029-01-03,0.0,0.0
MINISTRY OF COAL,COAL,MAHARASHTRA,WCL - CIL,1225.21,91.83,4.21,2024-01-04,2030-01-03,0.0,-0.1899999999999977
MINISTRY OF COAL,COAL,MAHARASHTRA,WCL - CIL,973.07,1.55,2.31,2024-01-06,2030-01-03,0.0,0.0
MINISTRY OF COAL,COAL,MAHARASHTRA,WCL - CIL,405.2,43.1,16.06,2022-01-09,2028-01-03,0.0,-0.0599999999999951
MINISTRY OF COAL,COAL,MAHARASHTRA,WCL - CIL,1024.91,218.36,27.92,2024-01-06,2029-01-03,0.0,0.1000000000000227
MINISTRY OF COAL,COAL,MAHARASHTRA,WCL - CIL,319.75,196.82,79.83,2016-01-08,2022-01-03,0.0,0.0
MINISTRY OF COAL,COAL,MAHARASHTRA,WCL - CIL,237.06,168.2,94.57,2019-01-01,2021-01-03,0.0,-0.710000000000008
MINISTRY OF COAL,COAL,MAHARASHTRA,WCL - CIL,235.9,128.23,98.97,2018-01-09,2024-01-03,0.0,-0.2600000000000193
MINISTRY OF HOUSING & URBAN AFFAIRS,URBAN PUBLIC TRANSPORT,UTTAR PRADESH,NOIDA METRO RAIL CORPORATION LTD. [NMRCL],2254.35,0.0,0.0,2026-01-03,2030-01-03,0.0,0.0
MINISTRY OF COAL,COAL,MAHARASHTRA,WCL - CIL,316.0,209.29,86.49,2018-01-11,2024-01-03,0.0,0.0
MINISTRY OF COAL,COAL,JHARKHAND,ECL - CIL,979.08,0.0,0.05,2023-01-12,2037-03-01,0.0,0.0
MINISTRY OF COAL,COAL,ASSAM,INVALID CO.,289.46,105.66,5.26,2022-01-11,2030-01-11,0.2599999999999998,0.0
MINISTRY OF COAL,COAL,ASSAM,INVALID CO.,159.77,112.8,89.73,2022-01-07,2031-01-07,0.0,0.1099999999999994
MINISTRY OF COAL,COAL,TELANGANA,SINGARENI COLLIERIES COMPANY LIMITED [SCCL],297.88,50.39,20.0,2021-01-12,2025-01-03,0.0,0.0
MINISTRY OF COAL,COAL,JHARKHAND,CCL - CIL,230.41,40.02,23.67,2020-01-11,2028-01-03,0.0,18.000000000000004
MINISTRY OF COAL,COAL,MADHYA PRADESH,WCL - CIL,206.88,50.69,2.02,2023-01-01,2031-01-03,0.0,0.0
MINISTRY OF COAL,COAL,MADHYA PRADESH,WCL - CIL,166.25,5.93,9.39,2023-01-09,2028-01-03,0.0,0.0
MINISTRY OF COAL,COAL,MAHARASHTRA,WCL - CIL,198.71,25.08,2.82,2023-01-09,2027-01-03,-1.1100000000000003,0.0
MINISTRY OF STEEL,METALS & MINING,CHHATTISGARH,NATIONAL MINERAL DEVELOPMENT CORPORATION LIMITED [NMDC],1700.0,263.01,18.3,2022-01-07,2028-01-12,-4.789999999999999,-29.0
MINISTRY OF COAL,COAL,MADHYA PRADESH,WCL - CIL,414.15,22.16,56.88,2019-01-08,2026-01-03,0.0,-6.379999999999999
MINISTRY OF COAL,COAL,MAHARASHTRA,WCL - CIL,360.81,26.97,5.35,2022-01-12,2029-01-03,0.0,0.0
MINISTRY OF POWER,TRANSMISSION & DISTRIBUTION,RAJASTHAN,POWER GRID CORPORATION OF INDIA LIMITED [POWERGRID],3279.0,1790.99,52.83,2024-01-08,2026-01-08,-3.3200000000000003,-110.82999999999991
MINISTRY OF POWER,TRANSMISSION & DISTRIBUTION,"MULTI-STATES (MADHYA PRADESH, RAJASTHAN)",POWER GRID CORPORATION OF INDIA LIMITED [POWERGRID],2227.0,1024.42,46.71,2024-01-08,2026-01-08,-2.6000000000000014,-89.07999999999993
MINISTRY OF POWER,TRANSMISSION & DISTRIBUTION,"MULTI-STATES (MADHYA PRADESH, RAJASTHAN)",POWER GRID CORPORATION OF INDIA LIMITED [POWERGRID],3251.0,2048.13,44.330000000000005,2024-01-08,2026-01-08,-2.539999999999992,0.0
MINISTRY OF COAL,COAL,CHHATTISGARH,SECL - CIL,329.21,62.01,2.01,2023-01-01,2029-01-03,0.0,0.0
MINISTRY OF POWER,TRANSMISSION & DISTRIBUTION,RAJASTHAN,POWER GRID CORPORATION OF INDIA LIMITED [POWERGRID],1382.0,590.11,48.83,2024-01-08,2026-01-08,-8.480000000000004,-38.69999999999993
MINISTRY OF POWER,TRANSMISSION & DISTRIBUTION,RAJASTHAN,POWER GRID CORPORATION OF INDIA LIMITED [POWERGRID],369.0,228.78,82.1,2024-01-08,2026-01-02,-5.0,-29.52000000000001
MINISTRY OF POWER,TRANSMISSION & DISTRIBUTION,RAJASTHAN,POWER GRID CORPORATION OF INDIA LIMITED [POWERGRID],2735.0,1100.29,43.0,2024-01-11,2026-01-11,-4.280000000000001,-21.059999999999945
MINISTRY OF POWER,TRANSMISSION & DISTRIBUTION,"MULTI-STATES (HARYANA, PUNJAB, RAJASTHAN)",POWER GRID CORPORATION OF INDIA LIMITED [POWERGRID],5969.0,1880.23,30.6,2024-01-11,2026-01-11,-2.700000000000003,-89.53999999999996
MINISTRY OF POWER,TRANSMISSION & DISTRIBUTION,"MULTI-STATES (HARYANA, RAJASTHAN)",POWER GRID CORPORATION OF INDIA LIMITED [POWERGRID],5357.0,1812.81,34.01,2024-01-11,2026-01-11,-2.520000000000003,-108.21000000000004
MINISTRY OF POWER,TRANSMISSION & DISTRIBUTION,GUJARAT,POWER GRID CORPORATION OF INDIA LIMITED [POWERGRID],329.0,51.98,18.0,2024-01-10,2026-01-07,-15.0,-20.4
MINISTRY OF POWER,TRANSMISSION & DISTRIBUTION,GUJARAT,POWER GRID CORPORATION OF INDIA LIMITED [POWERGRID],501.0,25.05,8.67,2024-01-11,2026-01-11,0.0,-1.3999999999999986
MINISTRY OF POWER,TRANSMISSION & DISTRIBUTION,MADHYA PRADESH,POWER GRID CORPORATION OF INDIA LIMITED [POWERGRID],3674.0,1637.5,45.5,2024-01-10,2026-01-10,-2.3999999999999986,-35.6400000000001
MINISTRY OF POWER,TRANSMISSION & DISTRIBUTION,GUJARAT,POWER GRID CORPORATION OF INDIA LIMITED [POWERGRID],4766.0,2111.34,36.57,2024-01-10,2026-01-10,-1.6899999999999975,-33.35999999999967
MINISTRY OF POWER,TRANSMISSION & DISTRIBUTION,MADHYA PRADESH,POWER GRID CORPORATION OF INDIA LIMITED [POWERGRID],2708.0,1570.64,70.96000000000001,2024-01-08,2026-01-08,-1.4299999999999926,-54.159999999999854
MINISTRY OF POWER,TRANSMISSION & DISTRIBUTION,"MULTI-STATES (GUJARAT, MAHARASHTRA)",POWER GRID CORPORATION OF INDIA LIMITED [POWERGRID],24819.0,2978.28,18.11,2024-01-11,2029-01-05,-0.4499999999999993,0.0
MINISTRY OF POWER,TRANSMISSION & DISTRIBUTION,DELHI,POWER GRID CORPORATION OF INDIA LIMITED [POWERGRID],284.0,78.5,33.629999999999995,2024-01-10,2026-01-02,-12.310000000000002,-12.379999999999995
MINISTRY OF ROAD TRANSPORT & HIGHWAYS,ROADS & HIGHWAYS,ASSAM,NHIDCL,356.65,80.08,20.45,2023-01-12,2025-01-12,,
MINISTRY OF ROAD TRANSPORT & HIGHWAYS,ROADS & HIGHWAYS,PUNJAB,MORTH,152.58,0.0,100.0,2023-01-10,2025-01-04,,
MINISTRY OF ROAD TRANSPORT & HIGHWAYS,ROADS & HIGHWAYS,UTTAR PRADESH,NHAI,1973.98,1010.31,72.0,2024-01-01,2026-01-01,-1.7800000000000011,-25.21000000000004
MINISTRY OF ROAD TRANSPORT & HIGHWAYS,ROADS & HIGHWAYS,KARNATAKA,NHAI,1427.88,594.55,48.8,2025-01-03,2027-01-02,-9.900000000000006,0.0
MINISTRY OF ROAD TRANSPORT & HIGHWAYS,ROADS & HIGHWAYS,"MULTI-STATES (JHARKHAND, WEST BENGAL)",NHAI,1560.39,1690.95,100.0,2014-01-04,2016-01-09,0.0,-3.990000000000009
MINISTRY OF ROAD TRANSPORT & HIGHWAYS,ROADS & HIGHWAYS,SIKKIM,NHIDCL,493.42,0.03,79.13,2021-01-05,2024-01-05,0.0,-395.16
MINISTRY OF ROAD TRANSPORT & HIGHWAYS,ROADS & HIGHWAYS,PUNJAB,NHAI,1754.84,1252.02,54.010000000000005,2023-01-01,2025-01-01,-2.6899999999999977,0.0
MINISTRY OF ROAD TRANSPORT & HIGHWAYS,ROADS & HIGHWAYS,MIZORAM,NHIDCL,637.06,101.89,99.82,2020-01-03,2023-01-09,0.0,-445.12
MINISTRY OF ROAD TRANSPORT & HIGHWAYS,ROADS & HIGHWAYS,NAGALAND,NHIDCL,442.54,0.0,58.5,2023-01-08,2026-01-02,0.0,0.0
MINISTRY OF ROAD TRANSPORT & HIGHWAYS,ROADS & HIGHWAYS,PUNJAB,NHAI,2177.54,1524.23,62.99,2022-01-07,2024-01-07,,
MINISTRY OF ROAD TRANSPORT & HIGHWAYS,ROADS & HIGHWAYS,TAMIL NADU,NHAI,1359.81,409.22,40.88,2023-01-01,2025-01-01,-3.649999999999999,-0.1299999999999954
MINISTRY OF ROAD TRANSPORT & HIGHWAYS,ROADS & HIGHWAYS,MEGHALAYA,NHIDCL,686.03,435.15,49.82,2024-01-09,2026-01-09,-0.6599999999999966,77.82999999999998
MINISTRY OF ROAD TRANSPORT & HIGHWAYS,ROADS & HIGHWAYS,KARNATAKA,NHAI,1363.9,302.3,22.5,2025-01-04,2027-01-04,-2.0,-3.789999999999964
MINISTRY OF ROAD TRANSPORT & HIGHWAYS,ROADS & HIGHWAYS,TAMIL NADU,NHAI,900.05,903.4,99.25,2020-01-03,2022-01-03,-0.1700000000000017,-0.1700000000000727
MINISTRY OF ROAD TRANSPORT & HIGHWAYS,ROADS & HIGHWAYS,UTTARAKHAND,NHIDCL,216.68,113.17,98.61,2024-01-06,2025-01-12,-1.3599999999999994,-4.659999999999997
MINISTRY OF ROAD TRANSPORT & HIGHWAYS,ROADS & HIGHWAYS,TRIPURA,NHIDCL,726.9,259.36,9.33,2024-01-12,2026-01-12,-0.1699999999999999,159.11
MINISTRY OF ROAD TRANSPORT & HIGHWAYS,ROADS & HIGHWAYS,KERALA,NHAI,4023.94,2476.49,100.0,2022-01-01,2024-01-07,0.0,-116.43000000000028
MINISTRY OF ROAD TRANSPORT & HIGHWAYS,ROADS & HIGHWAYS,PUNJAB,NHAI,1851.47,1934.7,73.35000000000001,2022-01-07,2024-01-07,0.0,-1.1800000000000637
MINISTRY OF ROAD TRANSPORT & HIGHWAYS,ROADS & HIGHWAYS,WEST BENGAL,NHAI,1818.46,457.52,58.15,2024-01-12,2027-01-06,-2.950000000000003,-3.480000000000018
MINISTRY OF ROAD TRANSPORT & HIGHWAYS,ROADS & HIGHWAYS,TRIPURA,NHIDCL,670.9,0.0,14.499999999999998,2024-01-09,2026-01-09,-0.200000000000001,-183.24
MINISTRY OF ROAD TRANSPORT & HIGHWAYS,ROADS & HIGHWAYS,KARNATAKA,NHAI,1246.15,381.27,53.8,2024-01-11,2026-01-11,0.0,-18.04000000000002
MINISTRY OF ROAD TRANSPORT & HIGHWAYS,ROADS & HIGHWAYS,TAMIL NADU,NHAI,1106.65,591.91,93.04,2022-01-07,2024-01-07,0.0,-1.0900000000000318
MINISTRY OF ROAD TRANSPORT & HIGHWAYS,ROADS & HIGHWAYS,LADAKH,NHIDCL,398.37,325.95,95.02,2021-01-07,2023-01-01,-2.0799999999999983,-11.240000000000007
MINISTRY OF ROAD TRANSPORT & HIGHWAYS,ROADS & HIGHWAYS,PUNJAB,NHAI,1424.55,145.14,3.54,2026-01-03,2028-01-03,-2.25,-17.25
MINISTRY OF ROAD TRANSPORT & HIGHWAYS,ROADS & HIGHWAYS,PUNJAB,NHAI,1895.74,1274.51,31.08,2023-01-03,2025-01-03,,
MINISTRY OF ROAD TRANSPORT & HIGHWAYS,ROADS & HIGHWAYS,RAJASTHAN,NHAI,846.59,704.71,100.0,2021-01-08,2023-01-08,0.0,-0.7699999999999818
MINISTRY OF ROAD TRANSPORT & HIGHWAYS,ROADS & HIGHWAYS,KERALA,NHAI,4302.06,3312.67,94.55,2022-01-09,2025-01-02,-0.5,-0.0099999999997635
MINISTRY OF ROAD TRANSPORT & HIGHWAYS,ROADS & HIGHWAYS,TRIPURA,NHIDCL,657.21,0.0,60.5,2024-01-09,2026-01-09,-0.2000000000000028,-301.86
MINISTRY OF ROAD TRANSPORT & HIGHWAYS,ROADS & HIGHWAYS,SIKKIM,NHIDCL,410.6,0.0,82.64,2021-01-02,2024-01-02,0.0,-241.77
MINISTRY OF ROAD TRANSPORT & HIGHWAYS,ROADS & HIGHWAYS,MEGHALAYA,NHIDCL,562.48,254.54,52.0,2024-01-09,2026-01-09,-0.2800000000000011,-85.63000000000002
MINISTRY OF ROAD TRANSPORT & HIGHWAYS,ROADS & HIGHWAYS,KERALA,NHAI,4225.59,3329.11,95.27,2022-01-09,2025-01-01,0.0,-16.190000000000055
MINISTRY OF ROAD TRANSPORT & HIGHWAYS,ROADS & HIGHWAYS,NAGALAND,NHIDCL,497.18,0.0,85.67,2023-01-08,2026-01-02,0.0,0.0
MINISTRY OF ROAD TRANSPORT & HIGHWAYS,ROADS & HIGHWAYS,JAMMU AND KASHMIR,NHIDCL,228.39,176.58,94.26,2020-01-10,2022-01-04,0.0,-5.629999999999996
MINISTRY OF ROAD TRANSPORT & HIGHWAYS,ROADS & HIGHWAYS,PUNJAB,NHAI,1734.18,773.53,27.52,2025-01-02,2027-01-02,-0.0800000000000018,-7.080000000000041
MINISTRY OF ROAD TRANSPORT & HIGHWAYS,ROADS & HIGHWAYS,"MULTI-STATES (ARUNACHAL PRADESH, ASSAM)",NHIDCL,665.47,373.06,96.7,2024-01-09,2027-01-03,0.0,-7.529999999999973
MINISTRY OF ROAD TRANSPORT & HIGHWAYS,ROADS & HIGHWAYS,UTTAR PRADESH,NHAI,1991.71,1750.54,96.15,2019-01-02,2022-01-02,-0.7099999999999937,-0.7200000000000273
MINISTRY OF ROAD TRANSPORT & HIGHWAYS,ROADS & HIGHWAYS,NAGALAND,NHIDCL,215.79,173.12,100.0,2023-01-08,2025-01-08,0.0,0.0
MINISTRY OF ROAD TRANSPORT & HIGHWAYS,ROADS & HIGHWAYS,MAHARASHTRA,NHAI,3536.9,1844.7,90.86,2022-01-02,2024-01-02,-7.340000000000003,-141.8599999999999
MINISTRY OF ROAD TRANSPORT & HIGHWAYS,ROADS & HIGHWAYS,ASSAM,NHIDCL,279.01,398.54,94.73,2024-01-02,2024-01-08,,
MINISTRY OF ROAD TRANSPORT & HIGHWAYS,ROADS & HIGHWAYS,JAMMU AND KASHMIR,NHAI,1401.87,1053.1,87.1,2022-01-02,2024-01-06,0.0,-1.7000000000000457
MINISTRY OF ROAD TRANSPORT & HIGHWAYS,ROADS & HIGHWAYS,JAMMU AND KASHMIR,NHAI,2894.74,996.74,66.17,2023-01-06,2025-01-06,-0.5699999999999932,-20.220000000000027
MINISTRY OF ROAD TRANSPORT & HIGHWAYS,ROADS & HIGHWAYS,MIZORAM,NHIDCL,698.45,552.89,64.78,2021-01-06,2022-01-12,0.0,-1.0
MINISTRY OF ROAD TRANSPORT & HIGHWAYS,ROADS & HIGHWAYS,KERALA,NHAI,210.0,190.46,100.0,2020-01-12,2022-01-06,0.0,0.0
MINISTRY OF ROAD TRANSPORT & HIGHWAYS,ROADS & HIGHWAYS,"MULTI-STATES (BIHAR, UTTAR PRADESH)",NHAI,3241.56,2858.26,99.75,2011-01-09,2014-01-03,-0.1700000000000017,-1.9599999999995816
MINISTRY OF ROAD TRANSPORT & HIGHWAYS,ROADS & HIGHWAYS,NAGALAND,NHIDCL,161.73,101.21,99.75,2023-01-09,2025-01-09,0.0,-0.0700000000000073
MINISTRY OF ROAD TRANSPORT & HIGHWAYS,ROADS & HIGHWAYS,JAMMU AND KASHMIR,NHIDCL,512.43,164.66,53.49,2021-01-08,2023-01-02,0.0,0.0
MINISTRY OF ROAD TRANSPORT & HIGHWAYS,ROADS & HIGHWAYS,ANDHRA PRADESH,NHIDCL,6808.69,3549.07,68.8,2020-01-10,2026-01-09,0.0,-25.42999999999984
MINISTRY OF ROAD TRANSPORT & HIGHWAYS,ROADS & HIGHWAYS,RAJASTHAN,NHAI,662.08,561.0,99.2,2021-01-07,2023-01-07,0.0,-0.75
MINISTRY OF ROAD TRANSPORT & HIGHWAYS,ROADS & HIGHWAYS,MADHYA PRADESH,NHAI,521.21,199.48,63.79,2023-01-10,2025-01-10,0.0,0.0
MINISTRY OF ROAD TRANSPORT & HIGHWAYS,ROADS & HIGHWAYS,MIZORAM,NHIDCL,740.58,494.49,61.34,2021-01-07,2023-01-01,0.0,0.0
MINISTRY OF ROAD TRANSPORT & HIGHWAYS,ROADS & HIGHWAYS,MEGHALAYA,NHIDCL,620.3,304.5,73.13,2024-01-09,2026-01-09,-1.720000000000013,-28.44999999999999
MINISTRY OF ROAD TRANSPORT & HIGHWAYS,ROADS & HIGHWAYS,JAMMU AND KASHMIR,NHIDCL,245.3,97.2,75.29,2023-01-01,2025-01-01,0.0,-18.00999999999999
MINISTRY OF ROAD TRANSPORT & HIGHWAYS,ROADS & HIGHWAYS,RAJASTHAN,NHAI,1854.68,1495.49,95.52,2021-01-07,2024-01-01,-2.760000000000005,-35.430000000000064
MINISTRY OF ROAD TRANSPORT & HIGHWAYS,ROADS & HIGHWAYS,"MULTI-STATES (DELHI, HARYANA)",NHAI,2228.26,1759.52,100.0,2018-01-11,2020-01-11,,
MINISTRY OF ROAD TRANSPORT & HIGHWAYS,ROADS & HIGHWAYS,PUNJAB,NHAI,2165.23,603.8,33.489999999999995,2023-01-04,2026-01-04,-1.3000000000000045,-14.420000000000073
MINISTRY OF ROAD TRANSPORT & HIGHWAYS,ROADS & HIGHWAYS,MAHARASHTRA,NHAI,1236.08,1503.55,96.22,2019-01-03,2021-01-03,0.0,-0.0399999999999636
MINISTRY OF ROAD TRANSPORT & HIGHWAYS,ROADS & HIGHWAYS,ASSAM,NHIDCL,693.97,41.78,93.23,2020-01-12,2022-01-06,0.0,1.6099999999999994
MINISTRY OF ROAD TRANSPORT & HIGHWAYS,ROADS & HIGHWAYS,NAGALAND,NHIDCL,430.24,0.0,87.0,2023-01-08,2026-01-02,0.0,0.0
MINISTRY OF ROAD TRANSPORT & HIGHWAYS,ROADS & HIGHWAYS,"MULTI-STATES (BIHAR, JHARKHAND)",NHAI,1054.46,201.3,33.239999999999995,2024-01-12,2026-01-12,-4.690000000000005,-0.9699999999999988
MINISTRY OF ROAD TRANSPORT & HIGHWAYS,ROADS & HIGHWAYS,KERALA,NHAI,4924.11,3635.17,100.0,2022-01-01,2024-01-07,0.0,-130.0999999999999
MINISTRY OF ROAD TRANSPORT & HIGHWAYS,ROADS & HIGHWAYS,JAMMU AND KASHMIR,NHAI,2714.95,1833.59,89.52,2022-01-09,2024-01-09,-0.4900000000000091,-13.0
MINISTRY OF ROAD TRANSPORT & HIGHWAYS,ROADS & HIGHWAYS,"MULTI-STATES (KARNATAKA, TELANGANA)",NHAI,972.06,459.45,91.47,2023-01-01,2025-01-01,-2.3200000000000074,-0.0400000000000204
MINISTRY OF ROAD TRANSPORT & HIGHWAYS,ROADS & HIGHWAYS,MAHARASHTRA,NHAI,2058.79,634.54,98.0,2022-01-11,2024-01-05,0.0,-0.0099999999999909
MINISTRY OF ROAD TRANSPORT & HIGHWAYS,ROADS & HIGHWAYS,PUNJAB,NHAI,906.51,687.75,81.5,2023-01-09,2025-01-09,0.0,-0.07000000000005
MINISTRY OF ROAD TRANSPORT & HIGHWAYS,ROADS & HIGHWAYS,MAHARASHTRA,NHAI,2610.88,622.23,91.5,2022-01-11,2024-01-05,-3.0999999999999943,-29.720000000000027
MINISTRY OF ROAD TRANSPORT & HIGHWAYS,ROADS & HIGHWAYS,JHARKHAND,NHAI,1325.8,292.91,5.73,2026-01-02,2028-01-02,-4.029999999999999,-0.4899999999999522
MINISTRY OF ROAD TRANSPORT & HIGHWAYS,ROADS & HIGHWAYS,KERALA,NHAI,2878.97,2495.62,80.85,2022-01-03,2024-01-09,-0.6400000000000006,-19.21000000000004
MINISTRY OF ROAD TRANSPORT & HIGHWAYS,ROADS & HIGHWAYS,HARYANA,NHAI,1866.49,1609.72,99.91,2021-01-12,2023-01-12,0.0,0.0
MINISTRY OF ROAD TRANSPORT & HIGHWAYS,ROADS & HIGHWAYS,MAHARASHTRA,NHAI,540.24,464.28,99.79,2021-01-11,2023-01-11,0.0,-0.0100000000000477
MINISTRY OF ROAD TRANSPORT & HIGHWAYS,ROADS & HIGHWAYS,MANIPUR,NHIDCL,188.36,0.0,100.0,2021-01-06,2022-01-12,0.0,0.0
MINISTRY OF ROAD TRANSPORT & HIGHWAYS,ROADS & HIGHWAYS,UTTAR PRADESH,NHAI,1089.41,249.69,49.1,2025-01-11,2027-01-10,-0.75,-2.490000000000009
MINISTRY OF ROAD TRANSPORT & HIGHWAYS,ROADS & HIGHWAYS,SIKKIM,NHIDCL,292.8,1.91,65.14999999999999,2020-01-10,2022-01-05,0.0,-251.72
MINISTRY OF ROAD TRANSPORT & HIGHWAYS,ROADS & HIGHWAYS,MEGHALAYA,NHIDCL,525.67,0.0,51.02,2024-01-02,2026-01-08,-2.1899999999999977,0.0
MINISTRY OF ROAD TRANSPORT & HIGHWAYS,ROADS & HIGHWAYS,"MULTI-STATES (KARNATAKA, MAHARASHTRA)",NHAI,1370.75,300.25,53.31,2024-01-10,2026-01-10,-4.310000000000002,-22.670000000000016
MINISTRY OF ROAD TRANSPORT & HIGHWAYS,ROADS & HIGHWAYS,NAGALAND,NHIDCL,177.77,0.0,95.62,2023-01-06,2025-01-06,0.0,-111.71
MINISTRY OF ROAD TRANSPORT & HIGHWAYS,ROADS & HIGHWAYS,CHHATTISGARH,NHAI,2261.3,1050.51,80.05,2024-01-02,2026-01-08,-1.4500000000000028,-69.94000000000005
MINISTRY OF ROAD TRANSPORT & HIGHWAYS,ROADS & HIGHWAYS,KERALA,NHAI,3273.61,2858.39,71.2,2022-01-08,2025-01-02,0.0,-0.1600000000003092
MINISTRY OF ROAD TRANSPORT & HIGHWAYS,ROADS & HIGHWAYS,UTTARAKHAND,NHIDCL,1383.78,830.46,73.5,2018-01-07,2022-01-07,-2.530000000000001,-11.980000000000018
MINISTRY OF ROAD TRANSPORT & HIGHWAYS,ROADS & HIGHWAYS,TAMIL NADU,NHAI,3605.73,930.29,89.97,2022-01-07,2024-01-07,0.0,-57.09000000000003
MINISTRY OF ROAD TRANSPORT & HIGHWAYS,ROADS & HIGHWAYS,JAMMU AND KASHMIR,NHAI,2919.96,1829.2,88.5,2021-01-08,2024-01-02,-0.5,-3.089999999999918
MINISTRY OF ROAD TRANSPORT & HIGHWAYS,ROADS & HIGHWAYS,CHHATTISGARH,NHAI,1855.59,1468.47,94.81,2022-01-03,2024-01-03,0.0,-2.309999999999945
MINISTRY OF ROAD TRANSPORT & HIGHWAYS,ROADS & HIGHWAYS,MEGHALAYA,NHIDCL,351.12,0.0,100.0,2023-01-10,2025-01-10,0.0,-243.15
MINISTRY OF ROAD TRANSPORT & HIGHWAYS,ROADS & HIGHWAYS,KERALA,NHAI,2842.14,2373.25,73.89,2022-01-04,2024-01-10,0.0,0.0500000000001819
MINISTRY OF ROAD TRANSPORT & HIGHWAYS,ROADS & HIGHWAYS,JAMMU AND KASHMIR,NHAI,242.65,677.46,83.87,2023-01-06,2025-01-06,0.0,-0.0099999999999909
MINISTRY OF ROAD TRANSPORT & HIGHWAYS,ROADS & HIGHWAYS,MIZORAM,NHIDCL,867.09,159.55,97.51,2019-01-10,2023-01-04,0.0,-365.58
MINISTRY OF ROAD TRANSPORT & HIGHWAYS,ROADS & HIGHWAYS,UTTAR PRADESH,NHAI,2541.13,312.39,39.03,2025-01-03,2027-01-09,-0.4699999999999988,-6.139999999999986
MINISTRY OF ROAD TRANSPORT & HIGHWAYS,ROADS & HIGHWAYS,"MULTI-STATES (GUJARAT, MAHARASHTRA)",NHAI,1654.07,1416.49,97.66,2020-01-09,2022-01-09,-2.0400000000000063,-31.269999999999985
MINISTRY OF ROAD TRANSPORT & HIGHWAYS,ROADS & HIGHWAYS,MEGHALAYA,NHIDCL,445.51,42.39,53.21,2024-01-04,2026-01-04,-0.2199999999999988,0.0
MINISTRY OF ROAD TRANSPORT & HIGHWAYS,ROADS & HIGHWAYS,MAHARASHTRA,NHAI,2208.68,889.44,85.79,2023-01-01,2025-01-07,-4.939999999999998,-41.79999999999996
MINISTRY OF ROAD TRANSPORT & HIGHWAYS,ROADS & HIGHWAYS,NAGALAND,NHIDCL,258.52,135.86,96.53,2023-01-09,2025-01-09,0.0,-0.2299999999999897
MINISTRY OF ROAD TRANSPORT & HIGHWAYS,ROADS & HIGHWAYS,MIZORAM,NHIDCL,752.89,125.64,95.35,2019-01-10,2023-01-04,0.0,0.0
MINISTRY OF ROAD TRANSPORT & HIGHWAYS,ROADS & HIGHWAYS,LADAKH,NHIDCL,381.01,299.33,89.3,2021-01-07,2023-01-01,-1.710000000000008,-14.009999999999993
MINISTRY OF ROAD TRANSPORT & HIGHWAYS,ROADS & HIGHWAYS,RAJASTHAN,NHAI,520.63,450.58,100.0,2021-01-06,2023-01-06,0.0,-0.0099999999999909
MINISTRY OF ROAD TRANSPORT & HIGHWAYS,ROADS & HIGHWAYS,BIHAR,NHAI,210.05,181.96,64.05,2022-01-07,2024-01-01,,
MINISTRY OF ROAD TRANSPORT & HIGHWAYS,ROADS & HIGHWAYS,KARNATAKA,NHAI,2355.56,964.75,79.86999999999999,2022-01-12,2025-01-06,-1.480000000000004,-47.35000000000002
MINISTRY OF ROAD TRANSPORT & HIGHWAYS,ROADS & HIGHWAYS,MIZORAM,NHIDCL,781.85,48.14,4.71,2024-01-12,2026-01-12,0.0,-0.1199999999999974
MINISTRY OF ROAD TRANSPORT & HIGHWAYS,ROADS & HIGHWAYS,MANIPUR,NHIDCL,226.32,189.26,75.08,2021-01-06,2022-01-12,0.0,-0.9300000000000068
MINISTRY OF ROAD TRANSPORT & HIGHWAYS,ROADS & HIGHWAYS,UTTAR PRADESH,NHAI,1603.53,249.74,37.65,2024-01-12,2027-01-06,-1.5500000000000045,-16.620000000000005
MINISTRY OF ROAD TRANSPORT & HIGHWAYS,ROADS & HIGHWAYS,TRIPURA,NHIDCL,431.78,0.0,63.14999999999999,2024-01-07,2026-01-07,0.0,-265.36
MINISTRY OF ROAD TRANSPORT & HIGHWAYS,ROADS & HIGHWAYS,PUNJAB,NHAI,2029.17,1440.11,72.0,2024-01-06,2026-01-06,-2.0,-2.050000000000182
MINISTRY OF ROAD TRANSPORT & HIGHWAYS,ROADS & HIGHWAYS,MEGHALAYA,NHIDCL,359.86,299.18,83.02000000000001,2022-01-05,2024-01-05,-0.0299999999999869,-10.889999999999986
MINISTRY OF ROAD TRANSPORT & HIGHWAYS,ROADS & HIGHWAYS,"MULTI-STATES (HARYANA, PUNJAB)",NHAI,1741.86,1431.89,98.7,2022-01-05,2024-01-05,0.0,-76.30999999999995
MINISTRY OF ROAD TRANSPORT & HIGHWAYS,ROADS & HIGHWAYS,PUNJAB,NHAI,666.81,215.06,28.5,2025-01-07,2027-01-07,-0.5100000000000016,-2.460000000000008
MINISTRY OF ROAD TRANSPORT & HIGHWAYS,ROADS & HIGHWAYS,UTTARAKHAND,NHIDCL,259.64,0.0,64.23,2024-01-12,2026-01-06,-4.219999999999999,0.0
MINISTRY OF ROAD TRANSPORT & HIGHWAYS,ROADS & HIGHWAYS,ASSAM,NHIDCL,613.89,384.24,89.5,2024-01-11,2026-01-11,0.0,-0.3600000000000136
MINISTRY OF ROAD TRANSPORT & HIGHWAYS,ROADS & HIGHWAYS,KERALA,NHAI,3465.82,2171.55,70.99,2022-01-10,2025-01-04,-0.1200000000000045,-7.0
MINISTRY OF ROAD TRANSPORT & HIGHWAYS,ROADS & HIGHWAYS,SIKKIM,NHIDCL,816.79,32.28,64.31,2020-01-12,2023-01-12,0.0,-442.68
MINISTRY OF ROAD TRANSPORT & HIGHWAYS,ROADS & HIGHWAYS,MANIPUR,NHIDCL,310.76,255.6,97.0,2022-01-08,2024-01-02,0.0,-32.130000000000024
MINISTRY OF ROAD TRANSPORT & HIGHWAYS,ROADS & HIGHWAYS,UTTAR PRADESH,NHAI,1753.75,453.73,61.21,2023-01-12,2026-01-06,-0.9400000000000048,-25.829999999999984
MINISTRY OF ROAD TRANSPORT & HIGHWAYS,ROADS & HIGHWAYS,JHARKHAND,NHAI,1007.97,609.9,78.10000000000001,2023-01-06,2025-01-06,0.0,-7.950000000000045
MINISTRY OF ROAD TRANSPORT & HIGHWAYS,ROADS & HIGHWAYS,RAJASTHAN,NHAI,1272.97,1150.12,95.25,2021-01-05,2023-01-05,0.0,-0.0100000000002182
MINISTRY OF ROAD TRANSPORT & HIGHWAYS,ROADS & HIGHWAYS,BIHAR,NHAI,227.25,233.7,83.0,2023-01-12,2025-01-12,-0.0099999999999909,0.0
MINISTRY OF ROAD TRANSPORT & HIGHWAYS,ROADS & HIGHWAYS,UTTAR PRADESH,NHAI,1089.41,48.77,17.25,2025-01-03,2027-01-09,-3.1499999999999986,-5.419999999999995
MINISTRY OF ROAD TRANSPORT & HIGHWAYS,ROADS & HIGHWAYS,MAHARASHTRA,NHAI,4051.8,982.89,90.7,2022-01-11,2024-01-10,-4.799999999999997,30.19999999999993
MINISTRY OF ROAD TRANSPORT & HIGHWAYS,ROADS & HIGHWAYS,HARYANA,NHAI,1533.87,1176.23,99.89,2022-01-01,2024-01-01,0.0,0.0
MINISTRY OF ROAD TRANSPORT & HIGHWAYS,ROADS & HIGHWAYS,MEGHALAYA,NHIDCL,284.21,170.81,41.92,2024-01-05,2026-01-11,-0.9899999999999948,0.0
MINISTRY OF ROAD TRANSPORT & HIGHWAYS,ROADS & HIGHWAYS,JHARKHAND,NHAI,1882.93,1369.19,99.89,2022-01-04,2024-01-03,-0.0100000000000051,-2.3599999999999
MINISTRY OF ROAD TRANSPORT & HIGHWAYS,ROADS & HIGHWAYS,JAMMU AND KASHMIR,NHAI,855.74,203.36,74.63,2022-01-12,2024-01-06,0.0,-0.1899999999999977
MINISTRY OF ROAD TRANSPORT & HIGHWAYS,ROADS & HIGHWAYS,UTTARAKHAND,NHIDCL,250.33,0.0,87.57000000000001,2024-01-06,2025-01-12,-0.5499999999999972,-100.93
MINISTRY OF ROAD TRANSPORT & HIGHWAYS,ROADS & HIGHWAYS,SIKKIM,NHIDCL,230.45,0.0,86.19,2020-01-10,2023-01-04,0.0,-249.71
MINISTRY OF ROAD TRANSPORT & HIGHWAYS,ROADS & HIGHWAYS,KERALA,NHAI,2429.52,1791.8,91.27,2023-01-02,2026-01-01,-0.3599999999999994,-10.779999999999973
MINISTRY OF ROAD TRANSPORT & HIGHWAYS,ROADS & HIGHWAYS,JHARKHAND,NHAI,1214.93,993.58,86.57000000000001,2023-01-06,2025-01-06,0.0,-0.0199999999999818
MINISTRY OF ROAD TRANSPORT & HIGHWAYS,ROADS & HIGHWAYS,JAMMU AND KASHMIR,NHAI,1912.17,404.01,30.5,2022-01-08,2025-01-08,0.0,-2.079999999999984
MINISTRY OF ROAD TRANSPORT & HIGHWAYS,ROADS & HIGHWAYS,UTTAR PRADESH,NHAI,1792.68,261.94,32.78,2025-01-01,2027-01-07,-2.019999999999996,-22.889999999999983
MINISTRY OF ROAD TRANSPORT & HIGHWAYS,ROADS & HIGHWAYS,ASSAM,NHIDCL,4997.04,3033.59,77.14,2020-01-12,2028-01-09,0.0,-47.48999999999978
MINISTRY OF ROAD TRANSPORT & HIGHWAYS,ROADS & HIGHWAYS,TRIPURA,NHIDCL,2026.05,487.38,9.2,2024-01-03,2027-01-03,0.0,25.04000000000002
MINISTRY OF ROAD TRANSPORT & HIGHWAYS,ROADS & HIGHWAYS,"MULTI-STATES (ANDHRA PRADESH, TAMIL NADU)",NHAI,1481.87,746.73,99.02,2022-01-05,2024-01-05,0.0,-0.0099999999999909
MINISTRY OF ROAD TRANSPORT & HIGHWAYS,ROADS & HIGHWAYS,TAMIL NADU,NHAI,1564.23,961.9,80.67999999999999,2023-01-08,2025-01-08,-1.1700000000000017,-18.24000000000001
MINISTRY OF ROAD TRANSPORT & HIGHWAYS,ROADS & HIGHWAYS,ANDHRA PRADESH,NHAI,2527.0,2376.08,100.0,2019-01-01,2021-01-07,0.0,-0.0300000000002
MINISTRY OF ROAD TRANSPORT & HIGHWAYS,ROADS & HIGHWAYS,PUNJAB,NHAI,1229.38,969.03,71.6,2022-01-11,2024-01-11,-0.8100000000000023,-45.950000000000045
MINISTRY OF ROAD TRANSPORT & HIGHWAYS,ROADS & HIGHWAYS,MANIPUR,NHIDCL,232.99,155.44,100.0,2020-01-07,2022-01-06,0.0,0.0
MINISTRY OF ROAD TRANSPORT & HIGHWAYS,ROADS & HIGHWAYS,GUJARAT,NHAI,907.39,346.17,48.73,2025-01-01,2027-01-01,0.0,-22.45999999999998
MINISTRY OF ROAD TRANSPORT & HIGHWAYS,ROADS & HIGHWAYS,KARNATAKA,NHAI,1454.67,1273.49,98.87,2018-01-01,2020-01-07,0.0,-0.0099999999999909
MINISTRY OF ROAD TRANSPORT & HIGHWAYS,ROADS & HIGHWAYS,CHHATTISGARH,NHAI,1470.73,757.59,100.0,2023-01-01,2025-01-01,0.0,-0.0299999999999727
MINISTRY OF ROAD TRANSPORT & HIGHWAYS,ROADS & HIGHWAYS,ARUNACHAL PRADESH,NHIDCL,184.89,0.0,99.69,2020-01-10,2022-01-04,0.0,-156.42
MINISTRY OF ROAD TRANSPORT & HIGHWAYS,ROADS & HIGHWAYS,JAMMU AND KASHMIR,NHAI,614.48,306.05,42.8,2022-01-02,2024-01-08,0.0,0.0
MINISTRY OF ROAD TRANSPORT & HIGHWAYS,ROADS & HIGHWAYS,ANDHRA PRADESH,NHAI,1407.33,868.61,99.46,2022-01-10,2024-01-10,0.0,-0.0099999999999909
MINISTRY OF ROAD TRANSPORT & HIGHWAYS,ROADS & HIGHWAYS,MANIPUR,NHIDCL,241.52,164.85,100.0,2020-01-07,2022-01-06,0.0,0.0
MINISTRY OF ROAD TRANSPORT & HIGHWAYS,ROADS & HIGHWAYS,CHHATTISGARH,NHAI,1368.19,715.25,99.35,2022-01-09,2024-01-09,0.0,-0.07000000000005
MINISTRY OF ROAD TRANSPORT & HIGHWAYS,ROADS & HIGHWAYS,JAMMU AND KASHMIR,NHIDCL,398.51,120.09,98.55,2021-01-07,2022-01-12,0.0,0.0
MINISTRY OF ROAD TRANSPORT & HIGHWAYS,ROADS & HIGHWAYS,ARUNACHAL PRADESH,NHIDCL,625.61,0.0,21.97,2025-01-05,2027-01-11,-0.8399999999999999,-269.64
MINISTRY OF ROAD TRANSPORT & HIGHWAYS,ROADS & HIGHWAYS,GUJARAT,NHAI,466.8,577.31,91.8,2024-01-08,2025-01-06,-0.0300000000000011,-0.3100000000000591
MINISTRY OF ROAD TRANSPORT & HIGHWAYS,ROADS & HIGHWAYS,"MULTI-STATES (KARNATAKA, TAMIL NADU)",NHAI,1260.74,764.03,90.68,2023-01-05,2025-01-05,-2.269999999999996,-12.970000000000027
MINISTRY OF ROAD TRANSPORT & HIGHWAYS,ROADS & HIGHWAYS,ASSAM,NHIDCL,187.09,0.0,58.19,2024-01-10,2025-01-10,0.0,-16.71
MINISTRY OF ROAD TRANSPORT & HIGHWAYS,ROADS & HIGHWAYS,KARNATAKA,NHAI,1438.74,1228.99,99.2,2021-01-04,2023-01-04,0.0,-65.84999999999991
MINISTRY OF ROAD TRANSPORT & HIGHWAYS,ROADS & HIGHWAYS,GUJARAT,NHAI,1263.38,934.98,100.0,2021-01-11,2023-01-11,,
MINISTRY OF ROAD TRANSPORT & HIGHWAYS,ROADS & HIGHWAYS,ASSAM,NHIDCL,385.57,685.73,100.0,2023-01-01,2024-01-07,0.0,5.289999999999964
MINISTRY OF ROAD TRANSPORT & HIGHWAYS,ROADS & HIGHWAYS,WEST BENGAL,NHIDCL,295.97,0.0,97.73,2020-01-10,2023-01-04,0.0,-255.94
MINISTRY OF ROAD TRANSPORT & HIGHWAYS,ROADS & HIGHWAYS,MAHARASHTRA,NHAI,1038.84,685.21,84.0,2023-01-07,2026-01-06,0.0,-11.620000000000005
MINISTRY OF ROAD TRANSPORT & HIGHWAYS,ROADS & HIGHWAYS,MADHYA PRADESH,NHAI,903.44,169.75,33.14,2025-01-11,2027-01-11,-2.1099999999999994,-0.0699999999999931
MINISTRY OF ROAD TRANSPORT & HIGHWAYS,ROADS & HIGHWAYS,ASSAM,NHIDCL,478.3,0.0,96.79,2024-01-02,2024-01-08,,
MINISTRY OF ROAD TRANSPORT & HIGHWAYS,ROADS & HIGHWAYS,ANDHRA PRADESH,NHAI,1732.66,105.77,2.3,2026-01-03,2028-01-03,-2.71,-0.6200000000000045
MINISTRY OF ROAD TRANSPORT & HIGHWAYS,ROADS & HIGHWAYS,TRIPURA,NHIDCL,195.95,92.61,72.48,2023-01-05,2024-01-11,0.0,-2.930000000000007
MINISTRY OF ROAD TRANSPORT & HIGHWAYS,ROADS & HIGHWAYS,JAMMU AND KASHMIR,NHAI,1821.72,1237.76,94.14,2022-01-09,2024-01-09,0.0,-0.8399999999999181
MINISTRY OF ROAD TRANSPORT & HIGHWAYS,ROADS & HIGHWAYS,MAHARASHTRA,NHAI,856.93,142.38,38.0,2024-01-10,2027-01-04,-2.5,-17.670000000000016
MINISTRY OF ROAD TRANSPORT & HIGHWAYS,ROADS & HIGHWAYS,CHHATTISGARH,NHAI,1958.9,1000.81,73.96000000000001,2023-01-06,2025-01-05,0.0,-0.3700000000000045
MINISTRY OF ROAD TRANSPORT & HIGHWAYS,ROADS & HIGHWAYS,ASSAM,NHIDCL,458.59,249.84,88.99000000000001,2023-01-05,2025-01-05,0.0,-11.179999999999978
MINISTRY OF ROAD TRANSPORT & HIGHWAYS,ROADS & HIGHWAYS,MAHARASHTRA,NHAI,2330.71,205.24,73.96000000000001,2022-01-12,2024-01-12,-16.159999999999997,-1.4399999999999975
MINISTRY OF ROAD TRANSPORT & HIGHWAYS,ROADS & HIGHWAYS,MANIPUR,NHIDCL,315.56,251.46,91.11,2023-01-07,2025-01-01,-3.390000000000001,-5.950000000000017
MINISTRY OF ROAD TRANSPORT & HIGHWAYS,ROADS & HIGHWAYS,ODISHA,NHAI,1492.74,1064.81,99.9,2022-01-10,2024-01-10,0.0,-24.15000000000009
MINISTRY OF ROAD TRANSPORT & HIGHWAYS,ROADS & HIGHWAYS,ASSAM,NHIDCL,386.51,360.25,97.13,2017-01-10,2020-01-04,,
MINISTRY OF ROAD TRANSPORT & HIGHWAYS,ROADS & HIGHWAYS,MAHARASHTRA,NHAI,2111.95,634.07,45.47,2023-01-01,2025-01-01,-5.669999999999995,0.0
MINISTRY OF ROAD TRANSPORT & HIGHWAYS,ROADS & HIGHWAYS,TELANGANA,NHAI,521.53,257.31,50.5,2022-01-08,2024-01-07,,
MINISTRY OF ROAD TRANSPORT & HIGHWAYS,ROADS & HIGHWAYS,ASSAM,NHIDCL,599.0,434.89,100.0,2016-01-12,2019-01-06,0.0,2.269999999999982
MINISTRY OF ROAD TRANSPORT & HIGHWAYS,ROADS & HIGHWAYS,ODISHA,NHAI,1265.59,969.31,99.4,2022-01-06,2024-01-05,-0.1999999999999886,-31.930000000000064
MINISTRY OF ROAD TRANSPORT & HIGHWAYS,ROADS & HIGHWAYS,ARUNACHAL PRADESH,NHIDCL,1262.43,245.19,18.1,2025-01-03,2028-01-02,-1.0299999999999976,-10.259999999999993
MINISTRY OF ROAD TRANSPORT & HIGHWAYS,ROADS & HIGHWAYS,MAHARASHTRA,NHAI,907.03,677.98,89.16,2019-01-02,2022-01-02,-0.0400000000000062,-8.809999999999945
MINISTRY OF ROAD TRANSPORT & HIGHWAYS,ROADS & HIGHWAYS,CHHATTISGARH,NHAI,1828.0,1016.41,74.92999999999999,2023-01-07,2025-01-07,-0.4600000000000079,-47.20999999999992
MINISTRY OF ROAD TRANSPORT & HIGHWAYS,ROADS & HIGHWAYS,TELANGANA,NHAI,955.49,454.5,36.5,2023-01-01,2025-01-01,,
MINISTRY OF ROAD TRANSPORT & HIGHWAYS,ROADS & HIGHWAYS,GUJARAT,NHAI,1324.84,1471.27,91.34,2019-01-11,2021-01-10,0.0,-75.43000000000006
MINISTRY OF ROAD TRANSPORT & HIGHWAYS,ROADS & HIGHWAYS,ARUNACHAL PRADESH,NHIDCL,275.5,0.0,54.11,2025-01-01,2027-01-01,-2.0700000000000003,-163.15
MINISTRY OF ROAD TRANSPORT & HIGHWAYS,ROADS & HIGHWAYS,ODISHA,NHAI,1539.75,998.13,96.8,2022-01-05,2024-01-05,-1.0,-28.54000000000008
MINISTRY OF ROAD TRANSPORT & HIGHWAYS,ROADS & HIGHWAYS,CHHATTISGARH,NHAI,1307.16,481.63,66.8,2023-01-10,2025-01-10,-3.930000000000007,-7.920000000000016
MINISTRY OF ROAD TRANSPORT & HIGHWAYS,ROADS & HIGHWAYS,DELHI,NHAI,2089.94,1825.54,99.99,2021-01-10,2023-01-10,0.0,-9.370000000000118
MINISTRY OF ROAD TRANSPORT & HIGHWAYS,ROADS & HIGHWAYS,MANIPUR,NHIDCL,365.53,195.73,88.2,2020-01-08,2022-01-08,0.0,-2.550000000000012
MINISTRY OF ROAD TRANSPORT & HIGHWAYS,ROADS & HIGHWAYS,KARNATAKA,NHAI,1135.39,744.25,83.19,2023-01-03,2025-01-09,0.0,-0.169999999999959
MINISTRY OF ROAD TRANSPORT & HIGHWAYS,ROADS & HIGHWAYS,ASSAM,NHIDCL,693.97,310.1,100.0,2020-01-09,2022-01-04,0.0,1.25
MINISTRY OF ROAD TRANSPORT & HIGHWAYS,ROADS & HIGHWAYS,MANIPUR,NHIDCL,578.98,267.11,80.02,2024-01-03,2026-01-03,-0.0200000000000102,-11.490000000000007
MINISTRY OF ROAD TRANSPORT & HIGHWAYS,ROADS & HIGHWAYS,GUJARAT,NHAI,1644.85,1297.47,100.0,2021-01-05,2023-01-05,0.0,-0.2899999999999636
MINISTRY OF ROAD TRANSPORT & HIGHWAYS,ROADS & HIGHWAYS,JAMMU AND KASHMIR,NHAI,961.0,459.97,53.28000000000001,2023-01-12,2026-01-06,-1.7399999999999949,-14.579999999999984
MINISTRY OF ROAD TRANSPORT & HIGHWAYS,ROADS & HIGHWAYS,ARUNACHAL PRADESH,NHIDCL,1718.59,189.24,82.32000000000001,2018-01-03,2022-01-03,-0.1299999999999954,-934.16
MINISTRY OF ROAD TRANSPORT & HIGHWAYS,ROADS & HIGHWAYS,ASSAM,NHIDCL,274.34,96.67,100.0,2024-01-09,2025-01-03,0.0,-19.989999999999995
MINISTRY OF ROAD TRANSPORT & HIGHWAYS,ROADS & HIGHWAYS,MANIPUR,NHIDCL,673.27,563.27,84.72,2021-01-08,2023-01-08,-1.1200000000000043,-0.1200000000000045
MINISTRY OF ROAD TRANSPORT & HIGHWAYS,ROADS & HIGHWAYS,"MULTI-STATES (KARNATAKA, MAHARASHTRA)",NHAI,1388.7,1156.86,84.8,2022-01-10,2025-01-04,-0.5,-27.12000000000012
MINISTRY OF ROAD TRANSPORT & HIGHWAYS,ROADS & HIGHWAYS,ARUNACHAL PRADESH,NHIDCL,1418.67,0.0,1.7000000000000002,2025-01-07,2028-01-07,0.0,-93.19
MINISTRY OF ROAD TRANSPORT & HIGHWAYS,ROADS & HIGHWAYS,TRIPURA,NHIDCL,920.66,0.0,48.3,2024-01-09,2026-01-09,0.0,-404.6
MINISTRY OF ROAD TRANSPORT & HIGHWAYS,ROADS & HIGHWAYS,"MULTI-STATES (HARYANA, RAJASTHAN)",NHAI,409.64,199.54,88.9,2022-01-12,2024-01-06,0.0,-0.7700000000000102
MINISTRY OF ROAD TRANSPORT & HIGHWAYS,ROADS & HIGHWAYS,UTTAR PRADESH,NHAI,1632.93,529.81,60.02,2025-01-02,2027-01-02,-1.75,-44.260000000000105
MINISTRY OF ROAD TRANSPORT & HIGHWAYS,ROADS & HIGHWAYS,MANIPUR,NHIDCL,234.08,201.13,98.5,2021-01-06,2022-01-12,0.0,0.0
MINISTRY OF ROAD TRANSPORT & HIGHWAYS,ROADS & HIGHWAYS,UTTAR PRADESH,NHAI,1972.94,770.81,100.0,2023-01-02,2025-01-07,0.0,0.0
MINISTRY OF ROAD TRANSPORT & HIGHWAYS,ROADS & HIGHWAYS,GUJARAT,NHAI,1555.2,1273.31,81.6,2022-01-12,2024-01-08,-3.9000000000000057,-15.009999999999993
MINISTRY OF ROAD TRANSPORT & HIGHWAYS,ROADS & HIGHWAYS,MADHYA PRADESH,NHAI,1003.87,398.13,90.03999999999999,2023-01-12,2025-01-12,0.0,-35.910000000000025
MINISTRY OF ROAD TRANSPORT & HIGHWAYS,ROADS & HIGHWAYS,HARYANA,NHAI,1275.31,1225.85,97.86,2020-01-07,2022-01-07,0.0,0.0
MINISTRY OF ROAD TRANSPORT & HIGHWAYS,ROADS & HIGHWAYS,KERALA,NHAI,2714.6,2020.24,83.39999999999999,2021-01-11,2024-01-05,-0.3000000000000113,-0.1099999999998999
MINISTRY OF ROAD TRANSPORT & HIGHWAYS,ROADS & HIGHWAYS,ASSAM,NHIDCL,358.72,398.28,100.0,2024-01-02,2024-01-08,0.0,297.88
MINISTRY OF ROAD TRANSPORT & HIGHWAYS,ROADS & HIGHWAYS,MANIPUR,NHIDCL,483.87,372.1,95.28,2021-01-09,2023-01-03,0.0,-3.769999999999982
MINISTRY OF ROAD TRANSPORT & HIGHWAYS,ROADS & HIGHWAYS,MADHYA PRADESH,NHAI,524.84,385.96,92.05,2022-01-11,2024-01-11,-1.0,-0.0200000000000386
MINISTRY OF ROAD TRANSPORT & HIGHWAYS,ROADS & HIGHWAYS,WEST BENGAL,NHIDCL,311.02,6.12,95.98,2020-01-10,2023-01-04,0.0,-262.08
MINISTRY OF ROAD TRANSPORT & HIGHWAYS,ROADS & HIGHWAYS,KERALA,NHAI,1746.45,1447.31,90.82,2021-01-10,2024-01-04,0.0,-0.1400000000001
MINISTRY OF ROAD TRANSPORT & HIGHWAYS,ROADS & HIGHWAYS,UTTAR PRADESH,NHAI,1081.39,442.98,78.0,2022-01-03,2024-01-03,0.0,-12.019999999999982
MINISTRY OF ROAD TRANSPORT & HIGHWAYS,ROADS & HIGHWAYS,ASSAM,NHIDCL,846.82,0.0,90.36,2024-01-03,2026-01-03,0.0,-481.81
MINISTRY OF ROAD TRANSPORT & HIGHWAYS,ROADS & HIGHWAYS,"MULTI-STATES (KARNATAKA, TELANGANA)",NHAI,1499.73,840.3,99.51,2022-01-11,2025-01-05,0.0,-0.0099999999999909
MINISTRY OF ROAD TRANSPORT & HIGHWAYS,ROADS & HIGHWAYS,WEST BENGAL,NHIDCL,402.94,0.39,99.23,2019-01-10,2022-01-04,0.0,-261.51
MINISTRY OF ROAD TRANSPORT & HIGHWAYS,ROADS & HIGHWAYS,UTTAR PRADESH,NHAI,2289.34,268.81,33.12,2025-01-07,2028-01-01,-0.4100000000000037,-16.860000000000014
MINISTRY OF ROAD TRANSPORT & HIGHWAYS,ROADS & HIGHWAYS,UTTAR PRADESH,NHAI,879.26,629.11,93.8,2023-01-03,2024-01-09,-0.2000000000000028,0.0
MINISTRY OF ROAD TRANSPORT & HIGHWAYS,ROADS & HIGHWAYS,JAMMU AND KASHMIR,NHIDCL,322.49,388.64,92.21,2019-01-07,2021-01-07,-0.2900000000000062,-9.550000000000011
MINISTRY OF ROAD TRANSPORT & HIGHWAYS,ROADS & HIGHWAYS,MANIPUR,NHIDCL,311.18,231.08,87.3,2021-01-11,2023-01-05,0.4299999999999926,0.0
MINISTRY OF ROAD TRANSPORT & HIGHWAYS,ROADS & HIGHWAYS,MADHYA PRADESH,NHAI,1032.3,178.3,17.11,2025-01-11,2027-01-11,-3.120000000000001,-1.5699999999999932
MINISTRY OF ROAD TRANSPORT & HIGHWAYS,ROADS & HIGHWAYS,KERALA,NHAI,3205.77,2406.73,60.07,2021-01-10,2024-01-07,0.0,0.0
MINISTRY OF ROAD TRANSPORT & HIGHWAYS,ROADS & HIGHWAYS,LADAKH,NHIDCL,404.89,359.99,84.68,2021-01-07,2023-01-01,-0.2599999999999909,-0.0699999999999931
MINISTRY OF ROAD TRANSPORT & HIGHWAYS,ROADS & HIGHWAYS,JAMMU AND KASHMIR,NHAI,975.38,606.46,67.5,2023-01-11,2025-01-11,-2.6700000000000017,-24.74000000000001
MINISTRY OF ROAD TRANSPORT & HIGHWAYS,ROADS & HIGHWAYS,TAMIL NADU,NHAI,904.99,209.58,45.13,2025-01-03,2028-01-03,-2.710000000000001,-1.759999999999991
MINISTRY OF ROAD TRANSPORT & HIGHWAYS,ROADS & HIGHWAYS,MADHYA PRADESH,NHAI,980.2,96.41,11.1,2026-01-03,2028-01-03,-1.1500000000000004,-16.680000000000007
MINISTRY OF ROAD TRANSPORT & HIGHWAYS,ROADS & HIGHWAYS,MANIPUR,NHIDCL,477.86,330.12,84.87,2021-01-11,2023-01-05,0.0,-0.0099999999999909
MINISTRY OF ROAD TRANSPORT & HIGHWAYS,ROADS & HIGHWAYS,"MULTI-STATES (ANDHRA PRADESH, TAMIL NADU)",NHAI,1439.77,808.45,98.89,2023-01-01,2025-01-01,0.0,-0.169999999999959
MINISTRY OF ROAD TRANSPORT & HIGHWAYS,ROADS & HIGHWAYS,ANDHRA PRADESH,NHAI,665.59,643.95,95.73,2020-01-01,2021-01-07,0.0,0.0
MINISTRY OF ROAD TRANSPORT & HIGHWAYS,ROADS & HIGHWAYS,MADHYA PRADESH,NHAI,1504.37,527.34,90.1,2024-01-02,2026-01-01,0.0,-29.519999999999985
MINISTRY OF ROAD TRANSPORT & HIGHWAYS,ROADS & HIGHWAYS,ASSAM,NHIDCL,438.44,0.0,95.86,2024-01-02,2024-01-08,,
MINISTRY OF ROAD TRANSPORT & HIGHWAYS,ROADS & HIGHWAYS,GUJARAT,NHAI,778.15,764.0,99.7,2021-01-03,2023-01-03,0.0,-3.830000000000041
MINISTRY OF ROAD TRANSPORT & HIGHWAYS,ROADS & HIGHWAYS,GUJARAT,NHAI,2594.17,226.62,21.75,2024-01-04,2025-01-10,0.0,-8.930000000000007
MINISTRY OF ROAD TRANSPORT & HIGHWAYS,ROADS & HIGHWAYS,ASSAM,NHIDCL,860.37,559.69,87.5,2023-01-08,2025-01-08,0.0,0.1800000000000636
MINISTRY OF ROAD TRANSPORT & HIGHWAYS,ROADS & HIGHWAYS,PUNJAB,NHAI,789.26,688.68,99.0,2023-01-08,2025-01-08,0.0,-30.5
MINISTRY OF ROAD TRANSPORT & HIGHWAYS,ROADS & HIGHWAYS,GUJARAT,NHAI,3834.24,197.98,4.8500000000000005,2024-01-08,2026-01-03,,
MINISTRY OF ROAD TRANSPORT & HIGHWAYS,ROADS & HIGHWAYS,MADHYA PRADESH,NHAI,1162.8,811.16,87.3,2023-01-01,2025-01-01,0.0,-13.340000000000032
MINISTRY OF ROAD TRANSPORT & HIGHWAYS,ROADS & HIGHWAYS,JAMMU AND KASHMIR,NHIDCL,859.67,360.47,50.63999999999999,2021-01-08,2023-01-08,0.0,-2.559999999999945
MINISTRY OF ROAD TRANSPORT & HIGHWAYS,ROADS & HIGHWAYS,"MULTI-STATES (MADHYA PRADESH, UTTAR PRADESH)",NHAI,996.5,288.69,44.92,2025-01-09,2027-01-09,-4.259999999999998,-24.29000000000002
MINISTRY OF ROAD TRANSPORT & HIGHWAYS,ROADS & HIGHWAYS,"MULTI-STATES (MADHYA PRADESH, UTTAR PRADESH)",NHAI,665.91,559.45,97.4,2024-01-03,2026-01-03,0.0,-14.93999999999994
MINISTRY OF ROAD TRANSPORT & HIGHWAYS,ROADS & HIGHWAYS,ASSAM,NHIDCL,890.33,604.86,90.5,2023-01-08,2025-01-08,0.0,-0.5699999999999363
MINISTRY OF ROAD TRANSPORT & HIGHWAYS,ROADS & HIGHWAYS,TELANGANA,NHAI,541.58,74.01,17.05,2023-01-03,2024-01-09,,
MINISTRY OF ROAD TRANSPORT & HIGHWAYS,ROADS & HIGHWAYS,TAMIL NADU,NHAI,766.51,613.5,93.55,2019-01-02,2021-01-02,0.0,-0.2599999999999909
MINISTRY OF ROAD TRANSPORT & HIGHWAYS,ROADS & HIGHWAYS,ARUNACHAL PRADESH,NHIDCL,898.19,0.0,39.8,2025-01-01,2027-01-07,-0.0600000000000022,-255.52
MINISTRY OF ROAD TRANSPORT & HIGHWAYS,ROADS & HIGHWAYS,ANDHRA PRADESH,NHAI,2548.04,1327.64,93.32,2023-01-06,2025-01-06,-0.9200000000000016,-4.769999999999982
MINISTRY OF ROAD TRANSPORT & HIGHWAYS,ROADS & HIGHWAYS,GUJARAT,NHAI,1181.76,1222.65,97.99,2021-01-12,2023-01-12,-0.0900000000000034,-0.1399999999998726
MINISTRY OF ROAD TRANSPORT & HIGHWAYS,ROADS & HIGHWAYS,TAMIL NADU,NHAI,1525.1,360.65,53.56,2022-01-08,2024-01-07,0.0,-0.3000000000000113
MINISTRY OF ROAD TRANSPORT & HIGHWAYS,ROADS & HIGHWAYS,MADHYA PRADESH,NHAI,1005.59,193.1,34.92,2025-01-10,2027-01-10,-3.3399999999999963,-0.3000000000000113
MINISTRY OF ROAD TRANSPORT & HIGHWAYS,ROADS & HIGHWAYS,TRIPURA,NHIDCL,174.43,0.0,41.9,2024-01-09,2026-01-03,-11.240000000000002,-67.1
MINISTRY OF ROAD TRANSPORT & HIGHWAYS,ROADS & HIGHWAYS,MADHYA PRADESH,NHAI,1001.69,825.56,90.5,2022-01-04,2024-01-04,-2.0,-9.590000000000032
MINISTRY OF ROAD TRANSPORT & HIGHWAYS,ROADS & HIGHWAYS,"MULTI-STATES (KARNATAKA, TAMIL NADU)",NHAI,1757.27,1459.22,78.7,2022-01-10,2024-01-10,0.0,-5.139999999999873
MINISTRY OF ROAD TRANSPORT & HIGHWAYS,ROADS & HIGHWAYS,MADHYA PRADESH,NHAI,710.92,505.77,95.66,2024-01-08,2026-01-08,-3.8400000000000034,-13.220000000000027
MINISTRY OF ROAD TRANSPORT & HIGHWAYS,ROADS & HIGHWAYS,WEST BENGAL,NHIDCL,345.38,418.73,97.2,2020-01-10,2022-01-04,-0.019999999999996,0.0
MINISTRY OF ROAD TRANSPORT & HIGHWAYS,ROADS & HIGHWAYS,ASSAM,NHIDCL,904.04,557.37,85.2,2023-01-08,2025-01-08,0.0,-6.149999999999977
MINISTRY OF ROAD TRANSPORT & HIGHWAYS,ROADS & HIGHWAYS,ODISHA,NHAI,844.67,783.79,91.32,2019-01-03,2021-01-09,0.0,-0.1900000000000545
MINISTRY OF ROAD TRANSPORT & HIGHWAYS,ROADS & HIGHWAYS,MAHARASHTRA,NHAI,329.82,185.79,96.89,2023-01-03,2024-01-10,-1.769999999999996,1.6200000000000043
MINISTRY OF ROAD TRANSPORT & HIGHWAYS,ROADS & HIGHWAYS,JAMMU AND KASHMIR,NHIDCL,210.79,190.26,96.95,2020-01-10,2022-01-04,0.0,-0.0100000000000193
MINISTRY OF ROAD TRANSPORT & HIGHWAYS,ROADS & HIGHWAYS,GUJARAT,NHAI,1034.04,1125.55,100.0,2021-01-07,2023-01-07,0.0,0.0
MINISTRY OF ROAD TRANSPORT & HIGHWAYS,ROADS & HIGHWAYS,ASSAM,NHIDCL,467.79,0.0,87.33,2024-01-10,2025-01-09,0.0,-97.88
MINISTRY OF POWER,TRANSMISSION & DISTRIBUTION,RAJASTHAN,POWER GRID CORPORATION OF INDIA LIMITED [POWERGRID],369.0,221.4,69.3,2024-01-08,2026-01-02,5.449999999999996,11.069999999999991
MINISTRY OF RAILWAYS,RAILWAYS,MAHARASHTRA,CENTRAL RAILWAYS,3445.34,4043.37,47.0,2013-01-04,2026-01-12,0.0,434.77999999999975
MINISTRY OF ROAD TRANSPORT & HIGHWAYS,ROADS & HIGHWAYS,GUJARAT,NATIONAL HIGHWAYS AUTHORITY OF INDIA [NHAI],1553.76,28.26,61.040000000000006,2023-01-12,2025-01-12,-3.4799999999999898,-0.3299999999999983
MINISTRY OF POWER,TRANSMISSION & DISTRIBUTION,RAJASTHAN,POWER GRID CORPORATION OF INDIA LIMITED [POWERGRID],2735.0,929.9,37.18,2024-01-11,2026-01-11,5.699999999999996,54.69999999999993
MINISTRY OF ROAD TRANSPORT & HIGHWAYS,ROADS & HIGHWAYS,UTTAR PRADESH,NHAI,526.45,259.66,81.85,2023-01-09,2025-01-03,0.0,0.0
MINISTRY OF ROAD TRANSPORT & HIGHWAYS,ROADS & HIGHWAYS,UTTAR PRADESH,NATIONAL HIGHWAYS AUTHORITY OF INDIA [NHAI],188.87,33.72,55.900000000000006,2024-01-03,2025-01-09,0.0,-16.620000000000005
MINISTRY OF RAILWAYS,RAILWAYS,KARNATAKA,SOUTH WESTERN RAILWAY [SWR] - II,1876.0,613.6,15.8,2017-01-01,2019-01-03,0.3000000000000007,50.23000000000002
MINISTRY OF RAILWAYS,RAILWAYS,MADHYA PRADESH,NORTH CENTRAL RAILWAY,8914.0,6889.55,74.0,1998-03-01,2027-01-03,0.0,82.60000000000036
MINISTRY OF COAL,COAL,JHARKHAND,MINISTRY OF COAL,243.52,50.82,29.9,2019-01-11,2025-01-03,-1.370000000000001,0.0
MINISTRY OF RAILWAYS,RAILWAYS,"MULTI-STATES (MADHYA PRADESH, RAJASTHAN)",WEST CENTRAL RAILWAY [WCR] - II,3032.0,4170.81,82.0,2004-01-10,2025-01-12,1.0,30.94000000000051
MINISTRY OF ROAD TRANSPORT & HIGHWAYS,ROADS & HIGHWAYS,UTTAR PRADESH,NATIONAL HIGHWAYS AUTHORITY OF INDIA [NHAI],1309.08,30.46,0.64,2026-01-03,2028-01-03,0.64,30.46
MINISTRY OF COAL,COAL,JHARKHAND,MINISTRY OF COAL,222.82,140.72,56.02,2020-01-05,2028-01-03,-7.5,0.0
MINISTRY OF RAILWAYS,RAILWAYS,RAJASTHAN,NORTH CENTRAL RAILWAY,747.0,509.8,49.7,2020-01-04,2019-01-02,0.2000000000000028,17.850000000000023
MINISTRY OF ROAD TRANSPORT & HIGHWAYS,ROADS & HIGHWAYS,TELANGANA,NATIONAL HIGHWAYS AUTHORITY OF INDIA [NHAI],521.53,256.53,50.5,2022-01-08,2024-01-07,0.0,0.0
MINISTRY OF COAL,COAL,ASSAM,MIS MOCOAL INTEGRATION LOGINS,289.46,105.65,3.3000000000000003,2022-01-11,2030-01-11,0.0400000000000004,0.0400000000000062
MINISTRY OF RAILWAYS,RAILWAYS,TAMIL NADU,MINISTRY OF RAILWAYS,601.43,351.21,14.000000000000002,2016-01-09,2021-01-07,14.000000000000002,-290.05
MINISTRY OF COAL,COAL,ASSAM,MIS MOCOAL INTEGRATION LOGINS,159.77,112.47,89.0,2022-01-07,2031-01-07,0.8199999999999932,1.0
MINISTRY OF ROAD TRANSPORT & HIGHWAYS,ROADS & HIGHWAYS,TELANGANA,NATIONAL HIGHWAYS AUTHORITY OF INDIA [NHAI],541.58,72.23,17.05,2023-01-03,2024-01-09,0.0,0.0
MINISTRY OF RAILWAYS,RAILWAYS,KARNATAKA,SOUTH WESTERN RAILWAY [SWR] - II,2842.0,1613.49,40.0,2017-01-08,2027-01-03,5.5,73.98000000000002
MINISTRY OF COAL,COAL,TELANGANA,SINGARENI COLLIERIES COMPANY LIMITED [SCCL],297.88,48.75,20.0,2021-01-12,2025-01-03,0.0,1.2700000000000031
MINISTRY OF ROAD TRANSPORT & HIGHWAYS,ROADS & HIGHWAYS,MAHARASHTRA,NHAI,862.0,210.48,43.61,2025-01-04,2027-01-04,7.289999999999999,0.2099999999999795
MINISTRY OF COAL,COAL,JHARKHAND,MINISTRY OF COAL,230.41,22.02,23.24,2020-01-11,2028-01-03,0.4799999999999969,0.0
MINISTRY OF RAILWAYS,RAILWAYS,"MULTI-STATES (ANDHRA PRADESH, KARNATAKA)",SOUTH WESTERN RAILWAY [SWR] - II,297.0,146.45,21.5,2018-01-10,2026-01-06,0.5,0.6699999999999875
MINISTRY OF POWER,TRANSMISSION & DISTRIBUTION,"MULTI-STATES (GUJARAT, MAHARASHTRA)",POWER GRID CORPORATION OF INDIA LIMITED [POWERGRID],24819.0,2978.28,16.73,2024-01-11,2029-01-05,7.0600000000000005,496.3800000000001
MINISTRY OF ROAD TRANSPORT & HIGHWAYS,ROADS & HIGHWAYS,PUNJAB,NATIONAL HIGHWAYS AUTHORITY OF INDIA [NHAI],1032.59,669.84,76.0,2022-01-12,2024-01-12,0.0,6.1200000000000045
MINISTRY OF POWER,TRANSMISSION & DISTRIBUTION,"MULTI-STATES (HARYANA, RAJASTHAN)",POWER GRID CORPORATION OF INDIA LIMITED [POWERGRID],5357.0,1446.39,31.42,2024-01-11,2026-01-11,3.150000000000002,0.0
MINISTRY OF RAILWAYS,RAILWAYS,KARNATAKA,SOUTH WESTERN RAILWAY [SWR] - II,1378.0,808.56,36.3,2012-01-11,2027-01-03,0.2999999999999971,10.68999999999994
MINISTRY OF POWER,TRANSMISSION & DISTRIBUTION,GUJARAT,POWER GRID CORPORATION OF INDIA LIMITED [POWERGRID],329.0,42.77,16.5,2024-01-10,2026-01-07,3.0,6.580000000000005
MINISTRY OF ROAD TRANSPORT & HIGHWAYS,ROADS & HIGHWAYS,TAMIL NADU,NATIONAL HIGHWAYS AUTHORITY OF INDIA [NHAI],900.05,671.34,98.55,2020-01-03,2022-01-03,0.75,2.1499999999999773
MINISTRY OF POWER,TRANSMISSION & DISTRIBUTION,GUJARAT,POWER GRID CORPORATION OF INDIA LIMITED [POWERGRID],501.0,25.05,7.33,2024-01-11,2026-01-11,1.33,0.0
MINISTRY OF POWER,TRANSMISSION & DISTRIBUTION,"MULTI-STATES (HARYANA, PUNJAB, RAJASTHAN)",POWER GRID CORPORATION OF INDIA LIMITED [POWERGRID],5969.0,1432.56,27.92,2024-01-11,2026-01-11,3.8500000000000014,119.37999999999988
MINISTRY OF RAILWAYS,RAILWAYS,"MULTI-STATES (ANDHRA PRADESH, KARNATAKA)",SOUTH WESTERN RAILWAY [SWR] - II,2496.0,1941.02,72.5,2010-01-07,2015-01-09,0.5,42.319999999999936
MINISTRY OF ROAD TRANSPORT & HIGHWAYS,ROADS & HIGHWAYS,TELANGANA,NATIONAL HIGHWAYS AUTHORITY OF INDIA [NHAI],2146.86,962.12,92.4,2023-01-07,2025-01-07,0.0,0.2000000000000454
MINISTRY OF RAILWAYS,RAILWAYS,KARNATAKA,SOUTH WESTERN RAILWAY [SWR] - II,5174.0,178.42,4.7,,2005-01-03,0.0,0.0
MINISTRY OF ROAD TRANSPORT & HIGHWAYS,ROADS & HIGHWAYS,TAMIL NADU,NATIONAL HIGHWAYS AUTHORITY OF INDIA [NHAI],579.0,1.4,100.0,2006-01-07,2009-01-01,0.0,0.0
MINISTRY OF POWER,TRANSMISSION & DISTRIBUTION,MADHYA PRADESH,POWER GRID CORPORATION OF INDIA LIMITED [POWERGRID],2708.0,1543.56,68.12,2024-01-08,2026-01-08,10.320000000000007,54.159999999999854
MINISTRY OF RAILWAYS,RAILWAYS,KARNATAKA,SOUTH WESTERN RAILWAY [SWR] - II,825.0,781.94,84.5,2016-01-11,2025-01-06,0.2999999999999971,7.830000000000041
MINISTRY OF ROAD TRANSPORT & HIGHWAYS,ROADS & HIGHWAYS,TAMIL NADU,NATIONAL HIGHWAYS AUTHORITY OF INDIA [NHAI],904.99,183.57,41.45,2025-01-03,2028-01-03,5.829999999999998,18.28
MINISTRY OF POWER,TRANSMISSION & DISTRIBUTION,MADHYA PRADESH,POWER GRID CORPORATION OF INDIA LIMITED [POWERGRID],3674.0,1469.6,43.16,2024-01-10,2026-01-10,3.9199999999999946,73.48000000000002
MINISTRY OF POWER,TRANSMISSION & DISTRIBUTION,GUJARAT,POWER GRID CORPORATION OF INDIA LIMITED [POWERGRID],4766.0,1334.48,31.480000000000004,2024-01-10,2026-01-10,3.890000000000004,95.31999999999994
MINISTRY OF RAILWAYS,RAILWAYS,ODISHA,EAST COAST RAILWAY [ECOR] - II,2362.0,1976.38,75.19,2015-01-12,2027-01-12,0.5900000000000034,13.950000000000044
MINISTRY OF POWER,TRANSMISSION & DISTRIBUTION,DELHI,POWER GRID CORPORATION OF INDIA LIMITED [POWERGRID],284.0,65.32,18.91,2024-01-10,2026-01-02,11.16,42.6
MINISTRY OF RAILWAYS,RAILWAYS,DELHI,RAIL LAND DEVELOPMENT AUTHORITY,4744.0,332.08,5.0,2024-01-06,2028-01-12,2.0,74.55000000000001
MINISTRY OF ROAD TRANSPORT & HIGHWAYS,ROADS & HIGHWAYS,"MULTI-STATES (KARNATAKA, TAMIL NADU)",NATIONAL HIGHWAYS AUTHORITY OF INDIA [NHAI],1757.27,927.75,78.7,2022-01-10,2024-01-10,0.0,0.0
MINISTRY OF RAILWAYS,RAILWAYS,GUJARAT,RAIL LAND DEVELOPMENT AUTHORITY,2379.0,984.21,32.5,2023-01-11,2028-01-03,1.1000000000000014,6.860000000000014
MINISTRY OF RAILWAYS,RAILWAYS,"MULTI-STATES (MADHYA PRADESH, UTTAR PRADESH)",NORTH CENTRAL RAILWAY,4330.0,3000.09,70.0,2019-01-04,2026-01-03,2.0,104.57000000000016
MINISTRY OF ROAD TRANSPORT & HIGHWAYS,ROADS & HIGHWAYS,MADHYA PRADESH,NATIONAL HIGHWAYS AUTHORITY OF INDIA [NHAI],581.65,246.07,69.04,2023-01-09,2025-01-09,0.0,2.789999999999992
"DEPARTMENT OF WATER RESOURCES, RIVER DEVELOPMENT & GR",WATER RESOURCES,UTTARAKHAND,IRRIGATION-UK,2584.1,1303.15,25.28,2023-01-11,2029-01-06,0.2000000000000028,35.75
MINISTRY OF RAILWAYS,RAILWAYS,"MULTI-STATES (MADHYA PRADESH, UTTAR PRADESH)",CAO/C/NCR,2002.0,1942.49,96.0,2018-01-03,2022-01-03,0.0,3.380000000000109
MINISTRY OF COAL,COAL,WEST BENGAL,EASTERN COAL FIELDS LIMITED [ECL],483.65,78.88,16.79,2020-01-04,2026-01-03,0.0,1.0899999999999892
MINISTRY OF ROAD TRANSPORT & HIGHWAYS,ROADS & HIGHWAYS,HARYANA,NATIONAL HIGHWAYS AUTHORITY OF INDIA [NHAI],1275.31,734.13,97.86,2020-01-07,2022-01-07,0.0,0.0499999999999545
MINISTRY OF COAL,COAL,WEST BENGAL,EASTERN COAL FIELDS LIMITED [ECL],389.1,132.48,22.18,2023-01-01,2028-01-03,0.0500000000000007,0.0
MINISTRY OF RAILWAYS,RAILWAYS,UTTAR PRADESH,CAO/C/II/NR,722.0,1729.27,70.0,2017-01-03,2025-01-03,0.0,37.75
MINISTRY OF COAL,COAL,CHHATTISGARH,SOUTH EASTERN COALFIELDS LIMITED [SECL],335.97,90.88,42.47,2015-01-02,2026-01-03,0.0,0.0
MINISTRY OF ROAD TRANSPORT & HIGHWAYS,ROADS & HIGHWAYS,MAHARASHTRA,NATIONAL HIGHWAYS AUTHORITY OF INDIA [NHAI],538.11,113.19,38.51,2025-01-06,2027-01-06,-2.5700000000000003,-47.08000000000001
MINISTRY OF RAILWAYS,RAILWAYS,DELHI,CAO/C/NR,667.0,324.17,23.0,2013-01-03,2023-01-03,0.0,11.430000000000009
MINISTRY OF COAL,COAL,CHHATTISGARH,SOUTH EASTERN COALFIELDS LIMITED [SECL],316.11,191.5,78.86,2015-01-07,2026-01-03,0.0,0.0
MINISTRY OF ROAD TRANSPORT & HIGHWAYS,ROADS & HIGHWAYS,ANDHRA PRADESH,NATIONAL HIGHWAYS AUTHORITY OF INDIA [NHAI],2527.0,1012.02,100.0,2019-01-01,2021-01-07,0.0,17.49000000000001
MINISTRY OF COAL,COAL,CHHATTISGARH,SOUTH EASTERN COALFIELDS LIMITED [SECL],459.49,277.16,96.15,2016-01-07,2025-01-03,0.0,0.3600000000000136
MINISTRY OF RAILWAYS,RAILWAYS,ASSAM,NORTHEAST FRONTIER RAILWAY [NFR],4060.0,3831.06,95.16,2016-01-09,2026-01-03,0.0300000000000011,33.71000000000004
MINISTRY OF ROAD TRANSPORT & HIGHWAYS,ROADS & HIGHWAYS,"MULTI-STATES (RAJASTHAN, UTTAR PRADESH)",NATIONAL HIGHWAYS AUTHORITY OF INDIA [NHAI],159.53,72.44,100.0,2025-01-04,2026-01-03,0.0,0.1700000000000017
MINISTRY OF COAL,COAL,CHHATTISGARH,SOUTH EASTERN COALFIELDS LIMITED [SECL],410.26,188.3,54.6,2018-01-05,2026-01-03,0.0,0.6700000000000159
MINISTRY OF RAILWAYS,RAILWAYS,UTTAR PRADESH,NORTH EASTERN RAILWAY [NER],1016.0,1058.77,88.5,2019-01-07,2025-01-03,0.0999999999999943,8.660000000000082
MINISTRY OF COAL,COAL,MADHYA PRADESH,SOUTH EASTERN COALFIELDS LIMITED [SECL],371.04,149.84,58.2,2014-01-12,2026-01-03,0.0,0.9699999999999988
MINISTRY OF ROAD TRANSPORT & HIGHWAYS,ROADS & HIGHWAYS,DELHI,NATIONAL HIGHWAYS AUTHORITY OF INDIA [NHAI],1467.44,1615.93,98.25,2022-01-01,2024-01-07,0.0,0.0900000000001455
MINISTRY OF RAILWAYS,RAILWAYS,"MULTI-STATES (ANDHRA PRADESH, KARNATAKA)",SOUTH CENTRAL RAILWAY [SCR] - II,302.0,636.74,89.03999999999999,2016-01-04,2025-01-12,0.0099999999999909,1.0199999999999818
MINISTRY OF ROAD TRANSPORT & HIGHWAYS,ROADS & HIGHWAYS,BIHAR,NATIONAL HIGHWAYS AUTHORITY OF INDIA [NHAI],1282.97,599.36,100.0,2022-01-01,2024-01-01,0.0,0.0
MINISTRY OF RAILWAYS,RAILWAYS,MAHARASHTRA,RAIL LAND DEVELOPMENT AUTHORITY,1813.0,850.58,24.0,2023-01-07,2027-01-03,1.0,16.74000000000001
MINISTRY OF RAILWAYS,RAILWAYS,"MULTI-STATES (ANDHRA PRADESH, TELANGANA)",SOUTH CENTRAL RAILWAY [SCR] - II,1953.0,5192.51,95.02,2014-01-08,2025-01-02,0.0099999999999909,13.860000000000582
DEPARTMENT OF HIGHER EDUCATION,EDUCATION,PUDUCHERRY,"NATIONAL INSTITUTE OF TECHNOLOGY, PUDUCHERRY",618.34,543.74,99.0,2013-01-07,2024-01-12,0.5,0.0
MINISTRY OF RAILWAYS,RAILWAYS,ANDHRA PRADESH,SOUTH CENTRAL RAILWAY [SCR] - II,3733.0,5552.65,94.05,2017-01-11,2025-01-12,0.039999999999992,29.049999999999272
MINISTRY OF ROAD TRANSPORT & HIGHWAYS,ROADS & HIGHWAYS,MAHARASHTRA,NATIONAL HIGHWAYS AUTHORITY OF INDIA [NHAI],254.78,104.21,76.0,2025-01-06,2026-01-06,-1.0,-10.840000000000003
MINISTRY OF HOUSING & URBAN AFFAIRS,URBAN PUBLIC TRANSPORT,KARNATAKA,BENGALURU METRO RAIL,15611.0,0.0,0.0,2026-01-06,2031-01-05,0.0,0.0
MINISTRY OF RAILWAYS,RAILWAYS,"MULTI-STATES (ANDHRA PRADESH, TELANGANA)",SOUTH CENTRAL RAILWAY [SCR] - II,647.0,1249.39,93.6,2016-01-04,2025-01-01,-1.4100000000000108,6.75
DEPARTMENT OF HIGHER EDUCATION,EDUCATION,SIKKIM,NIT SIKKIM,685.76,283.56,36.0,2024-01-03,2028-01-02,1.5,0.0
MINISTRY OF ROAD TRANSPORT & HIGHWAYS,ROADS & HIGHWAYS,MAHARASHTRA,NATIONAL HIGHWAYS AUTHORITY OF INDIA [NHAI],856.93,126.14,36.5,2024-01-10,2027-01-04,5.0,2.4399999999999977
MINISTRY OF RAILWAYS,RAILWAYS,"MULTI-STATES (ODISHA, WEST BENGAL)",SOUTH EASTERN RAILWAY [SER] - I,2400.0,2713.19,82.0,2017-01-03,2025-01-12,5.0,57.98000000000002
DEPARTMENT OF HIGHER EDUCATION,EDUCATION,MEGHALAYA,"NATIONAL INSTITUTE OF TECHNOLOGY, MEGHALAYA",494.52,370.98,96.0,2014-01-09,2022-01-03,1.0,2.0
MINISTRY OF ROAD TRANSPORT & HIGHWAYS,ROADS & HIGHWAYS,"MULTI-STATES (ANDHRA PRADESH, TELANGANA)",NATIONAL HIGHWAYS AUTHORITY OF INDIA [NHAI],829.5,518.87,98.82,2022-01-09,2024-01-09,0.0,0.0199999999999818
DEPARTMENT OF HIGHER EDUCATION,EDUCATION,HIMACHAL PRADESH,"CENTRAL UNIVERSITY, HIMACHAL PRADESH",251.98,223.21,85.0,2022-01-08,2024-01-11,0.0,0.0
MINISTRY OF COAL,COAL,MADHYA PRADESH,SOUTH EASTERN COALFIELDS LIMITED [SECL],366.94,35.82,41.29,2024-01-01,2029-01-03,0.0,0.25
MINISTRY OF RAILWAYS,RAILWAYS,"MULTI-STATES (JHARKHAND, ODISHA)",SOUTH EASTERN RAILWAY - JH,3029.0,2649.22,94.0,2017-01-02,2025-01-06,2.0,20.049999999999727
MINISTRY OF ROAD TRANSPORT & HIGHWAYS,ROADS & HIGHWAYS,ANDHRA PRADESH,NATIONAL HIGHWAYS AUTHORITY OF INDIA [NHAI],569.37,355.88,100.0,2022-01-09,2024-01-09,0.0,0.0
MINISTRY OF RAILWAYS,RAILWAYS,"MULTI-STATES (CHHATTISGARH, MAHARASHTRA)",SOUTH EAST CENTRAL RAILWAY [SECR] - II,3545.0,3655.47,96.0,2016-01-12,2024-01-12,0.0,15.889999999999873
DEPARTMENT OF HIGHER EDUCATION,EDUCATION,GUJARAT,CENTRAL UNIVERSITY OF GUJARAT,490.63,337.74,85.0,2021-01-02,2025-01-03,-1.0,-1.6599999999999682
MINISTRY OF ROAD TRANSPORT & HIGHWAYS,ROADS & HIGHWAYS,"MULTI-STATES (BIHAR, WEST BENGAL)",NATIONAL HIGHWAYS AUTHORITY OF INDIA [NHAI],962.84,99.24,12.42,2025-01-12,2027-01-12,-5.889999999999999,-80.07000000000001
MINISTRY OF RAILWAYS,RAILWAYS,TAMIL NADU,MINISTRY OF RAILWAYS,842.0,340.0,0.0,2022-01-10,2026-01-03,0.0,0.0
MINISTRY OF RAILWAYS,RAILWAYS,"MULTI-STATES (CHHATTISGARH, ODISHA)",SECR,2140.0,2282.17,97.0,2016-01-09,2024-01-10,0.0,21.69000000000005
DEPARTMENT OF HIGHER EDUCATION,EDUCATION,ANDHRA PRADESH,CENTRAL TRIBAL UNIVERSITY OF ANDHRA PRADESH,305.0,67.73,44.5,2023-01-12,2027-01-06,0.0,0.0
MINISTRY OF ROAD TRANSPORT & HIGHWAYS,ROADS & HIGHWAYS,ANDHRA PRADESH,NATIONAL HIGHWAYS AUTHORITY OF INDIA [NHAI],711.94,423.04,99.66,2022-01-09,2024-01-09,0.0,0.0699999999999931
MINISTRY OF RAILWAYS,RAILWAYS,"MULTI-STATES (MAHARASHTRA, TELANGANA)",SOUTH CENTRAL RAILWAY [SCR] - II,2595.0,4154.83,94.8,2016-01-10,2025-01-01,0.0999999999999943,13.569999999999707
DEPARTMENT OF HIGHER EDUCATION,EDUCATION,NAGALAND,NIT NAGALAND,275.63,263.25,98.0,2014-01-12,2025-01-12,0.0,0.0
MINISTRY OF ROAD TRANSPORT & HIGHWAYS,ROADS & HIGHWAYS,BIHAR,NATIONAL HIGHWAYS AUTHORITY OF INDIA [NHAI],1358.77,713.95,100.0,2022-01-01,2024-01-01,0.0,0.0
DEPARTMENT OF HIGHER EDUCATION,EDUCATION,ARUNACHAL PRADESH,"NATIONAL INSTITUTE OF TECHNOLOGY, ARUNACHAL PRADESH",592.61,551.3,80.0,2013-01-03,2026-01-08,0.0,0.0
MINISTRY OF RAILWAYS,RAILWAYS,"MULTI-STATES (BIHAR, UTTAR PRADESH)",NORTH EASTERN RAILWAY [NER],963.0,918.18,96.0,2015-01-12,2025-01-02,0.0999999999999943,1.0799999999999272
MINISTRY OF ROAD TRANSPORT & HIGHWAYS,ROADS & HIGHWAYS,"MULTI-STATES (DELHI, HARYANA)",NATIONAL HIGHWAYS AUTHORITY OF INDIA [NHAI],2228.26,999.69,100.0,2018-01-11,2020-01-11,0.0,8.260000000000105
MINISTRY OF COAL,COAL,MADHYA PRADESH,WESTERN COALFIELDS LIMITED [WCL],314.09,17.89,17.78,2021-01-12,2027-01-03,0.0,0.0
MINISTRY OF RAILWAYS,RAILWAYS,ODISHA,EAST COAST RAILWAY [ECOR] - II,1284.0,1379.6,95.8,2015-01-04,2024-01-11,0.7999999999999972,26.789999999999964
MINISTRY OF COAL,COAL,MADHYA PRADESH,WESTERN COALFIELDS LIMITED [WCL],166.25,5.23,9.39,2023-01-09,2028-01-03,0.0,0.04
MINISTRY OF ROAD TRANSPORT & HIGHWAYS,ROADS & HIGHWAYS,BIHAR,NATIONAL HIGHWAYS AUTHORITY OF INDIA [NHAI],210.05,116.57,64.05,2022-01-07,2024-01-01,0.0,0.2799999999999869
MINISTRY OF COAL,COAL,MAHARASHTRA,WESTERN COALFIELDS LIMITED [WCL],198.71,23.25,2.82,2023-01-09,2027-01-03,0.0,-0.2899999999999991
MINISTRY OF RAILWAYS,RAILWAYS,"MULTI-STATES (MADHYA PRADESH, MAHARASHTRA)",CENTRAL RAILWAY [CR] - II,2449.91,2164.79,50.0,2016-01-09,2027-01-03,-5.000000000000007,9.029999999999744
MINISTRY OF ROAD TRANSPORT & HIGHWAYS,ROADS & HIGHWAYS,"MULTI-STATES (HARYANA, PUNJAB)",NATIONAL HIGHWAYS AUTHORITY OF INDIA [NHAI],646.42,549.2,98.0,2022-01-12,2024-01-07,0.0,0.0
MINISTRY OF STEEL,METALS & MINING,CHHATTISGARH,NATIONAL MINERAL DEVELOPMENT CORPORATION LIMITED [NMDC],1700.0,263.01,18.3,2022-01-07,2028-01-12,-2.0,4.599999999999966
MINISTRY OF RAILWAYS,RAILWAYS,MAHARASHTRA,CENTRAL RAILWAY [CR] - II,1035.16,1842.26,100.0,2018-01-04,2024-01-12,0.0,-23.180000000000064
MINISTRY OF COAL,COAL,MADHYA PRADESH,WESTERN COALFIELDS LIMITED [WCL],414.15,22.11,56.88,2019-01-08,2026-01-03,0.0,0.0
MINISTRY OF ROAD TRANSPORT & HIGHWAYS,ROADS & HIGHWAYS,UTTAR PRADESH,NHAI,2541.13,297.45,38.23,2025-01-03,2027-01-09,3.0899999999999963,31.870000000000005
MINISTRY OF COAL,COAL,MAHARASHTRA,WESTERN COALFIELDS LIMITED [WCL],360.81,21.24,5.17,2022-01-12,2029-01-03,0.0,17.4
MINISTRY OF ROAD TRANSPORT & HIGHWAYS,ROADS & HIGHWAYS,ANDHRA PRADESH,NATIONAL HIGHWAYS AUTHORITY OF INDIA [NHAI],1063.57,502.82,90.4,2023-01-09,2025-01-09,0.0,0.2199999999999704
MINISTRY OF RAILWAYS,RAILWAYS,MAHARASHTRA,CENTRAL RAILWAY [CR] - II,637.95,1049.42,88.0,2018-01-05,2025-01-12,0.0,2.400000000000091
MINISTRY OF ROAD TRANSPORT & HIGHWAYS,ROADS & HIGHWAYS,UTTAR PRADESH,NATIONAL HIGHWAYS AUTHORITY OF INDIA [NHAI],991.89,854.1,96.22,2023-01-02,2025-01-02,1.0,38.190000000000055
MINISTRY OF RAILWAYS,RAILWAYS,MAHARASHTRA,CENTRAL RAILWAY,2081.27,3105.38,92.0,2017-01-03,2025-01-12,0.0,28.09999999999991
MINISTRY OF POWER,TRANSMISSION & DISTRIBUTION,RAJASTHAN,POWER GRID CORPORATION OF INDIA LIMITED [POWERGRID],3279.0,1541.13,49.73,2024-01-08,2026-01-08,2.5999999999999943,32.79000000000019
MINISTRY OF ROAD TRANSPORT & HIGHWAYS,ROADS & HIGHWAYS,UTTAR PRADESH,NHAI,2289.34,233.67,30.14,2025-01-07,2028-01-01,4.010000000000002,35.31999999999999
MINISTRY OF POWER,TRANSMISSION & DISTRIBUTION,"MULTI-STATES (MADHYA PRADESH, RAJASTHAN)",POWER GRID CORPORATION OF INDIA LIMITED [POWERGRID],2227.0,979.88,44.74,2024-01-08,2026-01-08,6.0,0.0
MINISTRY OF RAILWAYS,RAILWAYS,MAHARASHTRA,CENTRAL RAILWAY [CR] - II,1384.72,1829.64,86.0,2016-01-12,2025-01-12,-12.0,16.12000000000012
MINISTRY OF POWER,TRANSMISSION & DISTRIBUTION,"MULTI-STATES (MADHYA PRADESH, RAJASTHAN)",POWER GRID CORPORATION OF INDIA LIMITED [POWERGRID],3251.0,1592.99,42.27,2024-01-08,2026-01-08,2.8700000000000045,0.0
MINISTRY OF ROAD TRANSPORT & HIGHWAYS,ROADS & HIGHWAYS,UTTAR PRADESH,NATIONAL HIGHWAYS AUTHORITY OF INDIA [NHAI],1973.98,1005.8,71.98,2024-01-01,2026-01-01,3.030000000000001,50.65999999999997
MINISTRY OF RAILWAYS,RAILWAYS,MAHARASHTRA,CENTRAL RAILWAY [CR] - II,540.02,842.32,88.0,2016-01-05,2025-01-12,0.0,6.930000000000064
MINISTRY OF POWER,TRANSMISSION & DISTRIBUTION,RAJASTHAN,POWER GRID CORPORATION OF INDIA LIMITED [POWERGRID],1382.0,566.62,44.61,2024-01-08,2026-01-08,2.6099999999999994,13.82000000000005
MINISTRY OF ROAD TRANSPORT & HIGHWAYS,ROADS & HIGHWAYS,MADHYA PRADESH,NATIONAL HIGHWAYS AUTHORITY OF INDIA [NHAI],950.27,399.27,100.0,2018-01-02,2020-01-02,0.0,2.099999999999966
MINISTRY OF COAL,COAL,MAHARASHTRA,WESTERN COALFIELDS LIMITED [WCL],497.41,44.26,2.19,2023-01-10,2030-01-03,0.0,-42.46
MINISTRY OF RAILWAYS,RAILWAYS,MAHARASHTRA,CENTRAL RAILWAY,792.89,1082.64,73.0,2015-01-09,2026-01-12,0.0,5.270000000000209
MINISTRY OF COAL,COAL,MADHYA PRADESH,WESTERN COALFIELDS LIMITED [WCL],206.88,27.32,2.02,2023-01-01,2031-01-03,0.0,0.0
MINISTRY OF RAILWAYS,RAILWAYS,"MULTI-STATES (CHHATTISGARH, ODISHA)",EAST COAST RAILWAY [ECOR] - II,1547.0,1387.24,94.94,2016-01-03,2024-01-03,0.480000000000004,7.549999999999954
MINISTRY OF ROAD TRANSPORT & HIGHWAYS,ROADS & HIGHWAYS,TAMIL NADU,NATIONAL HIGHWAYS AUTHORITY OF INDIA [NHAI],1103.86,787.61,94.85,2020-01-03,2022-01-03,2.6999999999999886,13.25
MINISTRY OF RAILWAYS,RAILWAYS,BIHAR,EAST CENTRAL RAILWAY [ECR] - I,1586.0,1499.23,99.0,2017-01-03,2024-01-06,0.0,4.2999999999999545
MINISTRY OF COAL,COAL,JHARKHAND,BHARAT COKING COAL LIMITED (BCCL,339.87,191.14,70.47,2011-01-02,2014-01-04,0.0,0.1399999999999863
MINISTRY OF COAL,COAL,"MULTI-STATES (MADHYA PRADESH, UTTAR PRADESH)",NORTHERN COALFIELDS LIMITED [NCL],491.67,276.37,57.06,2021-01-06,2025-01-03,1.490000000000002,-0.3799999999999954
MINISTRY OF RAILWAYS,RAILWAYS,BIHAR,EAST CENTRAL RAILWAY [ECR] - I,1216.0,2102.51,93.0,2017-01-03,2025-01-12,0.2000000000000028,4.9900000000002365
MINISTRY OF ROAD TRANSPORT & HIGHWAYS,ROADS & HIGHWAYS,ASSAM,NATIONAL HIGHWAYS AUTHORITY OF INDIA [NHAI],280.75,211.79,99.04,2022-01-12,2024-01-06,0.0,0.0
MINISTRY OF COAL,COAL,MAHARASHTRA,WESTERN COALFIELDS LIMITED [WCL],228.64,150.47,69.33,2022-01-01,2028-01-03,0.0,0.0
MINISTRY OF ROAD TRANSPORT & HIGHWAYS,ROADS & HIGHWAYS,WEST BENGAL,NATIONAL HIGHWAYS AUTHORITY OF INDIA [NHAI],1818.46,457.06,56.54,2024-01-12,2027-01-06,1.3399999999999963,31.0
MINISTRY OF RAILWAYS,RAILWAYS,BIHAR,EAST CENTRAL RAILWAY [ECR] - I,519.0,409.48,100.0,2015-01-12,2025-01-03,3.0,7.640000000000043
MINISTRY OF COAL,COAL,MADHYA PRADESH,WESTERN COALFIELDS LIMITED [WCL],399.2,100.6,67.13,2022-01-09,2027-01-03,0.0,0.5699999999999932
MINISTRY OF ROAD TRANSPORT & HIGHWAYS,ROADS & HIGHWAYS,RAJASTHAN,NATIONAL HIGHWAYS AUTHORITY OF INDIA [NHAI],2010.2,707.68,37.27,2024-01-03,2026-01-03,0.0300000000000011,0.0099999999999909
MINISTRY OF ROAD TRANSPORT & HIGHWAYS,ROADS & HIGHWAYS,BIHAR,NATIONAL HIGHWAYS AUTHORITY OF INDIA [NHAI],325.57,225.44,99.78,2022-01-03,2024-01-08,0.0,0.0
MINISTRY OF COAL,COAL,MAHARASHTRA,WESTERN COALFIELDS LIMITED [WCL],319.04,111.68,32.21,2020-01-08,2026-01-03,0.0,0.5100000000000051
MINISTRY OF COAL,COAL,MADHYA PRADESH,WESTERN COALFIELDS LIMITED [WCL],220.62,0.0,11.2,2022-01-11,2029-01-03,0.0,0.0
MINISTRY OF ROAD TRANSPORT & HIGHWAYS,ROADS & HIGHWAYS,WEST BENGAL,NATIONAL HIGHWAYS AUTHORITY OF INDIA [NHAI],309.99,1.94,2.11,2025-01-11,2027-01-11,-0.4700000000000002,-0.2299999999999999
MINISTRY OF RAILWAYS,RAILWAYS,ODISHA,EAST COAST RAILWAY [ECOR] - II,1000.0,469.78,59.0,2015-01-12,2018-01-11,0.0,13.97999999999996
MINISTRY OF COAL,COAL,MAHARASHTRA,WESTERN COALFIELDS LIMITED [WCL],402.27,67.7,24.17,2022-01-09,2027-01-03,0.0,0.5900000000000034
MINISTRY OF COAL,COAL,MAHARASHTRA,WESTERN COALFIELDS LIMITED [WCL],361.87,96.8,12.2,2022-01-06,2026-01-03,0.0,0.1599999999999966
MINISTRY OF ROAD TRANSPORT & HIGHWAYS,ROADS & HIGHWAYS,RAJASTHAN,NATIONAL HIGHWAYS AUTHORITY OF INDIA [NHAI],1764.86,310.1,39.33,2024-01-09,2026-01-09,2.509999999999998,-0.0199999999999818
MINISTRY OF COAL,COAL,MAHARASHTRA,WESTERN COALFIELDS LIMITED [WCL],335.75,50.3,9.57,2022-01-05,2029-01-03,0.0,0.5499999999999972
MINISTRY OF ROAD TRANSPORT & HIGHWAYS,ROADS & HIGHWAYS,BIHAR,NATIONAL HIGHWAYS AUTHORITY OF INDIA [NHAI],227.25,224.56,80.95,2023-01-12,2025-01-12,0.4900000000000091,0.4600000000000079
MINISTRY OF RAILWAYS,RAILWAYS,"MULTI-STATES (ANDHRA PRADESH, ODISHA)",EAST COAST RAILWAY [ECOR] - II,2500.0,2217.87,73.0,2016-01-01,2022-01-03,0.0,53.90000000000009
MINISTRY OF COAL,COAL,CHHATTISGARH,SOUTH EASTERN COALFIELDS LIMITED [SECL],329.21,62.03,2.01,2023-01-01,2029-01-03,0.0,0.0
MINISTRY OF COAL,COAL,MAHARASHTRA,WESTERN COALFIELDS LIMITED [WCL],309.58,58.08,8.44,2021-01-04,2026-01-03,0.0,0.6199999999999974
MINISTRY OF RAILWAYS,RAILWAYS,ODISHA,EAST COAST RAILWAY [ECOR] - II,1173.0,2138.09,90.0,2015-01-12,2026-01-03,1.0,17.51000000000022
MINISTRY OF COAL,COAL,ODISHA,SINGARENI COLLIERIES COMPANY LIMITED [SCCL],494.3,491.33,80.0,2020-01-03,2026-01-03,0.0,0.0
MINISTRY OF RAILWAYS,RAILWAYS,"MULTI-STATES (MADHYA PRADESH, RAJASTHAN)",NORTH CENTRAL RAILWAY,2913.0,2245.43,92.0,2018-01-07,2025-01-03,0.0,31.87999999999965
MINISTRY OF COAL,COAL,TELANGANA,SINGARENI COLLIERIES COMPANY LIMITED [SCCL],384.32,295.21,76.0,2017-01-05,2026-01-03,1.0,4.199999999999989
MINISTRY OF HOUSING & URBAN AFFAIRS,WASTE & WATER,MADHYA PRADESH,MINISTRY OF HOUSING & URBAN AFFAIRS,402.01,371.17,90.0,2017-01-11,2023-01-03,0.0,0.0
MINISTRY OF ROAD TRANSPORT & HIGHWAYS,ROADS & HIGHWAYS,BIHAR,NATIONAL HIGHWAYS AUTHORITY OF INDIA [NHAI],1538.76,146.2,21.54,2026-01-01,2027-01-12,-5.060000000000002,-418.17
MINISTRY OF POWER,TRANSMISSION & DISTRIBUTION,"MULTI-STATES (ANDHRA PRADESH, KARNATAKA)",POWER GRID CORPORATION OF INDIA LIMITED [POWERGRID],5550.0,943.5,19.92,2025-01-03,2027-01-03,2.0600000000000023,0.0
MINISTRY OF HOUSING & URBAN AFFAIRS,WASTE & WATER,MADHYA PRADESH,MINISTRY OF HOUSING & URBAN AFFAIRS,191.56,200.32,96.0,2016-01-12,2024-01-03,0.0,0.0
MINISTRY OF POWER,TRANSMISSION & DISTRIBUTION,"MULTI-STATES (MADHYA PRADESH, RAJASTHAN)",POWER GRID CORPORATION OF INDIA LIMITED [POWERGRID],5028.0,1106.16,28.050000000000004,2025-01-03,2027-01-03,3.980000000000004,51.96000000000004
MINISTRY OF ROAD TRANSPORT & HIGHWAYS,ROADS & HIGHWAYS,UTTAR PRADESH,NATIONAL HIGHWAYS AUTHORITY OF INDIA [NHAI],1991.71,1016.28,95.37,2019-01-02,2022-01-02,0.5799999999999983,8.259999999999991
MINISTRY OF POWER,ELECTRICITY GENERATION,CHHATTISGARH,NATIONAL THERMAL POWER CORPORATION [NTPC],9791.0,1686.93,19.86,2024-01-09,2029-01-09,0.9499999999999992,67.29999999999995
MINISTRY OF HOUSING & URBAN AFFAIRS,WASTE & WATER,MADHYA PRADESH,MINISTRY OF HOUSING & URBAN AFFAIRS,287.17,252.5,99.0,2017-01-11,2023-01-03,0.0,0.0
MINISTRY OF RAILWAYS,RAILWAYS,CHHATTISGARH,CAO/C/SECR,7853.84,0.64,0.0,2025-01-04,2031-01-03,0.0,0.0
MINISTRY OF ROAD TRANSPORT & HIGHWAYS,ROADS & HIGHWAYS,HARYANA,NATIONAL HIGHWAYS AUTHORITY OF INDIA [NHAI],1330.23,454.93,99.5,2023-01-12,2025-01-12,0.0,14.550000000000011
MINISTRY OF HOUSING & URBAN AFFAIRS,WASTE & WATER,KARNATAKA,MINISTRY OF HOUSING & URBAN AFFAIRS,162.73,79.5,80.0,2016-01-10,2023-01-07,0.0,0.0
MINISTRY OF RAILWAYS,RAILWAYS,MAHARASHTRA,SOUTH EAST CENTRAL RAILWAY,4373.04,1.79,2.0,2025-01-04,2031-01-03,1.0,0.79
MINISTRY OF ROAD TRANSPORT & HIGHWAYS,ROADS & HIGHWAYS,ANDHRA PRADESH,NATIONAL HIGHWAYS AUTHORITY OF INDIA [NHAI],1194.57,862.59,99.92,2021-01-07,2024-01-01,0.0,9.450000000000044
MINISTRY OF HOUSING & URBAN AFFAIRS,URBAN PUBLIC TRANSPORT,"MULTI-STATES (DELHI, HARYANA)",DELHI METRO RAIL CORPORATION LIMITED [DMRC],6230.99,558.03,0.0,2025-01-01,2029-01-01,0.0,485.05
MINISTRY OF HOUSING & URBAN AFFAIRS,WASTE & WATER,JHARKHAND,MINISTRY OF HOUSING & URBAN AFFAIRS,278.28,186.5,81.0,2018-01-12,2023-01-03,0.0,0.0
MINISTRY OF ROAD TRANSPORT & HIGHWAYS,ROADS & HIGHWAYS,ANDHRA PRADESH,NATIONAL HIGHWAYS AUTHORITY OF INDIA [NHAI],665.59,512.1,95.73,2020-01-01,2021-01-07,0.0,0.0099999999999909
MINISTRY OF HOUSING & URBAN AFFAIRS,URBAN PUBLIC TRANSPORT,DELHI,DELHI METRO RAIL CORPORATION LIMITED [DMRC],8399.81,120.25,3.8,2024-01-03,2029-01-03,0.1599999999999997,25.72
MINISTRY OF HOUSING & URBAN AFFAIRS,WASTE & WATER,JHARKHAND,MINISTRY OF HOUSING & URBAN AFFAIRS,159.31,87.5,67.0,2018-01-12,2023-01-10,0.0,0.0
MINISTRY OF RAILWAYS,RAILWAYS,ANDHRA PRADESH,SOUTH CENTRAL RAILWAY [SCR] - II,1215.56,62.2,0.06,2025-01-04,2029-01-03,0.0099999999999999,62.040000000000006
MINISTRY OF ROAD TRANSPORT & HIGHWAYS,ROADS & HIGHWAYS,PUNJAB,NATIONAL HIGHWAYS AUTHORITY OF INDIA [NHAI],1409.88,609.22,60.0,2024-01-04,2026-01-04,0.0,40.05000000000007
MINISTRY OF RAILWAYS,RAILWAYS,"MULTI-STATES (ANDHRA PRADESH, TELANGANA)",SOUTH CENTRAL RAILWAY [SCR] - II,2853.23,357.74,2.6,2023-01-08,2029-01-03,0.1,8.79000000000002
MINISTRY OF HOUSING & URBAN AFFAIRS,WASTE & WATER,JHARKHAND,MINISTRY OF HOUSING & URBAN AFFAIRS,216.55,129.16,76.0,2018-01-12,2023-01-03,0.0,0.0
MINISTRY OF ROAD TRANSPORT & HIGHWAYS,ROADS & HIGHWAYS,ANDHRA PRADESH,NATIONAL HIGHWAYS AUTHORITY OF INDIA [NHAI],326.61,20.21,8.799999999999999,2025-01-10,2027-01-10,-9.990000000000004,-23.46
MINISTRY OF RAILWAYS,RAILWAYS,"MULTI-STATES (ANDHRA PRADESH, MAHARASHTRA, TELANGANA)",SOUTH CENTRAL RAILWAY [SCR] - II,4686.09,640.06,21.0,2023-01-08,2029-01-03,18.92,-1297.96
MINISTRY OF HOUSING & URBAN AFFAIRS,WASTE & WATER,HARYANA,MINISTRY OF HOUSING & URBAN AFFAIRS,278.01,228.49,88.0,2017-01-11,2023-01-09,0.0,0.0
MINISTRY OF RAILWAYS,RAILWAYS,UTTAR PRADESH,NORTHERN RAILWAYS,2464.46,79.84,3.2300000000000004,2025-01-10,2029-01-10,0.8100000000000005,20.020000000000003
MINISTRY OF ROAD TRANSPORT & HIGHWAYS,ROADS & HIGHWAYS,ANDHRA PRADESH,NATIONAL HIGHWAYS AUTHORITY OF INDIA [NHAI],257.98,46.52,34.599999999999994,2025-01-03,2027-01-03,-1.0300000000000082,-9.309999999999995
MINISTRY OF POWER,TRANSMISSION & DISTRIBUTION,KARNATAKA,POWER GRID CORPORATION OF INDIA LIMITED [POWERGRID],3453.0,483.42,17.990000000000002,2025-01-03,2027-01-09,4.580000000000002,69.06
MINISTRY OF ROAD TRANSPORT & HIGHWAYS,ROADS & HIGHWAYS,"MULTI-STATES (BIHAR, UTTAR PRADESH)",NATIONAL HIGHWAYS AUTHORITY OF INDIA [NHAI],3241.56,1418.27,99.75,2011-01-09,2014-01-03,4.170000000000002,169.78999999999996
MINISTRY OF POWER,TRANSMISSION & DISTRIBUTION,ANDHRA PRADESH,POWER GRID CORPORATION OF INDIA LIMITED [POWERGRID],2886.0,721.5,29.34,2025-01-03,2027-01-12,3.1499999999999986,0.0199999999999818
MINISTRY OF HOUSING & URBAN AFFAIRS,WASTE & WATER,MAHARASHTRA,MINISTRY OF HOUSING & URBAN AFFAIRS,194.2,136.56,75.0,2019-01-09,2023-01-10,0.0,0.0
DEPARTMENT OF TELECOMMUNICATIONS,TELECOMMUNICATION,"MULTI-STATES (BIHAR, MADHYA PRADESH, RAJASTHAN, UTTAR PRADESH)",DEPARTMENT OF TELECOMMUNICATIONS [DOT],421.65,92.37,99.0,2021-01-03,2022-01-03,0.0,-60.59
MINISTRY OF RAILWAYS,RAILWAYS,"MULTI-STATES (ANDHRA PRADESH, TELANGANA)",SOUTH CENTRAL RAILWAY [SCR] - II,1595.55,264.89,2.0500000000000003,2025-01-03,2029-01-03,0.0100000000000002,52.77999999999997
MINISTRY OF ROAD TRANSPORT & HIGHWAYS,ROADS & HIGHWAYS,JHARKHAND,NATIONAL HIGHWAYS AUTHORITY OF INDIA [NHAI],687.77,47.69,14.6,2025-01-09,2028-01-03,-1.5000000000000018,-18.90000000000001
MINISTRY OF PETROLEUM & NATURAL GAS,OIL & GAS,ASSAM,MINISTRY OF PETROLEUM & NATURAL GAS,430.76,346.97,93.4,2020-01-12,2024-01-03,1.0,0.0
MINISTRY OF RAILWAYS,RAILWAYS,"MULTI-STATES (KARNATAKA, TAMIL NADU)",KARNATAKA RAIL INFRASTRUCTURE DEVELOPMENT COMPANY LIMITED [K-RIDE],498.7,713.85,88.3,2019-01-02,2024-01-03,0.2999999999999971,15.340000000000032
MINISTRY OF ROAD TRANSPORT & HIGHWAYS,ROADS & HIGHWAYS,GUJARAT,NATIONAL HIGHWAYS AUTHORITY OF INDIA [NHAI],1373.06,837.67,96.0,2023-01-01,2025-01-06,0.0,3.669999999999959
MINISTRY OF PETROLEUM & NATURAL GAS,OIL & GAS,KARNATAKA,MINISTRY OF PETROLEUM & NATURAL GAS,364.0,78.3,47.9,2024-01-03,2027-01-01,0.5,7.200000000000003
MINISTRY OF RAILWAYS,RAILWAYS,KARNATAKA,KARNATAKA RAIL INFRASTRUCTURE DEVELOPMENT COMPANY LIMITED [K-RIDE],314.1,173.5,56.8,2019-01-10,2024-01-03,0.3000000000000042,2.5
DEPARTMENT OF HIGHER EDUCATION,EDUCATION,DELHI,DELHI UNIVERSITY,373.0,30.13,13.0,2025-01-03,2026-01-10,0.0,0.0
MINISTRY OF ROAD TRANSPORT & HIGHWAYS,ROADS & HIGHWAYS,JHARKHAND,NATIONAL HIGHWAYS AUTHORITY OF INDIA [NHAI],470.75,0.89,0.0,2026-01-02,2028-01-08,0.0,0.85
MINISTRY OF HOUSING & URBAN AFFAIRS,WASTE & WATER,PUNJAB,MINISTRY OF HOUSING & URBAN AFFAIRS,287.0,218.85,99.0,2020-01-08,2023-01-10,0.0,5.210000000000008
MINISTRY OF PETROLEUM & NATURAL GAS,OIL & GAS,MAHARASHTRA,MINISTRY OF PETROLEUM AND NATURAL GAS,4679.0,276.93,11.3,2024-01-12,2028-01-03,0.6000000000000014,6.829999999999984
MINISTRY OF PETROLEUM & NATURAL GAS,OIL & GAS,OFFSHORE,MINISTRY OF PETROLEUM & NATURAL GAS,1486.4,581.67,58.8,2024-01-09,2026-01-02,-0.8000000000000043,-37.32000000000005
MINISTRY OF RAILWAYS,RAILWAYS,"MULTI-STATES (ANDHRA PRADESH, TELANGANA)",SOUTH CENTRAL RAILWAY [SCR] - II,2047.4,208.57,0.1699999999999999,2024-01-11,2027-01-03,0.0099999999999998,-0.0200000000000102
MINISTRY OF HOUSING & URBAN AFFAIRS,WASTE & WATER,PUNJAB,MINISTRY OF HOUSING & URBAN AFFAIRS,258.53,161.02,90.0,2020-01-08,2023-01-08,0.0,0.0
MINISTRY OF RAILWAYS,RAILWAYS,GUJARAT,MINISTRY OF RAILWAYS-,467.58,70.54,16.0,2023-01-07,2027-01-06,0.0,0.0
MINISTRY OF ROAD TRANSPORT & HIGHWAYS,ROADS & HIGHWAYS,"MULTI-STATES (JHARKHAND, WEST BENGAL)",NATIONAL HIGHWAYS AUTHORITY OF INDIA [NHAI],1560.39,91.5,100.0,2014-01-04,2016-01-09,0.0,0.0900000000000034
MINISTRY OF HOUSING & URBAN AFFAIRS,WASTE & WATER,UTTAR PRADESH,MINISTRY OF HOUSING & URBAN AFFAIRS,142.46,152.65,95.0,2019-01-05,2023-01-03,0.0,0.0
MINISTRY OF POWER,TRANSMISSION & DISTRIBUTION,KARNATAKA,POWER GRID CORPORATION OF INDIA LIMITED [POWERGRID],288.0,20.16,7.199999999999999,2025-01-02,2027-01-06,0.0,0.0
MINISTRY OF POWER,TRANSMISSION & DISTRIBUTION,GUJARAT,POWER GRID CORPORATION OF INDIA LIMITED [POWERGRID],466.0,111.84,30.0,2025-01-02,2027-01-02,7.5,18.64
MINISTRY OF HOUSING & URBAN AFFAIRS,WASTE & WATER,UTTAR PRADESH,MINISTRY OF HOUSING & URBAN AFFAIRS,561.74,506.52,95.0,2019-01-06,2023-01-07,0.0,0.0
MINISTRY OF ROAD TRANSPORT & HIGHWAYS,ROADS & HIGHWAYS,"MULTI-STATES (BIHAR, JHARKHAND)",NATIONAL HIGHWAYS AUTHORITY OF INDIA [NHAI],1822.46,605.5,97.92,2022-01-03,2024-01-03,0.0,0.0
MINISTRY OF POWER,TRANSMISSION & DISTRIBUTION,JAMMU AND KASHMIR,POWER GRID CORPORATION OF INDIA LIMITED [POWERGRID],218.6,3.72,1.7000000000000002,2024-01-07,2026-01-07,0.0,0.0
MINISTRY OF ROAD TRANSPORT & HIGHWAYS,ROADS & HIGHWAYS,BIHAR,NATIONAL HIGHWAYS AUTHORITY OF INDIA [NHAI],1422.37,273.74,43.5,2024-01-10,2027-01-04,2.5,0.2200000000000272
MINISTRY OF POWER,TRANSMISSION & DISTRIBUTION,RAJASTHAN,POWER GRID CORPORATION OF INDIA LIMITED [POWERGRID],404.0,28.28,10.8,2025-01-03,2026-01-12,1.0,0.0
MINISTRY OF HOUSING & URBAN AFFAIRS,WASTE & WATER,MAHARASHTRA,MINISTRY OF HOUSING & URBAN AFFAIRS,235.95,220.77,96.0,2017-01-07,2023-01-03,0.0,0.0
MINISTRY OF ROAD TRANSPORT & HIGHWAYS,ROADS & HIGHWAYS,"MULTI-STATES (BIHAR, JHARKHAND)",NATIONAL HIGHWAYS AUTHORITY OF INDIA [NHAI],1054.46,110.8,23.69,2024-01-12,2026-01-12,2.8099999999999987,0.0
MINISTRY OF POWER,TRANSMISSION & DISTRIBUTION,GUJARAT,POWER GRID CORPORATION OF INDIA LIMITED [POWERGRID],172.0,58.48,37.2,2025-01-03,2027-01-03,1.2000000000000028,0.0
MINISTRY OF ROAD TRANSPORT & HIGHWAYS,ROADS & HIGHWAYS,HARYANA,NATIONAL HIGHWAYS AUTHORITY OF INDIA [NHAI],927.22,369.17,87.05000000000001,2023-01-06,2025-01-05,0.0,1.6299999999999957
MINISTRY OF RAILWAYS,RAILWAYS,TELANGANA,SOUTH CENTRAL RAILWAY [SCR] - II,770.12,87.94,0.06,2025-01-04,2029-01-04,0.0099999999999999,0.0099999999999909
MINISTRY OF HOUSING & URBAN AFFAIRS,WASTE & WATER,BIHAR,MINISTRY OF HOUSING & URBAN AFFAIRS,158.78,135.72,85.0,2019-01-02,2023-01-10,0.0,0.0
MINISTRY OF RAILWAYS,RAILWAYS,MAHARASHTRA,SOUTH CENTRAL RAILWAY [SCR] - II,769.93,197.62,0.2,2023-01-12,2028-01-03,0.01,0.5600000000000023
MINISTRY OF HOUSING & URBAN AFFAIRS,URBAN PUBLIC TRANSPORT,UTTAR PRADESH,UTTAR PRADESH METRO RAIL CORPORATION [UPMRC],8379.62,6102.28,71.0,2020-01-12,2024-01-05,1.5,30.5
MINISTRY OF STEEL,STEEL,JHARKHAND,STEEL AUTHORITY OF INDIA LIMITED [SAIL],207.13,70.84,42.79,2025-01-02,2026-01-10,2.869999999999997,13.5
MINISTRY OF ROAD TRANSPORT & HIGHWAYS,ROADS & HIGHWAYS,UTTAR PRADESH,NATIONAL HIGHWAYS AUTHORITY OF INDIA [NHAI],2555.5,1307.22,89.0,2023-01-03,2025-01-03,5.0,59.82999999999993
MINISTRY OF STEEL,STEEL,WEST BENGAL,STEEL AUTHORITY OF INDIA LIMITED [SAIL],196.4,59.77,32.48,2024-01-12,2026-01-05,7.679999999999996,24.410000000000004
MINISTRY OF HOUSING & URBAN AFFAIRS,URBAN PUBLIC TRANSPORT,UTTAR PRADESH,UTTAR PRADESH METRO RAIL CORPORATION [UPMRC],11076.48,9121.15,81.95,2019-01-11,2024-01-05,1.0499999999999972,20.0
MINISTRY OF RAILWAYS,RAILWAYS,UTTAR PRADESH,CONSTRUCTION NER,958.27,635.41,23.9,2023-01-11,2028-01-03,0.0999999999999978,0.0
MINISTRY OF STEEL,STEEL,JHARKHAND,STEEL AUTHORITY OF INDIA LIMITED [SAIL],513.82,412.95,98.72,2023-01-10,2025-01-07,1.4200000000000017,4.550000000000011
MINISTRY OF HOUSING & URBAN AFFAIRS,URBAN PUBLIC TRANSPORT,BIHAR,PATNA METRO RAIL CORPORATION LTD. [PMRCL],13365.77,5198.09,50.05,2019-01-02,2024-01-02,0.0499999999999971,1.0
MINISTRY OF ROAD TRANSPORT & HIGHWAYS,ROADS & HIGHWAYS,KARNATAKA,NATIONAL HIGHWAYS AUTHORITY OF INDIA [NHAI],1135.39,739.28,83.19,2023-01-03,2025-01-09,0.2999999999999971,6.839999999999918
MINISTRY OF STEEL,STEEL,JHARKHAND,STEEL AUTHORITY OF INDIA LIMITED [SAIL],260.37,114.77,45.91,2024-01-04,2026-01-06,1.7399999999999949,11.909999999999997
MINISTRY OF HOUSING & URBAN AFFAIRS,URBAN PUBLIC TRANSPORT,MADHYA PRADESH,MADHYA PRADESH METRO RAIL CO LIMITED [MPMRCL],7500.8,4984.13,64.63,2018-01-11,2022-01-11,0.480000000000004,61.07999999999993
MINISTRY OF STEEL,STEEL,CHHATTISGARH,STEEL AUTHORITY OF INDIA LIMITED [SAIL],471.83,257.18,69.07,2023-01-12,2026-01-06,2.0,17.590000000000003
MINISTRY OF ROAD TRANSPORT & HIGHWAYS,ROADS & HIGHWAYS,KARNATAKA,NATIONAL HIGHWAYS AUTHORITY OF INDIA [NHAI],456.79,459.3,94.06,2020-01-12,2022-01-12,2.4099999999999966,22.579999999999984
MINISTRY OF STEEL,STEEL,CHHATTISGARH,STEEL AUTHORITY OF INDIA LIMITED [SAIL],884.1,607.98,91.18,2024-01-01,2025-01-10,1.1899999999999975,6.730000000000018
MINISTRY OF HOUSING & URBAN AFFAIRS,URBAN PUBLIC TRANSPORT,MADHYA PRADESH,MADHYA PRADESH METRO RAIL CO LIMITED [MPMRCL],6941.4,4334.41,62.2,2018-01-11,2022-01-11,2.259999999999998,75.15999999999985
MINISTRY OF ROAD TRANSPORT & HIGHWAYS,ROADS & HIGHWAYS,"MULTI-STATES (KARNATAKA, MAHARASHTRA)",NATIONAL HIGHWAYS AUTHORITY OF INDIA [NHAI],1388.7,1153.03,84.3,2022-01-10,2025-01-04,0.7999999999999972,22.49000000000001
MINISTRY OF STEEL,STEEL,JHARKHAND,STEEL AUTHORITY OF INDIA LIMITED [SAIL],627.31,342.26,64.09,2023-01-12,2026-01-11,2.25,11.439999999999998
MINISTRY OF POWER,TRANSMISSION & DISTRIBUTION,UTTAR PRADESH,POWER GRID CORPORATION OF INDIA LIMITED [POWERGRID],212.81,6.38,3.0,2024-01-12,2026-01-06,0.0,0.0
MINISTRY OF HOUSING & URBAN AFFAIRS,URBAN PUBLIC TRANSPORT,MAHARASHTRA,MINISTRY OF HOUSING AND URBAN AFFAIRS,600.0,523.76,84.0,2020-01-07,2023-01-07,0.0,0.0
MINISTRY OF ROAD TRANSPORT & HIGHWAYS,ROADS & HIGHWAYS,"MULTI-STATES (KARNATAKA, MAHARASHTRA)",NATIONAL HIGHWAYS AUTHORITY OF INDIA [NHAI],1479.3,1178.31,100.0,2022-01-10,2025-01-04,0.0,0.2000000000000454
MINISTRY OF POWER,TRANSMISSION & DISTRIBUTION,"MULTI-STATES (BIHAR, WEST BENGAL)",POWER GRID CORPORATION OF INDIA LIMITED [POWERGRID],408.94,6.13,1.5,2024-01-11,2026-01-05,0.0,0.0
MINISTRY OF ROAD TRANSPORT & HIGHWAYS,ROADS & HIGHWAYS,TAMIL NADU,NATIONAL HIGHWAYS AUTHORITY OF INDIA [NHAI],1616.97,193.14,18.13,2023-01-11,2026-01-05,0.5899999999999999,7.509999999999991
MINISTRY OF HOUSING & URBAN AFFAIRS,REAL ESTATE,UTTARAKHAND,MINISTRY OF HOUSING AND URBAN AFFAIRS,150.97,56.76,40.05,2019-01-08,2023-01-11,0.0,0.0
MINISTRY OF POWER,TRANSMISSION & DISTRIBUTION,"MULTI-STATES (BIHAR, ODISHA, WEST BENGAL)",POWER GRID CORPORATION OF INDIA LIMITED [POWERGRID],342.69,119.94,29.73,2024-01-09,2026-01-03,0.0,17.14
MINISTRY OF ROAD TRANSPORT & HIGHWAYS,ROADS & HIGHWAYS,MAHARASHTRA,NATIONAL HIGHWAYS AUTHORITY OF INDIA [NHAI],2330.71,197.23,73.96000000000001,2022-01-12,2024-01-12,0.0,0.3799999999999954
MINISTRY OF POWER,TRANSMISSION & DISTRIBUTION,MADHYA PRADESH,POWER GRID CORPORATION OF INDIA LIMITED [POWERGRID],370.0,114.7,45.55,2024-01-06,2026-01-12,10.519999999999996,0.0
MINISTRY OF HOUSING & URBAN AFFAIRS,URBAN PUBLIC TRANSPORT,MAHARASHTRA,MINISTRY OF HOUSING AND URBAN AFFAIRS,262.76,17.62,6.0,2019-01-03,2022-01-07,0.0,0.0
MINISTRY OF ROAD TRANSPORT & HIGHWAYS,ROADS & HIGHWAYS,KARNATAKA,NATIONAL HIGHWAYS AUTHORITY OF INDIA [NHAI],1454.67,690.64,98.87,2018-01-01,2020-01-07,0.0,0.0800000000000409
MINISTRY OF STEEL,STEEL,JHARKHAND,STEEL AUTHORITY OF INDIA LIMITED [SAIL],211.94,58.8,49.9,2025-01-02,2027-01-01,2.3999999999999986,0.1599999999999966
MINISTRY OF HOUSING & URBAN AFFAIRS,URBAN PUBLIC TRANSPORT,GUJARAT,GUJARAT METRO RAIL CORPORATION LIMITED [GMRCL],12020.32,9031.25,80.25,2019-01-03,2024-01-03,0.75,101.60000000000036
MINISTRY OF STEEL,STEEL,WEST BENGAL,STEEL AUTHORITY OF INDIA LIMITED [SAIL],227.96,85.71,71.17999999999999,2024-01-12,2026-01-07,4.810000000000002,10.049999999999995
MINISTRY OF HOUSING & URBAN AFFAIRS,WASTE & WATER,ANDHRA PRADESH,MINISTRY OF HOUSING & URBAN AFFAIRS,172.22,88.86,82.0,2018-01-07,2023-01-03,0.0,0.0
MINISTRY OF RAILWAYS,RAILWAYS,ANDHRA PRADESH,SOUTH CENTRAL RAILWAY [SCR] - II,877.34,206.02,0.1699999999999999,2024-01-10,2027-01-03,0.0099999999999998,0.6700000000000159
MINISTRY OF ROAD TRANSPORT & HIGHWAYS,ROADS & HIGHWAYS,ODISHA,NATIONAL HIGHWAYS AUTHORITY OF INDIA [NHAI],844.67,586.54,91.32,2019-01-03,2021-01-09,0.0,48.02999999999997
DEPARTMENT OF HIGHER EDUCATION,EDUCATION,PUNJAB,CENTRAL UNIVERSITY OF PUNJAB,210.99,87.16,48.0,2025-01-04,2027-01-10,0.0,6.099999999999994
MINISTRY OF HOUSING & URBAN AFFAIRS,URBAN PUBLIC TRANSPORT,TAMIL NADU,CHENNAI METRO RAIL LIMITED [CMRL],63246.0,33774.0,53.36,2020-01-11,2029-01-08,0.8100000000000023,644.6699999999983
MINISTRY OF RAILWAYS,RAILWAYS,"MULTI-STATES (BIHAR, UTTAR PRADESH)",NER,1120.0,414.21,26.5,2024-01-03,2027-01-12,0.1000000000000014,12.389999999999986
MINISTRY OF ROAD TRANSPORT & HIGHWAYS,ROADS & HIGHWAYS,PUNJAB,NATIONAL HIGHWAYS AUTHORITY OF INDIA [NHAI],1474.77,864.82,82.06,2022-01-08,2024-01-08,1.0100000000000051,-1.2999999999999543
MINISTRY OF HOUSING & URBAN AFFAIRS,URBAN PUBLIC TRANSPORT,KARNATAKA,BENGALURU METRO RAIL,14788.1,10376.43,66.0,2019-01-01,2026-01-06,1.0,99.98999999999978
MINISTRY OF HOUSING & URBAN AFFAIRS,URBAN PUBLIC TRANSPORT,MAHARASHTRA,MAHARASHTRA METRO RAIL CORPORATION LIMITED [MMRCL],910.18,285.68,44.6,2023-01-10,2027-01-01,3.020000000000003,15.939999999999998
MINISTRY OF ROAD TRANSPORT & HIGHWAYS,ROADS & HIGHWAYS,TAMIL NADU,NATIONAL HIGHWAYS AUTHORITY OF INDIA [NHAI],411.16,120.44,35.05,2025-01-01,2026-01-10,-1.5900000000000034,-14.039999999999992
MINISTRY OF HOUSING & URBAN AFFAIRS,URBAN PUBLIC TRANSPORT,MAHARASHTRA,MAHARASHTRA METRO RAIL CORPORATION LIMITED [MMRCL],2954.53,51.68,5.4,2024-01-09,2029-01-03,0.2000000000000001,5.549999999999997
MINISTRY OF HOUSING & URBAN AFFAIRS,URBAN PUBLIC TRANSPORT,KERALA,CSPCC PROJECTS,1957.05,752.34,38.0,2022-01-11,2026-01-11,1.8299999999999983,6.009999999999991
MINISTRY OF RAILWAYS,RAILWAYS,BIHAR,EAST CENTRAL RAILWAY [ECR] - I,611.74,0.0,0.0,2024-01-06,2028-01-06,0.0,0.0
MINISTRY OF ROAD TRANSPORT & HIGHWAYS,ROADS & HIGHWAYS,PUNJAB,NATIONAL HIGHWAYS AUTHORITY OF INDIA [NHAI],524.88,388.52,96.0,2022-01-03,2023-01-09,0.0,1.4499999999999886
MINISTRY OF ROAD TRANSPORT & HIGHWAYS,ROADS & HIGHWAYS,TAMIL NADU,NATIONAL HIGHWAYS AUTHORITY OF INDIA [NHAI],766.51,439.63,93.55,2019-01-02,2021-01-02,0.0,0.2599999999999909
MINISTRY OF COAL,COAL,MAHARASHTRA,WESTERN COALFIELDS LIMITED [WCL],379.3,0.0,0.01,2025-01-01,2030-01-03,0.0,0.0
MINISTRY OF ROAD TRANSPORT & HIGHWAYS,ROADS & HIGHWAYS,RAJASTHAN,NATIONAL HIGHWAYS AUTHORITY OF INDIA [NHAI],828.58,405.49,100.0,2019-01-04,2021-01-04,0.0,0.0600000000000022
MINISTRY OF RAILWAYS,RAILWAYS,BIHAR,EAST CENTRAL RAILWAY [ECR] - I,4079.95,9.31,0.0,2025-01-11,2029-01-11,0.0,6.640000000000001
MINISTRY OF HOUSING & URBAN AFFAIRS,URBAN PUBLIC TRANSPORT,MAHARASHTRA,MUMBAI METRO RAIL CORPORATION LIMITED [MMRC],23136.0,33648.26,97.86,2016-01-06,2023-01-03,0.0699999999999931,121.56999999999972
MINISTRY OF STEEL,STEEL,WEST BENGAL,STEEL AUTHORITY OF INDIA LIMITED [SAIL],2115.44,687.24,60.51,2024-01-08,2027-01-06,2.960000000000001,123.10000000000002
MINISTRY OF ROAD TRANSPORT & HIGHWAYS,ROADS & HIGHWAYS,KARNATAKA,NATIONAL HIGHWAYS AUTHORITY OF INDIA [NHAI],1438.74,1051.89,99.2,2021-01-04,2023-01-04,0.0,0.0
MINISTRY OF STEEL,STEEL,CHHATTISGARH,STEEL AUTHORITY OF INDIA LIMITED [SAIL],198.62,108.84,80.47,2024-01-08,2026-01-07,0.7399999999999949,33.68000000000001
MINISTRY OF HOUSING & URBAN AFFAIRS,URBAN PUBLIC TRANSPORT,KARNATAKA,BENGALURU METRO RAIL,26405.14,29812.97,95.6,2016-01-02,2021-01-03,0.0999999999999943,10.0
MINISTRY OF RAILWAYS,RAILWAYS,"MULTI-STATES (BIHAR, WEST BENGAL)",NORTHEAST FRONTIER RAILWAY [NFR],942.64,656.16,66.0,2022-01-08,2026-01-08,1.0,44.96999999999992
MINISTRY OF ROAD TRANSPORT & HIGHWAYS,ROADS & HIGHWAYS,RAJASTHAN,NATIONAL HIGHWAYS AUTHORITY OF INDIA [NHAI],1237.71,68.73,18.44,2025-01-12,2027-01-12,-0.1199999999999974,-8.239999999999995
MINISTRY OF HOUSING & URBAN AFFAIRS,URBAN PUBLIC TRANSPORT,DELHI,DELHI METRO RAIL CORPORATION LIMITED [DMRC],24948.65,20545.86,81.32000000000001,2019-01-07,2025-01-03,0.7600000000000051,195.11000000000055
MINISTRY OF STEEL,STEEL,WEST BENGAL,STEEL AUTHORITY OF INDIA LIMITED [SAIL],758.09,265.54,43.36,2024-01-10,2026-01-06,5.240000000000002,46.21000000000001
MINISTRY OF ROAD TRANSPORT & HIGHWAYS,ROADS & HIGHWAYS,"MULTI-STATES (KARNATAKA, TAMIL NADU)",NATIONAL HIGHWAYS AUTHORITY OF INDIA [NHAI],1260.74,656.08,88.75,2023-01-05,2025-01-05,12.989999999999997,44.98000000000002
MINISTRY OF HOUSING & URBAN AFFAIRS,URBAN PUBLIC TRANSPORT,MAHARASHTRA,MAHARASHTRA METRO RAIL CORPORATION LIMITED [MMRCL],6708.0,1940.06,39.5,2022-01-12,2027-01-12,1.5,28.029999999999973
MINISTRY OF ROAD TRANSPORT & HIGHWAYS,ROADS & HIGHWAYS,TELANGANA,NATIONAL HIGHWAYS AUTHORITY OF INDIA [NHAI],955.49,427.43,35.96,2023-01-01,2025-01-01,0.0,0.0
MINISTRY OF ROAD TRANSPORT & HIGHWAYS,ROADS & HIGHWAYS,UTTAR PRADESH,NATIONAL HIGHWAYS AUTHORITY OF INDIA [NHAI],1603.53,226.57,34.760000000000005,2024-01-12,2027-01-06,1.9300000000000068,29.930000000000007
MINISTRY OF RAILWAYS,RAILWAYS,RAJASTHAN,NORTH WESTERN RAILWAY [NWR],1634.79,447.64,22.0,2024-01-02,2027-01-06,10.0,70.26999999999998
MINISTRY OF ROAD TRANSPORT & HIGHWAYS,ROADS & HIGHWAYS,BIHAR,NATIONAL HIGHWAYS AUTHORITY OF INDIA [NHAI],984.63,798.12,100.0,2021-01-01,2023-01-07,0.0,0.0
MINISTRY OF RAILWAYS,RAILWAYS,KARNATAKA,SOUTH WESTERN RAILWAY [SWR] - II,2565.0,2373.6,70.5,2009-01-05,2019-01-03,0.5,80.33999999999969
MINISTRY OF COAL,COAL,MAHARASHTRA,WESTERN COALFIELDS LIMITED [WCL],235.9,127.42,98.97,2018-01-09,2024-01-03,0.0,0.0
MINISTRY OF ROAD TRANSPORT & HIGHWAYS,ROADS & HIGHWAYS,PUNJAB,NATIONAL HIGHWAYS AUTHORITY OF INDIA [NHAI],1754.84,884.83,50.56,2023-01-01,2025-01-01,2.3599999999999994,84.73000000000002
MINISTRY OF RAILWAYS,RAILWAYS,CHHATTISGARH,RAIL VIKAS NIGAM LIMITED,1628.0,1440.85,82.0,2009-01-12,2025-01-09,0.0,0.0
MINISTRY OF HOUSING & URBAN AFFAIRS,URBAN PUBLIC TRANSPORT,UTTAR PRADESH,NOIDA METRO RAIL CORPORATION LTD. [NMRCL],2254.35,0.0,0.0,2026-01-03,2030-01-03,,
MINISTRY OF COAL,COAL,MAHARASHTRA,WESTERN COALFIELDS LIMITED [WCL],316.0,209.28,86.49,2018-01-11,2024-01-03,0.0,-0.0699999999999931
MINISTRY OF RAILWAYS,RAILWAYS,"MULTI-STATES (SIKKIM, WEST BENGAL)",INDIAN RAILWAY CONSTRUCTION INTERNATIONAL LIMITED [IRCON],7877.0,10933.68,93.1,2010-01-05,2015-01-05,0.0999999999999943,163.26000000000022
MINISTRY OF ROAD TRANSPORT & HIGHWAYS,ROADS & HIGHWAYS,PUNJAB,NATIONAL HIGHWAYS AUTHORITY OF INDIA [NHAI],666.81,57.9,28.000000000000004,2025-01-07,2027-01-07,3.250000000000004,9.829999999999998
MINISTRY OF COAL,COAL,JHARKHAND,EASTERN COAL FIELDS LIMITED [ECL],979.08,0.0,0.05,2023-01-12,2037-03-01,0.0,0.0
MINISTRY OF ROAD TRANSPORT & HIGHWAYS,ROADS & HIGHWAYS,BIHAR,NATIONAL HIGHWAYS AUTHORITY OF INDIA [NHAI],226.32,4.48,21.03,2025-01-10,2027-01-04,-3.809999999999999,-1.1399999999999997
MINISTRY OF RAILWAYS,RAILWAYS,UTTARAKHAND,RVNL - II,38953.0,28508.86,74.5,2018-01-08,2025-01-12,0.5,222.70999999999916
MINISTRY OF COAL,COAL,ODISHA,MAHANADI COALFIELDS LIMITED [MCL],3563.5,681.21,8.39,2023-01-04,2033-03-01,2.210000000000001,8.430000000000064
MINISTRY OF RAILWAYS,RAILWAYS,"MULTI-STATES (HIMACHAL PRADESH, PUNJAB)",RVNL - II,13447.0,7688.76,64.0,2015-01-04,2026-01-12,1.0,130.60000000000036
MINISTRY OF RAILWAYS,RAILWAYS,"MULTI-STATES (JHARKHAND, WEST BENGAL)",CAO/C/SER,1932.01,3.97,0.0,2025-01-07,2029-01-09,0.0,-0.5399999999999996
MINISTRY OF ROAD TRANSPORT & HIGHWAYS,ROADS & HIGHWAYS,JAMMU AND KASHMIR,NATIONAL HIGHWAYS AUTHORITY OF INDIA [NHAI],855.74,198.69,74.63,2022-01-12,2024-01-06,0.0,1.2299999999999898
MINISTRY OF RAILWAYS,RAILWAYS,"MULTI-STATES (HARYANA, HIMACHAL PRADESH)",NORTHEN RAILWAY [NR],1540.0,606.07,44.0,2018-01-02,2026-01-12,1.0,15.960000000000036
MINISTRY OF COAL,COAL,MAHARASHTRA,WESTERN COALFIELDS LIMITED [WCL],668.54,2.95,2.52,2024-01-09,2029-01-03,0.0,0.0100000000000002
MINISTRY OF COAL,COAL,WEST BENGAL,EASTERN COAL FIELDS LIMITED [ECL],1193.55,11.42,0.2299999999999999,2024-01-11,2037-03-01,0.0099999999999998,0.0
MINISTRY OF ROAD TRANSPORT & HIGHWAYS,ROADS & HIGHWAYS,PUNJAB,NATIONAL HIGHWAYS AUTHORITY OF INDIA [NHAI],1237.65,1017.51,88.82,2023-01-05,2025-01-05,0.0,37.53999999999997
MINISTRY OF COAL,COAL,ODISHA,MCL - CIL,5366.27,477.84,33.06,2024-01-03,2033-03-01,0.5900000000000034,0.4499999999999886
MINISTRY OF ROAD TRANSPORT & HIGHWAYS,ROADS & HIGHWAYS,JAMMU AND KASHMIR,NATIONAL HIGHWAYS AUTHORITY OF INDIA [NHAI],242.65,664.39,83.87,2023-01-06,2025-01-06,0.0,9.120000000000005
MINISTRY OF RAILWAYS,RAILWAYS,"MULTI-STATES (HIMACHAL PRADESH, PUNJAB)",NORTHEN RAILWAY [NR],2018.0,2398.08,85.5,1985-05-01,2025-01-12,1.5,13.789999999999964
MINISTRY OF COAL,COAL,ODISHA,MCL - CIL,1561.85,279.32,30.08,2022-01-11,2029-01-03,0.889999999999997,0.0
MINISTRY OF COAL,COAL,ODISHA,MCL - CIL,978.44,251.55,16.0,2023-01-04,2030-01-03,0.7599999999999998,0.0
MINISTRY OF RAILWAYS,RAILWAYS,"MULTI-STATES (ARUNACHAL PRADESH, ASSAM)",NORTHEAST FRONTIER RAILWAY [NFR] - II,435.0,867.76,70.0,2023-01-03,2025-01-03,2.0,14.759999999999993
MINISTRY OF ROAD TRANSPORT & HIGHWAYS,ROADS & HIGHWAYS,JAMMU AND KASHMIR,NATIONAL HIGHWAYS AUTHORITY OF INDIA [NHAI],961.0,430.82,51.02,2023-01-12,2026-01-06,2.220000000000006,18.44999999999999
MINISTRY OF COAL,COAL,MAHARASHTRA,WESTERN COALFIELDS LIMITED [WCL],237.06,168.0,93.75,2019-01-01,2021-01-03,0.2399999999999948,1.1299999999999957
MINISTRY OF RAILWAYS,RAILWAYS,ANDHRA PRADESH,SOUTH CENTRAL RAILWAY [SCR] - II,2501.0,1417.7,30.020000000000003,2013-01-09,2028-01-03,0.0100000000000015,0.0499999999999545
MINISTRY OF ROAD TRANSPORT & HIGHWAYS,ROADS & HIGHWAYS,UTTAR PRADESH,NATIONAL HIGHWAYS AUTHORITY OF INDIA [NHAI],957.62,758.67,100.0,2023-01-02,2025-01-02,0.2999999999999971,0.2699999999999818
MINISTRY OF COAL,COAL,MAHARASHTRA,WESTERN COALFIELDS LIMITED [WCL],319.75,196.86,79.83,2016-01-08,2022-01-03,0.0,0.0
MINISTRY OF RAILWAYS,RAILWAYS,MAHARASHTRA,SOUTH EAST CENTRAL RAILWAY,1886.0,809.56,66.0,2012-01-03,2027-01-03,0.0,0.0099999999999909
MINISTRY OF COAL,COAL,TELANGANA,SINGARENI COLLIERIES COMPANY LIMITED [SCCL],607.04,200.12,71.0,2019-01-05,2025-01-03,0.0,0.0600000000000022
MINISTRY OF ROAD TRANSPORT & HIGHWAYS,ROADS & HIGHWAYS,"MULTI-STATES (ANDHRA PRADESH, TAMIL NADU)",NATIONAL HIGHWAYS AUTHORITY OF INDIA [NHAI],1338.14,154.67,11.03,2025-01-09,2027-01-09,0.9599999999999992,38.51999999999998
MINISTRY OF RAILWAYS,RAILWAYS,KARNATAKA,SOUTH WESTERN RAILWAY [SWR] - II,1382.78,0.0,0.0,2026-01-07,2031-01-12,0.0,0.0
MINISTRY OF COAL,COAL,TELANGANA,SINGARENI COLLIERIES COMPANY LIMITED [SCCL],424.81,406.82,81.0,2022-01-12,2025-01-03,0.0,0.0099999999999909
MINISTRY OF ROAD TRANSPORT & HIGHWAYS,ROADS & HIGHWAYS,MAHARASHTRA,NATIONAL HIGHWAYS AUTHORITY OF INDIA [NHAI],1038.84,673.93,83.0,2023-01-07,2026-01-06,1.230000000000004,15.489999999999895
MINISTRY OF RAILWAYS,RAILWAYS,GUJARAT,WESTERN RAILWAY [WR] - II,483.88,723.52,45.0,2017-01-01,2021-01-03,0.0,7.0499999999999545
MINISTRY OF COAL,COAL,TELANGANA,SINGARENI COLLIERIES COMPANY LIMITED [SCCL],345.6,111.94,33.0,2021-01-08,2026-01-03,1.0,0.789999999999992
MINISTRY OF ROAD TRANSPORT & HIGHWAYS,ROADS & HIGHWAYS,UTTAR PRADESH,NATIONAL HIGHWAYS AUTHORITY OF INDIA [NHAI],516.16,232.93,74.22999999999999,2022-01-10,2024-01-10,0.0,0.0
MINISTRY OF COAL,COAL,TELANGANA,SINGARENI COLLIERIES COMPANY LIMITED [SCCL],484.5,477.14,97.0,2020-01-06,2026-01-03,0.0,0.0
MINISTRY OF RAILWAYS,RAILWAYS,"MULTI-STATES (MADHYA PRADESH, MAHARASHTRA)",WESTERN RAILWAY [WR] - II,1656.25,4606.71,83.0,2010-01-03,2027-01-03,0.0,0.0
MINISTRY OF COAL,COAL,TELANGANA,SINGARENI COLLIERIES COMPANY LIMITED [SCCL],442.42,253.15,63.0,2017-01-09,2025-01-03,0.0,0.8900000000000148
MINISTRY OF ROAD TRANSPORT & HIGHWAYS,ROADS & HIGHWAYS,"MULTI-STATES (ANDHRA PRADESH, TAMIL NADU)",NATIONAL HIGHWAYS AUTHORITY OF INDIA [NHAI],1924.75,947.66,99.19,2022-01-12,2024-01-12,0.0,0.0
MINISTRY OF COAL,COAL,CHHATTISGARH,SOUTH EASTERN COALFIELDS LIMITED [SECL],1725.04,16.71,40.34,2022-01-10,2033-03-01,0.0,0.0
MINISTRY OF RAILWAYS,RAILWAYS,"MULTI-STATES (GUJARAT, MADHYA PRADESH)",WESTERN RAILWAY [WR] - II,1794.0,1826.68,80.5,2014-01-01,2025-01-12,0.1999999999999886,7.0499999999999545
MINISTRY OF ROAD TRANSPORT & HIGHWAYS,ROADS & HIGHWAYS,"MULTI-STATES (MADHYA PRADESH, UTTAR PRADESH)",NATIONAL HIGHWAYS AUTHORITY OF INDIA [NHAI],665.91,533.07,96.25,2024-01-03,2026-01-03,1.0600000000000025,25.510000000000048
MINISTRY OF RAILWAYS,RAILWAYS,ODISHA,CAO/C/SER,244.99,146.07,45.0,2023-01-12,2026-01-03,0.0,0.0
MINISTRY OF RAILWAYS,RAILWAYS,"MULTI-STATES (GUJARAT, MADHYA PRADESH)",WESTERN RAILWAY [WR] - II,456.07,4166.4,55.00000000000001,2012-01-06,2027-01-02,0.0,8.639999999999418
MINISTRY OF COAL,COAL,MAHARASHTRA,WESTERN COALFIELDS LIMITED [WCL],1225.21,88.81,4.21,2024-01-04,2030-01-03,0.0,-0.0699999999999931
MINISTRY OF ROAD TRANSPORT & HIGHWAYS,ROADS & HIGHWAYS,UTTAR PRADESH,NATIONAL HIGHWAYS AUTHORITY OF INDIA [NHAI],879.26,623.64,93.8,2023-01-03,2024-01-09,2.0999999999999943,0.0
MINISTRY OF RAILWAYS,RAILWAYS,BIHAR,INDIAN RAILWAY CONSTRUCTION INTERNATIONAL LIMITED [IRCON],402.0,369.48,86.5,2011-01-01,2022-01-03,0.2399999999999948,0.2000000000000454
MINISTRY OF COAL,COAL,MAHARASHTRA,WESTERN COALFIELDS LIMITED [WCL],973.07,1.55,2.31,2024-01-06,2030-01-03,0.0,0.0
MINISTRY OF ROAD TRANSPORT & HIGHWAYS,ROADS & HIGHWAYS,"MULTI-STATES (ANDHRA PRADESH, TAMIL NADU)",NATIONAL HIGHWAYS AUTHORITY OF INDIA [NHAI],702.52,370.76,98.42,2023-01-10,2025-01-10,0.6700000000000017,0.1899999999999977
MINISTRY OF COAL,COAL,MAHARASHTRA,WESTERN COALFIELDS LIMITED [WCL],405.2,36.19,15.97,2022-01-09,2028-01-03,0.0200000000000013,1.1599999999999966
MINISTRY OF RAILWAYS,RAILWAYS,CHHATTISGARH,INDIAN RAILWAY CONSTRUCTION INTERNATIONAL LIMITED [IRCON],4970.0,5212.72,83.0,2014-01-04,2022-01-03,1.0,60.0
MINISTRY OF COAL,COAL,MAHARASHTRA,WESTERN COALFIELDS LIMITED [WCL],1024.91,217.35,27.92,2024-01-06,2029-01-03,0.0,0.3400000000000034
MINISTRY OF ROAD TRANSPORT & HIGHWAYS,ROADS & HIGHWAYS,TAMIL NADU,NATIONAL HIGHWAYS AUTHORITY OF INDIA [NHAI],449.85,1.17,100.0,2010-01-04,2012-01-04,0.0,0.0
MINISTRY OF RAILWAYS,RAILWAYS,TELANGANA,SOUTH CENTRAL RAILWAY [SCR] - II,1160.0,3073.41,72.02,2017-01-01,2027-01-03,0.0100000000000051,32.54999999999973
MINISTRY OF COAL,COAL,MAHARASHTRA,WESTERN COALFIELDS LIMITED [WCL],184.71,15.72,12.87,2021-01-03,2029-01-03,0.0399999999999991,0.0
MINISTRY OF RAILWAYS,RAILWAYS,"MULTI-STATES (GUJARAT, HARYANA, MAHARASHTRA, RAJASTHAN, UTTAR PRADESH)",DFCCIL,51101.0,124623.0,96.0,2012-01-01,2022-01-03,0.0,0.0
MINISTRY OF ROAD TRANSPORT & HIGHWAYS,ROADS & HIGHWAYS,ANDHRA PRADESH,NATIONAL HIGHWAYS AUTHORITY OF INDIA [NHAI],1877.47,246.34,98.84,2023-01-10,2025-01-11,0.0,0.1200000000000045
MINISTRY OF COAL,COAL,JHARKHAND,CCL - CIL,414.37,85.6,32.62,2020-01-02,2029-01-03,-1.5600000000000025,0.0
MINISTRY OF POWER,TRANSMISSION & DISTRIBUTION,"MULTI-STATES (RAJASTHAN, UTTAR PRADESH)",POWER GRID CORPORATION OF INDIA LIMITED [POWERGRID],5846.0,1753.8,35.09,2024-01-12,2026-01-12,3.7200000000000015,116.91999999999985
MINISTRY OF RAILWAYS,RAILWAYS,ODISHA,EAST COAST RAILWAY [ECOR] - II,1928.0,2122.08,56.00000000000001,2004-01-12,2025-01-03,0.0,2.0
MINISTRY OF POWER,TRANSMISSION & DISTRIBUTION,TAMIL NADU,POWER GRID CORPORATION OF INDIA LIMITED [POWERGRID],548.0,120.56,19.79,2025-01-01,2026-01-12,1.0700000000000005,0.0
MINISTRY OF ROAD TRANSPORT & HIGHWAYS,ROADS & HIGHWAYS,UTTAR PRADESH,NATIONAL HIGHWAYS AUTHORITY OF INDIA [NHAI],1089.41,234.6,45.52,2025-01-11,2027-01-10,2.6700000000000017,44.44
MINISTRY OF POWER,TRANSMISSION & DISTRIBUTION,KARNATAKA,POWER GRID CORPORATION OF INDIA LIMITED [POWERGRID],1354.0,284.34,27.65,2025-01-01,2027-01-06,5.149999999999999,13.539999999999964
MINISTRY OF RAILWAYS,RAILWAYS,ODISHA,EAST COAST RAILWAY [ECOR] - II,3792.0,5752.1,92.5,2001-01-03,2026-01-12,0.5,80.14000000000033
MINISTRY OF LABOUR AND EMPLOYMENT,HEALTHCARE,MAHARASHTRA,EMPLOYEE'S STATE INSURANCE COMPANY [ESIC],260.13,216.46,89.0,2009-01-06,2025-01-08,0.0,0.0
MINISTRY OF ROAD TRANSPORT & HIGHWAYS,ROADS & HIGHWAYS,MADHYA PRADESH,NHAI,355.36,223.53,84.44,2024-01-04,2026-01-04,0.0,-15.419999999999987
MINISTRY OF RAILWAYS,RAILWAYS,MAHARASHTRA,CENTRAL RAILWAY,138.48,1021.11,60.0,1999-03-01,2027-01-03,0.0,13.620000000000005
MINISTRY OF RAILWAYS,RAILWAYS,ODISHA,EAST COAST RAILWAY [ECOR] - II,200.77,37.26,5.5,2025-01-10,2028-01-07,0.0,0.0
MINISTRY OF ROAD TRANSPORT & HIGHWAYS,ROADS & HIGHWAYS,UTTAR PRADESH,NATIONAL HIGHWAYS AUTHORITY OF INDIA [NHAI],1089.41,40.76,14.499999999999998,2025-01-03,2027-01-09,0.8300000000000001,2.019999999999996
MINISTRY OF RAILWAYS,RAILWAYS,ODISHA,EAST COAST RAILWAY [ECOR] - II,300.15,2.47,10.5,2025-01-04,2028-01-11,0.0,0.0
MINISTRY OF RAILWAYS,RAILWAYS,MAHARASHTRA,CENTRAL RAILWAY [CR] - II,2538.67,5210.08,93.0,2002-01-10,2026-01-03,-5.0,29.300000000000185
MINISTRY OF RAILWAYS,RAILWAYS,ANDHRA PRADESH,EAST COAST RAILWAY [ECOR] - II,154.28,69.59,80.0,2024-01-03,2026-01-06,0.0,0.0
MINISTRY OF ROAD TRANSPORT & HIGHWAYS,ROADS & HIGHWAYS,UTTAR PRADESH,NATIONAL HIGHWAYS AUTHORITY OF INDIA [NHAI],1792.68,231.19,28.12,2025-01-01,2027-01-07,5.310000000000002,37.34
MINISTRY OF RAILWAYS,RAILWAYS,PAN INDIA,RCIL,274.39,0.0,48.0,2023-01-04,2024-01-03,0.0,0.0
MINISTRY OF RAILWAYS,RAILWAYS,"MULTI-STATES (BIHAR, JHARKHAND)",EAST CENTRAL RAILWAY [ECR] - I,12333.57,882.77,18.0,2023-01-08,2028-01-03,0.5,65.94999999999993
MINISTRY OF ROAD TRANSPORT & HIGHWAYS,ROADS & HIGHWAYS,PUNJAB,NATIONAL HIGHWAYS AUTHORITY OF INDIA [NHAI],1501.02,992.99,78.60000000000001,2023-01-02,2025-01-02,0.0,0.0
MINISTRY OF RAILWAYS,RAILWAYS,"MULTI-STATES (ASSAM, NAGALAND)",NORTHEAST FRONTIER RAILWAY [NFR],2123.7,141.06,12.5,2025-01-01,2028-01-02,2.5,19.72
MINISTRY OF RAILWAYS,RAILWAYS,ANDHRA PRADESH,SOUTH CENTRAL RAILWAY [SCR] - II,563.0,959.27,75.01,2014-01-07,2020-01-12,0.0,0.0
MINISTRY OF RAILWAYS,RAILWAYS,ODISHA,INDIAN RAILWAY,1165.89,0.0,0.0,2026-01-04,2029-01-12,0.0,0.0
MINISTRY OF ROAD TRANSPORT & HIGHWAYS,ROADS & HIGHWAYS,UTTAR PRADESH,NATIONAL HIGHWAYS AUTHORITY OF INDIA [NHAI],1753.75,416.64,57.81,2023-01-12,2026-01-06,2.0899999999999963,24.569999999999997
MINISTRY OF RAILWAYS,RAILWAYS,TELANGANA,RVNL,385.0,0.0,0.0,2017-01-07,2023-01-12,0.0,0.0
MINISTRY OF RAILWAYS,RAILWAYS,RAJASTHAN,NORTH WESTERN RAILWAY [NWR],799.64,211.61,8.0,2024-01-02,2026-01-12,0.0,79.86000000000001
MINISTRY OF RAILWAYS,RAILWAYS,TAMIL NADU,CPM/ICF,520.0,192.25,0.0,2018-01-07,2021-01-12,0.0,0.0
MINISTRY OF RAILWAYS,RAILWAYS,"MULTI-STATES (GUJARAT, RAJASTHAN)",NORTH WESTERN RAILWAY [NWR],3085.59,835.93,36.0,2024-01-02,2027-01-07,6.0,57.19999999999993
MINISTRY OF ROAD TRANSPORT & HIGHWAYS,ROADS & HIGHWAYS,PUNJAB,NATIONAL HIGHWAYS AUTHORITY OF INDIA [NHAI],1196.38,161.12,16.8,2025-01-03,2027-01-03,2.83,0.200000000000017
MINISTRY OF RAILWAYS,RAILWAYS,OFFSHORE,EAST CENTRAL RAILWAY [ECR] - I,819.0,580.51,75.0,2011-01-03,2022-01-03,0.0,0.0
MINISTRY OF ROAD TRANSPORT & HIGHWAYS,ROADS & HIGHWAYS,"MULTI-STATES (UTTAR PRADESH, UTTARAKHAND)",NATIONAL HIGHWAYS AUTHORITY OF INDIA [NHAI],1471.19,438.75,40.0,2024-01-03,2026-01-03,4.799999999999997,22.639999999999983
"DEPARTMENT OF WATER RESOURCES, RIVER DEVELOPMENT & GR",WASTE & WATER,BIHAR,NATIONAL MISSION FOR CLEAN GANGA,305.19,346.46,95.0,2018-01-03,2025-01-06,0.0,0.0
MINISTRY OF RAILWAYS,RAILWAYS,BIHAR,EAST CENTRAL RAILWAY [ECR] - I,614.0,491.56,55.7,1998-12-01,2024-01-12,0.0,0.3600000000000136
MINISTRY OF RAILWAYS,RAILWAYS,"MULTI-STATES (ASSAM, MEGHALAYA)",NORTHEAST FRONTIER RAILWAY [NFR],1304.62,1258.8,86.16,2007-01-03,2011-01-11,0.0,4.329999999999927
MINISTRY OF COAL,COAL,JHARKHAND,BHARAT COKING COAL LIMITED (BCCL,5850.83,20.32,4.18,2024-01-03,2029-01-03,0.0099999999999997,0.0
MINISTRY OF ROAD TRANSPORT & HIGHWAYS,ROADS & HIGHWAYS,JAMMU AND KASHMIR,NATIONAL HIGHWAYS AUTHORITY OF INDIA [NHAI],614.48,263.75,42.8,2022-01-02,2024-01-08,0.0,6.430000000000007
MINISTRY OF PETROLEUM & NATURAL GAS,OIL & GAS,"MULTI-STATES (ANDHRA PRADESH, CHHATTISGARH, ODISHA)",MINISTRY OF PETROLEUM AND NATURAL GAS,2212.0,539.65,35.4,2024-01-09,2027-01-09,1.3999999999999986,41.53999999999997
MINISTRY OF RAILWAYS,RAILWAYS,"MULTI-STATES (ASSAM, NAGALAND)",NORTHEAST FRONTIER RAILWAY [NFR] - II,6663.0,6522.69,45.0,2016-01-02,2025-01-03,2.0,240.38999999999945
MINISTRY OF RAILWAYS,RAILWAYS,ODISHA,CAO/C/SER,2269.49,7.14,0.0,2025-01-09,2029-01-12,0.0,0.0
MINISTRY OF ROAD TRANSPORT & HIGHWAYS,ROADS & HIGHWAYS,ANDHRA PRADESH,NATIONAL HIGHWAYS AUTHORITY OF INDIA [NHAI],1877.47,1147.49,94.9,2023-01-01,2025-01-01,0.0,1.5199999999999818
MINISTRY OF RAILWAYS,RAILWAYS,MANIPUR,NORTHEAST FRONTIER RAILWAY [NFR],14323.0,16226.02,72.7,2007-01-12,2026-01-12,0.6000000000000085,205.23999999999975
MINISTRY OF RAILWAYS,RAILWAYS,ODISHA,CAO/C/SER,1875.72,2.35,0.0,2025-01-09,2029-01-12,0.0,0.2000000000000001
MINISTRY OF ROAD TRANSPORT & HIGHWAYS,ROADS & HIGHWAYS,JAMMU AND KASHMIR,NATIONAL HIGHWAYS AUTHORITY OF INDIA [NHAI],1401.87,1029.97,87.1,2022-01-02,2024-01-06,0.0,40.51999999999998
MINISTRY OF RAILWAYS,RAILWAYS,"MULTI-STATES (JHARKHAND, ODISHA, WEST BENGAL)",SOUTH EASTERN RAILWAY [SER] - I,1459.13,9.16,0.0,2024-01-12,2029-01-12,0.0,1.58
MINISTRY OF RAILWAYS,RAILWAYS,"MULTI-STATES (BIHAR, JHARKHAND)",EASTERN RAILWAY [ER] - I,2555.0,1117.17,61.9,2022-01-03,2028-01-03,0.1000000000000014,3.5
MINISTRY OF ROAD TRANSPORT & HIGHWAYS,ROADS & HIGHWAYS,BIHAR,NHAI,1505.0,319.54,96.5,2023-01-01,2024-01-07,0.0,13.950000000000044
MINISTRY OF RAILWAYS,RAILWAYS,MEGHALAYA,NORTHEAST FRONTIER RAILWAY [NFR],8324.28,266.12,2.04,2010-01-03,2021-01-03,0.0,0.0
"DEPARTMENT OF WATER RESOURCES, RIVER DEVELOPMENT & GR",WASTE & WATER,UTTAR PRADESH,NATIONAL MISSION FOR CLEAN GANGA,842.25,208.64,83.0,2023-01-04,2025-01-04,3.0,0.0
"DEPARTMENT OF WATER RESOURCES, RIVER DEVELOPMENT & GR",WASTE & WATER,BIHAR,NATIONAL MISSION FOR CLEAN GANGA,413.29,126.67,97.0,2022-01-03,2025-01-02,0.0,0.0
MINISTRY OF ROAD TRANSPORT & HIGHWAYS,ROADS & HIGHWAYS,JAMMU AND KASHMIR,NATIONAL HIGHWAYS AUTHORITY OF INDIA [NHAI],1912.17,370.25,28.9,2022-01-08,2025-01-08,1.8999999999999984,12.829999999999984
"DEPARTMENT OF WATER RESOURCES, RIVER DEVELOPMENT & GR",WASTE & WATER,WEST BENGAL,NATIONAL MISSION FOR CLEAN GANGA,154.73,96.17,93.0,2021-01-12,2025-01-03,0.0,0.0
MINISTRY OF RAILWAYS,RAILWAYS,BIHAR,EAST CENTRAL RAILWAY [ECR] - I,1473.0,2712.19,98.2,2002-01-03,2023-01-03,0.2000000000000028,71.05000000000018
"DEPARTMENT OF WATER RESOURCES, RIVER DEVELOPMENT & GR",WASTE & WATER,UTTAR PRADESH,NATIONAL MISSION FOR CLEAN GANGA,690.71,34.79,56.00000000000001,2024-01-11,2024-01-12,5.000000000000007,0.0
MINISTRY OF ROAD TRANSPORT & HIGHWAYS,ROADS & HIGHWAYS,UTTAR PRADESH,NATIONAL HIGHWAYS AUTHORITY OF INDIA [NHAI],1394.14,587.94,62.0,2024-01-03,2026-01-03,3.140000000000001,26.41000000000008
MINISTRY OF RAILWAYS,RAILWAYS,BIHAR,EAST CENTRAL RAILWAY [ECR] - I,1605.0,1725.95,46.9,2009-01-03,2024-01-03,0.1999999999999957,14.059999999999944
"DEPARTMENT OF WATER RESOURCES, RIVER DEVELOPMENT & GR",WASTE & WATER,BIHAR,NATIONAL MISSION FOR CLEAN GANGA,824.0,396.71,56.99999999999999,2019-01-07,2025-01-12,0.0,0.0
MINISTRY OF ROAD TRANSPORT & HIGHWAYS,ROADS & HIGHWAYS,JAMMU AND KASHMIR,NATIONAL HIGHWAYS AUTHORITY OF INDIA [NHAI],827.98,25.21,0.0,2026-01-05,2028-01-05,0.0,-237.62
"DEPARTMENT OF WATER RESOURCES, RIVER DEVELOPMENT & GR",WASTE & WATER,BIHAR,NATIONAL MISSION FOR CLEAN GANGA,578.89,171.79,54.0,2019-01-07,2025-01-12,0.0,0.0
MINISTRY OF RAILWAYS,RAILWAYS,BIHAR,EAST CENTRAL RAILWAY [ECR] - I,2067.0,2115.74,75.5,2004-01-10,2020-01-03,0.2000000000000028,31.59999999999991
"DEPARTMENT OF WATER RESOURCES, RIVER DEVELOPMENT & GR",WASTE & WATER,BIHAR,NATIONAL MISSION FOR CLEAN GANGA,230.06,261.82,97.0,2018-01-03,2025-01-04,0.0,0.0
MINISTRY OF ROAD TRANSPORT & HIGHWAYS,ROADS & HIGHWAYS,JAMMU AND KASHMIR,NATIONAL HIGHWAYS AUTHORITY OF INDIA [NHAI],2919.96,1774.2,87.5,2021-01-08,2024-01-02,0.5,3.230000000000018
MINISTRY OF RAILWAYS,RAILWAYS,"MULTI-STATES (BIHAR, JHARKHAND)",EAST CENTRAL RAILWAY [ECR] - I,1626.0,2221.76,95.6,2002-01-03,2025-01-02,0.0999999999999943,6.320000000000164
MINISTRY OF ROAD TRANSPORT & HIGHWAYS,ROADS & HIGHWAYS,TELANGANA,NATIONAL HIGHWAYS AUTHORITY OF INDIA [NHAI],797.36,635.37,96.4,2022-01-10,2024-01-10,0.6000000000000085,0.07000000000005
MINISTRY OF RAILWAYS,RAILWAYS,KARNATAKA,SOUTH WESTERN RAILWAY [SWR] - II,748.86,1.15,0.3,2022-01-09,2027-01-04,0.0,0.0
MINISTRY OF RAILWAYS,RAILWAYS,"MULTI-STATES (KERALA, TAMIL NADU)",SOUTHERN RAILWAY [SR] - I,1432.0,3195.0,56.99999999999999,2016-01-03,2025-01-03,0.9999999999999858,285.23
MINISTRY OF COAL,ELECTRICITY GENERATION,ODISHA,NLC INDIA LIMITED [NLCIL],27212.96,3455.88,2.1,2024-01-01,2030-01-03,0.0,1.820000000000164
MINISTRY OF PETROLEUM & NATURAL GAS,OIL & GAS,GUJARAT,MINISTRYOFPETROLEUMNATURALGAS,328.29,217.88,85.8,2022-01-01,2025-01-08,1.7000000000000028,3.25
MINISTRY OF ROAD TRANSPORT & HIGHWAYS,ROADS & HIGHWAYS,KARNATAKA,NATIONAL HIGHWAYS AUTHORITY OF INDIA [NHAI],3496.01,604.63,99.19,2019-01-05,2021-01-11,0.0,-0.0299999999999727
MINISTRY OF RAILWAYS,RAILWAYS,ODISHA,EAST COAST RAILWAY [ECOR] - II,297.0,235.1,55.00000000000001,2014-01-01,2026-01-12,-1.0,2.3700000000000045
MINISTRY OF ROAD TRANSPORT & HIGHWAYS,ROADS & HIGHWAYS,JHARKHAND,NATIONAL HIGHWAYS AUTHORITY OF INDIA [NHAI],1007.97,439.04,78.10000000000001,2023-01-06,2025-01-06,0.0,1.25
MINISTRY OF PETROLEUM & NATURAL GAS,OIL & GAS,BIHAR,MINISTRYOFPETROLEUMNATURALGAS,389.35,121.63,62.9,2022-01-01,2025-01-04,2.1000000000000014,5.939999999999998
MINISTRY OF RAILWAYS,RAILWAYS,WEST BENGAL,EASTERN RAILWAY [ER] - I,1000.0,1066.85,76.0,2005-01-11,2027-01-02,1.5,1.7699999999999818
MINISTRY OF RAILWAYS,RAILWAYS,"MULTI-STATES (ANDHRA PRADESH, ODISHA)",RVNL - II,4803.0,6233.25,98.0,2016-01-11,2025-01-12,1.0,21.81999999999971
MINISTRY OF PETROLEUM & NATURAL GAS,OIL & GAS,ASSAM,MINISTRYOFPETROLEUMNATURALGAS,277.0,231.08,82.89999999999999,2022-01-04,2026-01-09,1.6999999999999886,4.719999999999999
MINISTRY OF ROAD TRANSPORT & HIGHWAYS,ROADS & HIGHWAYS,JHARKHAND,NATIONAL HIGHWAYS AUTHORITY OF INDIA [NHAI],1214.93,864.26,86.57000000000001,2023-01-06,2025-01-06,0.0,26.46000000000004
MINISTRY OF RAILWAYS,RAILWAYS,BIHAR,EAST CENTRAL RAILWAY [ECR] - I,735.2,589.37,84.2,1997-08-01,2024-01-12,0.0,0.0
MINISTRY OF ROAD TRANSPORT & HIGHWAYS,ROADS & HIGHWAYS,KARNATAKA,NATIONAL HIGHWAYS AUTHORITY OF INDIA [NHAI],738.37,14.28,7.290000000000001,2026-01-01,2028-01-01,-2.379999999999999,-3.630000000000001
MINISTRY OF PETROLEUM & NATURAL GAS,OIL & GAS,KARNATAKA,MINISTRY OF PETROLEUM & NATURAL GAS,463.0,318.32,84.39999999999999,2022-01-01,2025-01-12,1.3999999999999917,16.21999999999997
MINISTRY OF RAILWAYS,RAILWAYS,"MULTI-STATES (PUDUCHERRY, TAMIL NADU)",MINISTRY OF RAILWAYS,713.0,636.83,80.0,2019-01-01,2027-01-03,0.0,1.5300000000000864
MINISTRY OF POWER,ELECTRICITY GENERATION,JHARKHAND,NATIONAL THERMAL POWER CORPORATION [NTPC],18668.0,19064.59,90.2,2017-01-11,2023-01-03,1.460000000000008,374.59000000000015
MINISTRY OF PETROLEUM & NATURAL GAS,OIL & GAS,JAMMU AND KASHMIR,MINISTRYOFPETROLEUMNATURALGAS,538.0,4.3,0.6,2022-01-03,2034-09-01,0.0,-0.0200000000000004
MINISTRY OF ROAD TRANSPORT & HIGHWAYS,ROADS & HIGHWAYS,JHARKHAND,NATIONAL HIGHWAYS AUTHORITY OF INDIA [NHAI],1882.93,918.87,98.96,2022-01-04,2024-01-03,0.0,26.92999999999995
MINISTRY OF RAILWAYS,RAILWAYS,WEST BENGAL,EASTERN RAILWAY [ER] - I,1189.0,1390.59,96.9,2008-01-02,2019-01-03,0.0,0.0
MINISTRY OF PETROLEUM & NATURAL GAS,OIL & GAS,WEST BENGAL,MINISTRYOFPETROLEUMNATURALGAS,609.0,62.44,2.8000000000000003,2022-01-03,,0.0,0.019999999999996
MINISTRY OF RAILWAYS,RAILWAYS,"MULTI-STATES (ANDHRA PRADESH, TAMIL NADU)",MINISTRY OF RAILWAYS,3631.0,1298.17,16.75,2008-01-10,2025-01-09,0.25,38.47000000000003
MINISTRY OF ROAD TRANSPORT & HIGHWAYS,ROADS & HIGHWAYS,KERALA,NATIONAL HIGHWAYS AUTHORITY OF INDIA [NHAI],1187.47,715.77,65.83,2023-01-06,2025-01-06,13.119999999999996,84.07999999999993
MINISTRY OF RAILWAYS,RAILWAYS,WEST BENGAL,RVNL - II,8964.0,8733.02,87.0,2011-01-10,2025-01-12,0.4000000000000057,111.52000000000044
MINISTRY OF PETROLEUM & NATURAL GAS,OIL & GAS,MAHARASHTRA,MINISTRYOFPETROLEUMNATURALGAS,865.0,81.42,3.4000000000000004,2022-01-03,,0.0,2.75
MINISTRY OF ROAD TRANSPORT & HIGHWAYS,ROADS & HIGHWAYS,JHARKHAND,NATIONAL HIGHWAYS AUTHORITY OF INDIA [NHAI],1325.8,13.87,1.35,2026-01-02,2028-01-02,0.3500000000000001,0.0399999999999991
MINISTRY OF RAILWAYS,RAILWAYS,TAMIL NADU,MINISTRY OF RAILWAYS,734.0,486.53,99.9,2008-01-11,2025-01-07,0.0,0.0
MINISTRY OF PETROLEUM & NATURAL GAS,OIL & GAS,PUNJAB,MINISTRYOFPETROLEUMNATURALGAS,151.0,8.87,2.0,2022-01-03,2033-09-01,0.0,-0.0200000000000013
MINISTRY OF RAILWAYS,RAILWAYS,CHHATTISGARH,EAST COAST RAILWAY [ECOR] - II,1589.0,1656.54,97.6,2013-01-03,2020-01-03,0.0,0.0
MINISTRY OF ROAD TRANSPORT & HIGHWAYS,ROADS & HIGHWAYS,CHHATTISGARH,NATIONAL HIGHWAYS AUTHORITY OF INDIA [NHAI],2261.3,961.31,74.42999999999999,2024-01-02,2026-01-08,1.6599999999999966,21.969999999999917
MINISTRY OF RAILWAYS,RAILWAYS,MAHARASHTRA,CENTRAL RAILWAY [CR] - II,3445.0,3002.93,50.0,2008-01-04,2025-01-03,0.0,0.0
MINISTRY OF PETROLEUM & NATURAL GAS,OIL & GAS,ASSAM,MINISTRYOFPETROLEUMNATURALGAS,768.0,183.47,57.49999999999999,2022-01-06,2026-01-03,1.4999999999999858,8.969999999999999
MINISTRY OF ROAD TRANSPORT & HIGHWAYS,ROADS & HIGHWAYS,CHHATTISGARH,NATIONAL HIGHWAYS AUTHORITY OF INDIA [NHAI],3147.07,0.0,0.0,2026-01-04,2029-01-04,0.0,-0.03
MINISTRY OF RAILWAYS,RAILWAYS,CHHATTISGARH,INDIAN RAILWAY CONSTRUCTION INTERNATIONAL LIMITED [IRCON],3055.0,2730.19,95.15,2014-01-01,2018-01-09,0.0500000000000113,35.0
MINISTRY OF ROAD TRANSPORT & HIGHWAYS,ROADS & HIGHWAYS,MAHARASHTRA,NATIONAL HIGHWAYS AUTHORITY OF INDIA [NHAI],1241.38,785.13,100.0,2019-01-03,2021-01-03,0.0,0.0
MINISTRY OF COAL,COAL,MAHARASHTRA,WESTERN COALFIELDS LIMITED [WCL],822.88,649.83,40.63,2020-01-02,2027-01-03,0.0900000000000034,-2.839999999999918
MINISTRY OF PETROLEUM & NATURAL GAS,OIL & GAS,BIHAR,BHARAT PETROLEUM CORPORATION LIMITED [BPCL],3919.0,514.44,30.2,2022-01-12,2030-01-06,0.0999999999999978,4.360000000000071
MINISTRY OF ROAD TRANSPORT & HIGHWAYS,ROADS & HIGHWAYS,KARNATAKA,NATIONAL HIGHWAYS AUTHORITY OF INDIA [NHAI],1427.88,455.59,48.8,2025-01-03,2027-01-02,6.759999999999998,10.96999999999997
MINISTRY OF COAL,COAL,WEST BENGAL,EASTERN COAL FIELDS LIMITED [ECL],570.11,88.78,17.1,2021-01-08,2026-01-03,0.0,0.0
MINISTRY OF PETROLEUM & NATURAL GAS,OIL & GAS,BIHAR,BHARAT PETROLEUM CORPORATION LIMITED [BPCL],3638.0,478.23,33.4,2022-01-12,2030-01-03,0.0999999999999943,5.800000000000011
MINISTRY OF COAL,COAL,WEST BENGAL,EASTERN COAL FIELDS LIMITED [ECL],502.68,83.94,27.52,2018-01-08,2029-01-03,0.0,0.1400000000000005
MINISTRY OF ROAD TRANSPORT & HIGHWAYS,ROADS & HIGHWAYS,KARNATAKA,NATIONAL HIGHWAYS AUTHORITY OF INDIA [NHAI],1660.19,1359.13,94.21,2021-01-11,2023-01-11,0.0,0.3200000000001637
MINISTRY OF COAL,COAL,ODISHA,MAHANADI COALFIELDS LIMITED [MCL],3504.21,958.0,57.99999999999999,2020-01-08,2029-01-03,0.8499999999999943,0.0
MINISTRY OF PETROLEUM & NATURAL GAS,OIL & GAS,WEST BENGAL,BHARAT PETROLEUM CORPORATION LIMITED [BPCL],1017.0,229.42,43.7,2022-01-12,2030-01-03,0.1000000000000014,1.619999999999976
MINISTRY OF ROAD TRANSPORT & HIGHWAYS,ROADS & HIGHWAYS,KARNATAKA,NATIONAL HIGHWAYS AUTHORITY OF INDIA [NHAI],1363.9,115.94,20.45,2025-01-04,2027-01-04,1.1999999999999993,0.1799999999999926
MINISTRY OF COAL,COAL,ODISHA,MCL - CIL,8416.19,1774.72,35.03,2022-01-04,2030-01-03,0.490000000000002,2.740000000000009
MINISTRY OF PETROLEUM & NATURAL GAS,OIL & GAS,NAGALAND,MINISTRYOFPETROLEUMNATURALGAS,227.62,26.6,41.2,2023-01-08,2027-01-11,0.2000000000000028,0.6600000000000001
MINISTRY OF COAL,COAL,WEST BENGAL,EASTERN COAL FIELDS LIMITED [ECL],749.08,53.97,11.91,2023-01-01,2029-01-03,0.0099999999999997,0.0899999999999963
MINISTRY OF ROAD TRANSPORT & HIGHWAYS,ROADS & HIGHWAYS,KARNATAKA,NATIONAL HIGHWAYS AUTHORITY OF INDIA [NHAI],1246.15,276.78,51.17,2024-01-11,2026-01-11,5.3700000000000045,35.119999999999976
MINISTRY OF COAL,COAL,ODISHA,MAHANADI COALFIELDS LIMITED [MCL],2434.75,2004.49,82.16,2018-01-05,2027-01-03,3.1099999999999994,1.740000000000009
MINISTRY OF PETROLEUM & NATURAL GAS,OIL & GAS,JHARKHAND,MINISTRYOFPETROLEUMNATURALGAS,202.07,64.83,57.8,2023-01-02,2026-01-02,1.3000000000000045,1.0300000000000011
MINISTRY OF ROAD TRANSPORT & HIGHWAYS,ROADS & HIGHWAYS,ODISHA,NATIONAL HIGHWAYS AUTHORITY OF INDIA [NHAI],150.86,106.16,99.99,2024-01-06,2027-01-01,0.0,0.019999999999996
MINISTRY OF HOUSING & URBAN AFFAIRS,REAL ESTATE,DELHI,NATIONAL BUILDINGS CONSTRUCTION CORPORATION [NBCC],32850.0,14370.45,46.7,2018-01-05,2025-01-12,-0.0999999999999943,484.7300000000014
MINISTRY OF PETROLEUM & NATURAL GAS,OIL & GAS,HARYANA,MINISTRYOFPETROLEUMNATURALGAS,165.13,178.19,88.2,2020-01-12,2023-01-06,-3.5999999999999943,-8.449999999999989
MINISTRY OF POWER,COAL,JHARKHAND,DAMODAR VALLEY CORPORATION,1581.0,601.6,36.0,2016-01-10,2026-01-05,0.0,0.57000000000005
MINISTRY OF COAL,RAILWAYS,CHHATTISGARH,RAILWAY,1686.22,625.77,43.5,2017-01-03,2026-01-12,0.0,0.0
MINISTRY OF PETROLEUM & NATURAL GAS,OIL & GAS,MAHARASHTRA,INDIAN OIL CORPORATION LIMITED [IOCL],165.0,102.79,98.8,2022-01-08,2025-01-08,1.0,1.1700000000000017
MINISTRY OF ROAD TRANSPORT & HIGHWAYS,ROADS & HIGHWAYS,PUNJAB,NATIONAL HIGHWAYS AUTHORITY OF INDIA [NHAI],906.51,490.23,81.5,2023-01-09,2025-01-09,0.0,0.0600000000000022
MINISTRY OF PETROLEUM & NATURAL GAS,OIL & GAS,UTTAR PRADESH,MINISTRYOFPETROLEUMNATURALGAS,260.12,22.37,53.400000000000006,2022-01-04,2027-01-06,1.1000000000000083,2.2200000000000024
MINISTRY OF RAILWAYS,RAILWAYS,UTTAR PRADESH,NORTH EASTERN RAILWAY [NER],4939.78,1065.82,13.0,2017-01-03,2030-01-10,4.1,10.0
MINISTRY OF ROAD TRANSPORT & HIGHWAYS,ROADS & HIGHWAYS,ODISHA,NATIONAL HIGHWAYS AUTHORITY OF INDIA [NHAI],973.12,165.17,2.0,2026-01-02,2028-01-02,0.5,11.939999999999998
MINISTRY OF RAILWAYS,RAILWAYS,UTTAR PRADESH,NORTH EASTERN RAILWAY [NER],1319.75,522.12,4.1000000000000005,2017-01-03,2029-01-03,0.1000000000000005,29.819999999999997
MINISTRY OF PETROLEUM & NATURAL GAS,OIL & GAS,MAHARASHTRA,MINISTRYOFPETROLEUMNATURALGAS,341.43,304.75,71.7,2022-01-04,2026-01-08,0.8000000000000114,4.25
MINISTRY OF RAILWAYS,RAILWAYS,ANDHRA PRADESH,SOUTH CENTRAL RAILWAY [SCR] - II,2312.0,3119.31,55.02,2016-01-12,2027-01-05,0.009999999999998,49.96000000000004
MINISTRY OF COAL,COAL,MAHARASHTRA,WESTERN COALFIELDS LIMITED [WCL],727.28,563.23,80.77,2015-01-08,2025-01-03,0.0,-0.0199999999999818
MINISTRY OF PETROLEUM & NATURAL GAS,OIL & GAS,MAHARASHTRA,HINDUSTAN PETROLEUM CORPORATION LIMITED,240.0,152.75,92.0,2024-01-06,2026-01-04,7.0,1.710000000000008
MINISTRY OF PETROLEUM & NATURAL GAS,ENERGY STORAGE,RAJASTHAN,HINDUSTAN PETROLEUM CORPORATION LIMITED [HPCL],461.05,230.91,94.3,2023-01-12,2026-01-12,4.5,5.659999999999997
DEPARTMENT FOR PROMOTION OF INDUSTRY & INTERNAL TRADE,REAL ESTATE,TELANGANA,NATIONAL INDUSTRIAL CORRIDOR DEVELOPMENT CORPORATION,2360.0,0.0,2.16,2026-01-02,,1.86,0.0
MINISTRY OF ROAD TRANSPORT & HIGHWAYS,ROADS & HIGHWAYS,ANDHRA PRADESH,NATIONAL HIGHWAYS AUTHORITY OF INDIA [NHAI],1200.42,259.18,42.51,2024-01-02,2026-01-02,4.100000000000001,40.66
MINISTRY OF HOUSING & URBAN AFFAIRS,REAL ESTATE,ANDAMAN & NICOBAR,MINISTRY OF HOUSING AND URBAN AFFAIRS,209.88,37.35,97.0,2021-01-11,2023-01-05,0.0,0.0
MINISTRY OF POWER,ELECTRICITY GENERATION,"MULTI-STATES (ARUNACHAL PRADESH, ASSAM)",NATIONAL HYDROELECTRIC POWER CORPORATION LIMITED [NHPC],6285.33,26277.65,97.72,2005-01-01,2010-01-09,0.0799999999999983,127.33000000000176
MINISTRY OF ROAD TRANSPORT & HIGHWAYS,ROADS & HIGHWAYS,ANDHRA PRADESH,NATIONAL HIGHWAYS AUTHORITY OF INDIA [NHAI],1732.66,0.03,1.0,2026-01-03,2028-01-03,1.0,0.0
DEPARTMENT OF HIGHER EDUCATION,EDUCATION,JAMMU AND KASHMIR,"INDIAN INSTITUTE OF MANAGEMENT, JAMMU",424.93,484.52,96.0,2020-01-10,2023-01-06,0.0,0.0
"MINISTRY OF PORTS, SHIPPING AND WATERWAYS","TOURISM, HOSPITALITY & WELLNESS",GUJARAT,INDIAN PORT RAIL & ROPEWAY CORPORATION LTD. [IPRCL],573.0,624.41,78.48,2022-01-01,2024-01-03,2.3599999999999994,9.5
DEPARTMENT OF HIGHER EDUCATION,EDUCATION,HIMACHAL PRADESH,"INDIAN INSTITUTE OF MANAGEMENT, SIRMAUR",392.51,337.67,97.8,2020-01-08,2023-01-10,0.2999999999999971,0.9600000000000364
MINISTRY OF ROAD TRANSPORT & HIGHWAYS,ROADS & HIGHWAYS,"MULTI-STATES (KARNATAKA, TELANGANA)",NATIONAL HIGHWAYS AUTHORITY OF INDIA [NHAI],972.06,443.31,91.47,2023-01-01,2025-01-01,1.3400000000000034,34.910000000000025
MINISTRY OF HEALTH & FAMILY WELFARE,HEALTHCARE,UTTARAKHAND,"MEDICAL EDUCATION, MINISTRY OF HEALTH AND FAMILY WELFARE",325.0,327.08,84.0,2023-01-04,2026-01-12,0.0,2.0
MINISTRY OF POWER,ELECTRICITY GENERATION,SIKKIM,NATIONAL HYDROELECTRIC POWER CORPORATION LIMITED [NHPC],5748.04,4447.82,73.11,2020-01-03,2024-01-03,0.6000000000000085,91.67000000000009
MINISTRY OF ROAD TRANSPORT & HIGHWAYS,ROADS & HIGHWAYS,ANDHRA PRADESH,NATIONAL HIGHWAYS AUTHORITY OF INDIA [NHAI],1253.26,339.35,63.52,2024-01-02,2026-01-02,1.5,0.07000000000005
MINISTRY OF POWER,ELECTRICITY GENERATION,ARUNACHAL PRADESH,NATIONAL HYDROELECTRIC POWER CORPORATION LIMITED [NHPC],31876.39,4713.64,17.669999999999998,2023-01-02,2032-02-01,0.2399999999999984,120.60000000000036
DEPARTMENT FOR PROMOTION OF INDUSTRY & INTERNAL TRADE,LOGISTICS INFRASTRUCTURE,HARYANA,NATIONAL HIGHWAYS & INFRASTRUCTURE DEVELOPMENT CORPORATION LTD. [NHIDCL],763.0,430.0,60.0,2021-01-12,2023-01-12,0.0,0.0
MINISTRY OF HEALTH & FAMILY WELFARE,HEALTHCARE,UTTARAKHAND,"MEDICAL EDUCATION, MINISTRY OF HEALTH AND FAMILY WELFARE",325.0,274.0,60.0,2024-01-02,2026-01-12,0.0,0.0
MINISTRY OF ROAD TRANSPORT & HIGHWAYS,ROADS & HIGHWAYS,"MULTI-STATES (KARNATAKA, TELANGANA)",NATIONAL HIGHWAYS AUTHORITY OF INDIA [NHAI],1499.73,829.48,99.51,2022-01-11,2025-01-05,0.0,0.0099999999999909
MINISTRY OF HEALTH & FAMILY WELFARE,HEALTHCARE,PUNJAB,"MEDICAL EDUCATION, MINISTRY OF HEALTH AND FAMILY WELFARE",325.0,2.0,1.0,2026-01-03,2028-01-12,0.0,0.0
MINISTRY OF POWER,ELECTRICITY GENERATION,UTTARAKHAND,NATIONAL THERMAL POWER CORPORATION [NTPC],2978.0,7791.33,77.0,2006-01-11,2013-01-03,0.0,76.09000000000015
MINISTRY OF POWER,ELECTRICITY GENERATION,UTTARAKHAND,THDC INDIA LIMITED,3860.35,5608.58,80.5,2014-01-01,2022-01-12,0.5,179.22999999999956
MINISTRY OF HEALTH & FAMILY WELFARE,HEALTHCARE,PUNJAB,"MEDICAL EDUCATION, MINISTRY OF HEALTH AND FAMILY WELFARE",325.0,0.0,0.0,2027-01-07,2028-01-12,0.0,0.0
MINISTRY OF ROAD TRANSPORT & HIGHWAYS,ROADS & HIGHWAYS,ANDHRA PRADESH,NATIONAL HIGHWAYS AUTHORITY OF INDIA [NHAI],1058.9,377.91,75.63,2024-01-02,2026-01-02,1.7000000000000028,0.1400000000000432
MINISTRY OF POWER,TRANSMISSION & DISTRIBUTION,"MULTI-STATES (ARUNACHAL PRADESH, SIKKIM)",POWER GRID CORPORATION OF INDIA LIMITED [POWERGRID],4754.42,8088.57,83.5,2014-01-10,2018-01-12,0.1000000000000085,19.170000000000076
MINISTRY OF ROAD TRANSPORT & HIGHWAYS,ROADS & HIGHWAYS,KARNATAKA,NATIONAL HIGHWAYS AUTHORITY OF INDIA [NHAI],2355.56,887.73,77.72,2022-01-12,2025-01-06,1.5999999999999943,18.920000000000076
MINISTRY OF HEALTH & FAMILY WELFARE,HEALTHCARE,NAGALAND,"MEDICAL EDUCATION, MINISTRY OF HEALTH AND FAMILY WELFARE",325.0,155.0,0.0,,,0.0,0.0
MINISTRY OF POWER,ELECTRICITY GENERATION,JAMMU AND KASHMIR,NATIONAL HYDROELECTRIC POWER CORPORATION LIMITED [NHPC],8112.12,9313.54,82.05,2018-01-02,2020-01-04,1.5499999999999972,199.42000000000007
MINISTRY OF HEALTH & FAMILY WELFARE,HEALTHCARE,MADHYA PRADESH,"MEDICAL EDUCATION, MINISTRY OF HEALTH AND FAMILY WELFARE",325.0,83.41,43.0,2023-01-10,2026-01-04,0.0,0.0
MINISTRY OF POWER,ELECTRICITY GENERATION,JAMMU AND KASHMIR,NATIONAL HYDROELECTRIC POWER CORPORATION LIMITED [NHPC],4287.59,3868.72,85.5,2020-01-02,2023-01-09,2.039999999999992,135.45999999999958
MINISTRY OF ROAD TRANSPORT & HIGHWAYS,ROADS & HIGHWAYS,ANDHRA PRADESH,NATIONAL HIGHWAYS AUTHORITY OF INDIA [NHAI],416.07,110.65,98.47,2018-01-03,2019-01-06,0.0,-277.12
MINISTRY OF POWER,ELECTRICITY GENERATION,WEST BENGAL,NATIONAL THERMAL POWER CORPORATION [NTPC],1381.84,1587.33,56.16,2014-01-09,2019-01-09,1.0999999999999943,18.769999999999985
DEPARTMENT FOR PROMOTION OF INDUSTRY & INTERNAL TRADE,LOGISTICS INFRASTRUCTURE,UTTAR PRADESH,NATIONAL INDUSTRIAL CORRIDOR DEVELOPMENT CORPORATION,1480.0,0.0,0.0,2026-01-11,2030-01-03,,
MINISTRY OF MINES,METALS & MINING,MADHYA PRADESH,HINDUSTAN COPPER LIMITED [HCL],1856.36,979.15,23.5,2015-01-04,2020-01-04,-61.370000000000005,14.079999999999927
MINISTRY OF ROAD TRANSPORT & HIGHWAYS,ROADS & HIGHWAYS,"MULTI-STATES (ANDHRA PRADESH, TAMIL NADU)",NATIONAL HIGHWAYS AUTHORITY OF INDIA [NHAI],1439.77,735.0,98.89,2023-01-01,2025-01-01,0.0,0.1499999999999772
MINISTRY OF MINES,METALS & MINING,ODISHA,NATIONAL ALUMINIUM COMPANY LIMITED [NALCO],1381.0,770.23,52.2,2018-01-05,2025-01-03,0.1000000000000014,0.1499999999999772
MINISTRY OF PETROLEUM & NATURAL GAS,ENERGY STORAGE,"MULTI-STATES (KARNATAKA, TAMIL NADU)","DEPARTMENT OF WATER RESOURCES, RIVER DEVELOPMENT & GR",678.0,1140.25,83.5,2012-01-11,2017-01-02,0.9000000000000057,21.99000000000001
MINISTRY OF ROAD TRANSPORT & HIGHWAYS,ROADS & HIGHWAYS,CHHATTISGARH,NATIONAL HIGHWAYS AUTHORITY OF INDIA [NHAI],1855.59,1295.24,94.81,2022-01-03,2024-01-03,0.0,4.3599999999999
MINISTRY OF COAL,COAL,WEST BENGAL,EASTERN COAL FIELDS LIMITED [ECL],1210.12,628.68,52.04,2020-01-04,2029-01-03,6.560000000000002,9.079999999999927
MINISTRY OF PETROLEUM & NATURAL GAS,ENERGY STORAGE,ASSAM,HINDUSTAN PETROLEUM CORPORATION LIMITED [HPCL],384.04,230.16,84.2,2023-01-03,2027-01-07,1.8000000000000114,13.310000000000002
MINISTRY OF COAL,COAL,WEST BENGAL,EASTERN COAL FIELDS LIMITED [ECL],5365.88,627.89,18.47,2021-01-07,2029-01-03,0.0,4.009999999999991
MINISTRY OF ROAD TRANSPORT & HIGHWAYS,ROADS & HIGHWAYS,UTTAR PRADESH,NATIONAL HIGHWAYS AUTHORITY OF INDIA [NHAI],2002.79,1733.16,100.0,2021-01-05,2023-01-11,0.0,0.2400000000000091
MINISTRY OF PETROLEUM & NATURAL GAS,ENERGY STORAGE,ASSAM,HINDUSTAN PETROLEUM CORPORATION LIMITED,156.36,104.75,77.0,2023-01-03,2027-01-07,1.5,2.680000000000007
MINISTRY OF COAL,COAL,MADHYA PRADESH,NORTHERN COALFIELDS LIMITED [NCL],1729.68,943.02,53.73,2020-01-11,2025-01-03,4.969999999999999,14.0
MINISTRY OF ROAD TRANSPORT & HIGHWAYS,ROADS & HIGHWAYS,MAHARASHTRA,NATIONAL HIGHWAYS AUTHORITY OF INDIA [NHAI],2267.99,990.0,98.84,2019-01-01,2021-01-07,0.0,0.0
MINISTRY OF COAL,COAL,JHARKHAND,MINISTRY OF COAL,764.57,145.81,29.39,2020-01-08,2031-01-03,-2.8399999999999963,0.0
MINISTRY OF PETROLEUM & NATURAL GAS,OIL & GAS,WEST BENGAL,HINDUSTAN PETROLEUM CORPORATION LIMITED,1010.0,850.71,95.8,2022-01-11,2025-01-11,0.7999999999999972,4.389999999999986
MINISTRY OF ROAD TRANSPORT & HIGHWAYS,ROADS & HIGHWAYS,"MULTI-STATES (GUJARAT, MAHARASHTRA)",NATIONAL HIGHWAYS AUTHORITY OF INDIA [NHAI],1654.07,1357.11,97.66,2020-01-09,2022-01-09,0.0,0.1599999999998544
MINISTRY OF COAL,COAL,MAHARASHTRA,WESTERN COALFIELDS LIMITED [WCL],711.01,174.55,19.02,2021-01-10,2028-01-03,0.0,-0.0699999999999931
MINISTRY OF PETROLEUM & NATURAL GAS,OIL & GAS,ANDHRA PRADESH,HINDUSTAN PETROLEUM CORPORATION LIMITED,160.0,142.43,92.1,2021-01-09,2024-01-06,0.5,6.909999999999997
MINISTRY OF COAL,COAL,CHHATTISGARH,SOUTH EASTERN COALFIELDS LIMITED [SECL],5241.4,2918.21,39.34,2020-01-12,2029-01-03,1.3400000000000034,8.099999999999909
MINISTRY OF ROAD TRANSPORT & HIGHWAYS,ROADS & HIGHWAYS,"MULTI-STATES (UTTAR PRADESH, UTTARAKHAND)",NATIONAL HIGHWAYS AUTHORITY OF INDIA [NHAI],796.65,502.83,99.29,2022-01-11,2024-01-11,0.0,2.9499999999999886
MINISTRY OF COAL,COAL,"MULTI-STATES (MADHYA PRADESH, UTTAR PRADESH)",NORTHERN COALFIELDS LIMITED [NCL],836.42,835.51,92.05,2020-01-08,2024-01-03,2.1499999999999915,0.169999999999959
MINISTRY OF PETROLEUM & NATURAL GAS,OIL & GAS,TAMIL NADU,CHENNAI PETROLEUM CORPORATION LIMITED [CPCL],205.0,101.27,73.1,2024-01-01,2025-01-09,-1.7000000000000028,-13.600000000000009
MINISTRY OF ROAD TRANSPORT & HIGHWAYS,ROADS & HIGHWAYS,"MULTI-STATES (KARNATAKA, MAHARASHTRA)",NATIONAL HIGHWAYS AUTHORITY OF INDIA [NHAI],1370.75,275.78,49.35,2024-01-10,2026-01-10,2.3500000000000014,0.0199999999999818
"MINISTRY OF PORTS, SHIPPING AND WATERWAYS",SHIPPING,MAHARASHTRA,RELIANCE INDUSTRIES LTD,6000.0,5999.89,88.0,2020-01-01,2023-01-03,0.0,0.0
MINISTRY OF POWER,ELECTRICITY GENERATION,GUJARAT,SATLUJ JAL VIDYUT NIGAM [SJVN] THERMAL LIMITED,339.35,370.0,51.85999999999999,2021-01-05,2025-01-12,0.0,0.0
MINISTRY OF COAL,COAL,ODISHA,MAHANADI COALFIELDS LIMITED [MCL],2838.86,1713.01,52.3,2018-01-11,2029-01-03,0.2999999999999971,1.6299999999998818
MINISTRY OF ROAD TRANSPORT & HIGHWAYS,ROADS & HIGHWAYS,TAMIL NADU,NATIONAL HIGHWAYS AUTHORITY OF INDIA [NHAI],1359.81,337.16,39.38,2023-01-01,2025-01-01,1.9400000000000048,1.8900000000000432
MINISTRY OF COAL,RAILWAYS,JHARKHAND,MINISTRY OF COAL,1799.64,1713.19,71.0,2022-01-05,2025-01-06,0.0,0.0
MINISTRY OF ROAD TRANSPORT & HIGHWAYS,ROADS & HIGHWAYS,ANDHRA PRADESH,NATIONAL HIGHWAYS AUTHORITY OF INDIA [NHAI],912.94,333.4,86.22999999999999,2024-01-02,2026-01-02,1.2199999999999989,0.25
MINISTRY OF COAL,COAL,CHHATTISGARH,SOUTH EASTERN COALFIELDS LIMITED [SECL],11816.4,6922.36,78.48,2016-01-03,2023-01-03,0.0,16.899999999999636
DEPARTMENT FOR PROMOTION OF INDUSTRY & INTERNAL TRADE,REAL ESTATE,UTTAR PRADESH,NATIONAL INDUSTRIAL CORRIDOR DEVELOPMENT CORPORATION,658.0,0.0,11.53,2025-01-12,2027-01-06,5.029999999999999,0.0
MINISTRY OF COAL,COAL,JHARKHAND,BHARAT COKING COAL LIMITED (BCCL,1230.27,742.8,82.62,2011-01-08,2019-01-03,0.1700000000000017,32.99000000000001
MINISTRY OF ROAD TRANSPORT & HIGHWAYS,ROADS & HIGHWAYS,KARNATAKA,NATIONAL HIGHWAYS AUTHORITY OF INDIA [NHAI],1340.15,922.0,91.45,2023-01-05,2025-01-05,0.0,24.33000000000004
MINISTRY OF PETROLEUM & NATURAL GAS,OIL & GAS,"MULTI-STATES (PUNJAB, RAJASTHAN)",BHARAT PETROLEUM CORPORATION LIMITED [BPCL],3207.0,418.05,30.9,2022-01-12,2030-01-06,0.0999999999999978,3.5300000000000296
MINISTRY OF ROAD TRANSPORT & HIGHWAYS,ROADS & HIGHWAYS,MADHYA PRADESH,NATIONAL HIGHWAYS AUTHORITY OF INDIA [NHAI],178.18,142.2,57.14,2021-01-07,2023-01-07,0.0,0.0
MINISTRY OF STEEL,STEEL,JHARKHAND,STEEL AUTHORITY OF INDIA LIMITED [SAIL],1034.01,1006.59,64.0,2015-01-10,2017-01-10,4.219999999999999,26.350000000000023
MINISTRY OF PETROLEUM & NATURAL GAS,OIL & GAS,ASSAM,MINISTRY OF PETROLEUM & NATURAL GAS,198.7,103.56,60.4,2023-01-09,2026-01-05,4.699999999999996,7.340000000000003
MINISTRY OF POWER,ELECTRICITY GENERATION,WEST BENGAL,DAMODAR VALLEY CORPORATION,17673.0,2043.87,10.0,2025-01-02,2029-01-06,0.5999999999999996,93.61999999999988
MINISTRY OF COAL,COAL,JHARKHAND,MINISTRY OF COAL,674.65,433.64,46.25,2022-01-01,2032-03-01,-7.219999999999999,0.0
MINISTRY OF PETROLEUM & NATURAL GAS,OIL & GAS,OFFSHORE,MINISTRY OF PETROLEUM & NATURAL GAS,2379.84,2923.49,98.7,2024-01-06,2026-01-02,1.1000000000000083,268.9899999999998
MINISTRY OF ROAD TRANSPORT & HIGHWAYS,ROADS & HIGHWAYS,MADHYA PRADESH,NATIONAL HIGHWAYS AUTHORITY OF INDIA [NHAI],652.33,482.93,88.0,2023-01-03,2025-01-03,0.0,14.329999999999984
MINISTRY OF COAL,COAL,JHARKHAND,MINISTRY OF COAL,849.31,289.45,22.38,2022-01-01,2029-01-03,-1.1900000000000013,0.0
MINISTRY OF ROAD TRANSPORT & HIGHWAYS,ROADS & HIGHWAYS,MADHYA PRADESH,NATIONAL HIGHWAYS AUTHORITY OF INDIA [NHAI],903.44,108.89,30.01,2025-01-11,2027-01-11,4.990000000000002,4.299999999999997
MINISTRY OF PETROLEUM & NATURAL GAS,OIL & GAS,OFFSHORE,MINISTRY OF PETROLEUM & NATURAL GAS,2329.45,1923.61,95.4,2022-01-06,2026-01-05,2.700000000000003,310.4499999999998
MINISTRY OF PETROLEUM & NATURAL GAS,ENERGY STORAGE,"MULTI-STATES (GUJARAT, HARYANA, RAJASTHAN)",MINISTRY OF PETROLEUM & NATURAL GAS,9028.0,7456.3,92.7,2021-01-12,2024-01-12,1.2999999999999972,295.4800000000005
DEPARTMENT OF SPORTS,EDUCATION,MANIPUR,DEPARTMENT OF SPORTS & YOUTH AFFAIRS,906.47,575.68,97.05,2022-01-01,2024-01-08,0.0499999999999971,1.5599999999999454
MINISTRY OF PETROLEUM & NATURAL GAS,OIL & GAS,ASSAM,MINISTRY OF PETROLEUM & NATURAL GAS,481.03,235.68,54.7,2023-01-01,2026-01-04,0.6000000000000014,0.3100000000000023
MINISTRY OF ROAD TRANSPORT & HIGHWAYS,ROADS & HIGHWAYS,MADHYA PRADESH,NATIONAL HIGHWAYS AUTHORITY OF INDIA [NHAI],618.33,24.57,8.51,2025-01-12,2027-01-12,-3.5600000000000005,-28.56
MINISTRY OF PETROLEUM & NATURAL GAS,OIL & GAS,GUJARAT,OIL AND NATURAL GAS CORPORATION LIMITED [ONGC],885.63,1022.45,89.2,2021-01-08,2027-01-03,1.7000000000000028,32.3900000000001
MINISTRY OF ROAD TRANSPORT & HIGHWAYS,ROADS & HIGHWAYS,CHHATTISGARH,NATIONAL HIGHWAYS AUTHORITY OF INDIA [NHAI],1368.19,673.52,98.39,2022-01-09,2024-01-09,0.0,19.18999999999994
MINISTRY OF ROAD TRANSPORT & HIGHWAYS,ROADS & HIGHWAYS,MADHYA PRADESH,NATIONAL HIGHWAYS AUTHORITY OF INDIA [NHAI],794.7,69.49,26.950000000000003,2025-01-10,2027-01-10,1.8300000000000016,0.1599999999999966
"DEPARTMENT OF WATER RESOURCES, RIVER DEVELOPMENT & GR",WATER RESOURCES,ANDHRA PRADESH,WATER RESOURCES-AP,353.05,872.65,95.88,2006-01-01,2019-01-12,0.0,0.0
"DEPARTMENT OF WATER RESOURCES, RIVER DEVELOPMENT & GR",WATER RESOURCES,ANDHRA PRADESH,WATER RESOURCES-AP,397.41,624.78,98.3,2005-01-04,2019-01-12,0.0,5.319999999999936
MINISTRY OF PETROLEUM & NATURAL GAS,OIL & GAS,GUJARAT,OIL AND NATURAL GAS CORPORATION LIMITED [ONGC],1487.41,940.5,64.0,2022-01-08,2027-01-03,0.0,0.0
MINISTRY OF ROAD TRANSPORT & HIGHWAYS,ROADS & HIGHWAYS,UTTAR PRADESH,NATIONAL HIGHWAYS AUTHORITY OF INDIA [NHAI],1632.93,338.64,53.75,2025-01-02,2027-01-02,3.500000000000007,16.139999999999986
"DEPARTMENT OF WATER RESOURCES, RIVER DEVELOPMENT & GR",WATER RESOURCES,TELANGANA,IRRIGATION AND CAD-TG,736.13,971.47,97.0,2005-01-04,2019-01-12,0.0,0.0
MINISTRY OF PETROLEUM & NATURAL GAS,OIL & GAS,GUJARAT,OIL AND NATURAL GAS CORPORATION LIMITED [ONGC],173.03,164.89,94.2,2021-01-07,2025-01-07,0.7000000000000028,0.0299999999999727
"DEPARTMENT OF WATER RESOURCES, RIVER DEVELOPMENT & GR",WATER RESOURCES,TELANGANA,IRRIGATION AND CAD-TG,1331.3,4491.08,92.0,2006-01-01,2019-01-12,0.0,0.0
MINISTRY OF ROAD TRANSPORT & HIGHWAYS,ROADS & HIGHWAYS,UTTAR PRADESH,NATIONAL HIGHWAYS AUTHORITY OF INDIA [NHAI],1663.38,544.81,16.75,2025-01-03,2027-01-03,1.0,10.159999999999968
"DEPARTMENT OF WATER RESOURCES, RIVER DEVELOPMENT & GR",WATER RESOURCES,CHHATTISGARH,WATER RESOURCES-CT,459.97,618.85,72.0,2008-01-04,2019-01-12,0.0,0.0
MINISTRY OF PETROLEUM & NATURAL GAS,OIL & GAS,GUJARAT,OIL AND NATURAL GAS CORPORATION LIMITED [ONGC],249.43,217.49,97.3,2022-01-05,2025-01-02,0.2000000000000028,6.990000000000009
MINISTRY OF ROAD TRANSPORT & HIGHWAYS,ROADS & HIGHWAYS,"MULTI-STATES (MADHYA PRADESH, UTTAR PRADESH)",NATIONAL HIGHWAYS AUTHORITY OF INDIA [NHAI],996.5,137.19,33.27,2025-01-09,2027-01-09,2.3800000000000026,-25.65000000000001
"DEPARTMENT OF WATER RESOURCES, RIVER DEVELOPMENT & GR",WATER RESOURCES,MADHYA PRADESH,WATER RESOURCES-MP,751.03,814.02,75.0,2009-01-01,2019-01-12,0.0,0.0
MINISTRY OF PETROLEUM & NATURAL GAS,OIL & GAS,OFFSHORE,OIL AND NATURAL GAS CORPORATION LIMITED [ONGC],4144.41,6140.56,99.9,2022-01-06,2025-01-10,0.0,4.130000000000109
MINISTRY OF PETROLEUM & NATURAL GAS,OIL & GAS,GUJARAT,OIL AND NATURAL GAS CORPORATION LIMITED [ONGC],837.34,449.47,68.8,2022-01-11,2026-01-08,1.0999999999999943,3.580000000000041
MINISTRY OF RAILWAYS,RAILWAYS,ODISHA,EAST COAST RAILWAY [ECOR] - II,186.21,103.1,88.0,2022-01-06,2024-01-12,0.0,2.1299999999999955
MINISTRY OF PETROLEUM & NATURAL GAS,OIL & GAS,OFFSHORE,MINISTRY OF PETROLEUM & NATURAL GAS,6183.79,1722.0,42.7,2023-01-05,2027-01-04,2.299999999999997,167.0
MINISTRY OF RAILWAYS,RAILWAYS,ODISHA,EAST COAST RAILWAY [ECOR] - II,210.0,40.56,52.0,2022-01-06,2024-01-12,0.0,1.25
MINISTRY OF ROAD TRANSPORT & HIGHWAYS,ROADS & HIGHWAYS,ODISHA,NATIONAL HIGHWAYS AUTHORITY OF INDIA [NHAI],1492.74,1050.21,99.9,2022-01-10,2024-01-10,2.430000000000007,17.430000000000064
MINISTRY OF ROAD TRANSPORT & HIGHWAYS,ROADS & HIGHWAYS,ANDHRA PRADESH,NATIONAL HIGHWAYS AUTHORITY OF INDIA [NHAI],1112.7,823.69,99.26,2022-01-02,2024-01-02,0.0,1.0100000000001046
MINISTRY OF RAILWAYS,RAILWAYS,ODISHA,SOUTH EASTERN RAILWAY [SER] - I,808.99,743.46,40.0,2021-01-10,2025-01-10,2.0,42.31000000000006
MINISTRY OF ROAD TRANSPORT & HIGHWAYS,ROADS & HIGHWAYS,ODISHA,NATIONAL HIGHWAYS AUTHORITY OF INDIA [NHAI],1265.59,869.4,99.04,2022-01-06,2024-01-05,0.0800000000000125,-5.590000000000032
MINISTRY OF CIVIL AVIATION,AVIATION & AVIATION INFRASTRUCTURE,LADAKH,AIRPORT AUTHORITY OF INDIA [AAI],480.0,506.13,79.2,2018-01-09,2021-01-09,0.2999999999999971,4.319999999999993
MINISTRY OF RAILWAYS,RAILWAYS,BIHAR,EAST CENTRAL RAILWAY [ECR] - I,588.18,2.38,0.1,2023-01-03,2028-01-03,0.0,0.0
MINISTRY OF PETROLEUM & NATURAL GAS,ENERGY STORAGE,"MULTI-STATES (GUJARAT, MADHYA PRADESH, UTTAR PRADESH)",MINISTRY OF PETROLEUM & NATURAL GAS,10088.0,8585.71,95.4,2018-01-12,2021-01-12,0.2000000000000028,56.1299999999992
MINISTRY OF ROAD TRANSPORT & HIGHWAYS,ROADS & HIGHWAYS,MADHYA PRADESH,NATIONAL HIGHWAYS AUTHORITY OF INDIA [NHAI],917.26,499.13,75.61,2024-01-03,2026-01-03,1.0499999999999972,7.1200000000000045
MINISTRY OF POWER,TRANSMISSION & DISTRIBUTION,"MULTI-STATES (ANDHRA PRADESH, TELANGANA)",POWER GRID CORPORATION OF INDIA LIMITED [POWERGRID],3546.94,3532.75,99.69,2023-01-03,2024-01-11,0.0,0.0
DEPARTMENT OF TELECOMMUNICATIONS,TELECOMMUNICATION,PAN INDIA,DEPARTMENT OF TELECOMMUNICATIONS [DOT],26316.0,9791.8,85.0,2022-01-07,2024-01-06,1.0,0.0
MINISTRY OF ROAD TRANSPORT & HIGHWAYS,ROADS & HIGHWAYS,ODISHA,NATIONAL HIGHWAYS AUTHORITY OF INDIA [NHAI],1539.75,978.89,95.59,2022-01-05,2024-01-05,0.7800000000000011,-2.409999999999968
MINISTRY OF COAL,COAL,JHARKHAND,ECL - CIL,859.41,455.25,63.22,2022-01-08,2029-01-03,0.0,0.0
MINISTRY OF PETROLEUM & NATURAL GAS,OIL & GAS,ASSAM,NRL,293.5,81.84,99.0,2023-01-04,2024-01-12,0.0,0.0
MINISTRY OF RAILWAYS,RAILWAYS,MAHARASHTRA,CENTRAL RAILWAY,492.76,542.26,25.0,2023-01-04,2026-01-12,0.0,22.970000000000027
MINISTRY OF ROAD TRANSPORT & HIGHWAYS,ROADS & HIGHWAYS,"MULTI-STATES (CHHATTISGARH, ODISHA)",NATIONAL HIGHWAYS AUTHORITY OF INDIA [NHAI],477.76,297.98,99.95,2022-01-03,2024-01-03,0.0,0.0
MINISTRY OF PETROLEUM & NATURAL GAS,OIL & GAS,ASSAM,NRL,370.0,299.25,78.60000000000001,2021-01-08,2024-01-07,2.300000000000012,17.939999999999998
MINISTRY OF RAILWAYS,RAILWAYS,"MULTI-STATES (GUJARAT, RAJASTHAN)",NORTH WESTERN RAILWAY [NWR],2798.0,2569.32,37.0,2022-01-07,2030-01-07,0.0,130.0
MINISTRY OF ROAD TRANSPORT & HIGHWAYS,ROADS & HIGHWAYS,MADHYA PRADESH,NATIONAL HIGHWAYS AUTHORITY OF INDIA [NHAI],911.24,502.56,79.80000000000001,2024-01-03,2026-01-03,2.800000000000012,7.079999999999984
MINISTRY OF RAILWAYS,RAILWAYS,KARNATAKA,SOUTH WESTERN RAILWAY [SWR] - II,749.0,0.94,0.0,2025-01-12,2028-01-04,-0.3,0.0
DEPARTMENT OF TELECOMMUNICATIONS,TELECOMMUNICATION,DELHI,NATIONAL COMMUNICATION ACADEMY - FINANCE [ERSTWHILE NICF],248.2,237.39,98.0,2018-01-04,2020-01-02,0.0,0.0
MINISTRY OF ROAD TRANSPORT & HIGHWAYS,ROADS & HIGHWAYS,CHHATTISGARH,NATIONAL HIGHWAYS AUTHORITY OF INDIA [NHAI],1307.16,480.24,64.89,2023-01-10,2025-01-10,1.230000000000004,24.019999999999985
MINISTRY OF COAL,COAL,MAHARASHTRA,WESTERN COALFIELDS LIMITED [WCL],580.61,112.17,33.910000000000004,2022-01-05,2028-01-03,0.0,0.0
MINISTRY OF PETROLEUM & NATURAL GAS,ENERGY STORAGE,TRIPURA,INDIAN OIL CORPORATION LIMITED [IOCL],656.0,541.81,97.7,2022-01-06,2025-01-09,0.7000000000000028,4.639999999999986
DEPARTMENT OF TELECOMMUNICATIONS,TELECOMMUNICATION,PAN INDIA,BSNL,24544.55,8472.04,98.34,2023-01-06,2025-01-06,0.1099999999999994,0.0
MINISTRY OF PETROLEUM & NATURAL GAS,ENERGY STORAGE,TAMIL NADU,MINISTRY OF PETROLEUM & NATURAL GAS,829.0,378.18,78.0,2022-01-01,2026-01-05,1.7999999999999972,27.970000000000027
MINISTRY OF ROAD TRANSPORT & HIGHWAYS,ROADS & HIGHWAYS,CHHATTISGARH,NATIONAL HIGHWAYS AUTHORITY OF INDIA [NHAI],1470.73,756.12,100.0,2023-01-01,2025-01-01,1.0,0.07000000000005
DEPARTMENT OF TELECOMMUNICATIONS,TELECOMMUNICATION,PAN INDIA,BSNL,645.13,377.59,92.1,2023-01-05,2024-01-08,0.0,0.0
MINISTRY OF RAILWAYS,RAILWAYS,ODISHA,EAST COAST RAILWAY [ECOR] - II,168.32,69.85,82.0,2022-01-07,2025-01-03,0.0,0.0
MINISTRY OF ROAD TRANSPORT & HIGHWAYS,ROADS & HIGHWAYS,MADHYA PRADESH,NATIONAL HIGHWAYS AUTHORITY OF INDIA [NHAI],612.94,341.9,76.1,2024-01-03,2026-01-03,0.0,14.75
"DEPARTMENT OF WATER RESOURCES, RIVER DEVELOPMENT & GR",WATER RESOURCES,MADHYA PRADESH,WATER RESOURCES-MP,1229.15,2203.81,81.52000000000001,2007-01-04,2019-01-12,0.1000000000000085,13.759999999999764
MINISTRY OF ROAD TRANSPORT & HIGHWAYS,ROADS & HIGHWAYS,MADHYA PRADESH,NATIONAL HIGHWAYS AUTHORITY OF INDIA [NHAI],1005.59,111.98,27.74,2025-01-10,2027-01-10,6.899999999999999,0.2199999999999988
MINISTRY OF PETROLEUM & NATURAL GAS,OIL & GAS,OFFSHORE,OIL AND NATURAL GAS CORPORATION LIMITED [ONGC],3190.69,3123.2,90.0,2015-01-12,2018-01-04,0.0,0.0
MINISTRY OF PETROLEUM & NATURAL GAS,OIL & GAS,GUJARAT,OIL AND NATURAL GAS CORPORATION LIMITED [ONGC],621.4,232.14,45.2,2022-01-01,2024-01-11,3.200000000000003,9.339999999999977
MINISTRY OF RAILWAYS,RAILWAYS,GUJARAT,WESTERN RAILWAY [WR] - II,437.21,117.95,22.0,2025-01-07,2028-01-06,1.0,0.0799999999999983
MINISTRY OF COAL,COAL,JHARKHAND,MINISTRY OF COAL,2821.07,186.02,27.51,2021-01-05,2031-01-03,-1.34,0.8300000000000125
MINISTRY OF ROAD TRANSPORT & HIGHWAYS,ROADS & HIGHWAYS,MADHYA PRADESH,NATIONAL HIGHWAYS AUTHORITY OF INDIA [NHAI],1032.3,73.97,11.05,2025-01-11,2027-01-11,2.0900000000000016,29.19
MINISTRY OF COAL,COAL,JHARKHAND,MINISTRY OF COAL,5136.15,1326.08,43.580000000000005,2020-01-02,2028-01-03,-0.8699999999999974,0.0699999999999363
MINISTRY OF RAILWAYS,RAILWAYS,GUJARAT,RAILWAY,461.91,186.9,8.0,2023-01-10,2030-01-06,0.0,0.1200000000000045
MINISTRY OF COAL,COAL,JHARKHAND,MINISTRY OF COAL,510.85,488.71,76.99000000000001,2009-01-12,2016-01-03,-1.259999999999991,0.0
MINISTRY OF ROAD TRANSPORT & HIGHWAYS,ROADS & HIGHWAYS,KARNATAKA,NATIONAL HIGHWAYS AUTHORITY OF INDIA [NHAI],626.01,111.79,36.4,2024-01-08,2026-01-07,-1.6800000000000068,-0.4199999999999875
MINISTRY OF RAILWAYS,RAILWAYS,ODISHA,EAST COAST RAILWAY [ECOR] - II,190.0,3.4,5.0,2025-01-05,2027-01-09,0.0,0.0
MINISTRY OF COAL,COAL,MADHYA PRADESH,NORTHERN COALFIELDS LIMITED [NCL],998.71,520.97,50.39,2019-01-07,2023-01-03,0.3900000000000005,2.800000000000068
MINISTRY OF ROAD TRANSPORT & HIGHWAYS,ROADS & HIGHWAYS,MADHYA PRADESH,NATIONAL HIGHWAYS AUTHORITY OF INDIA [NHAI],200.99,109.85,93.93,2024-01-08,2026-01-08,-4.329999999999998,-16.870000000000005
MINISTRY OF PETROLEUM & NATURAL GAS,OIL & GAS,ODISHA,MINISTRYOFPETROLEUMNATURALGAS,393.54,228.19,82.6,2021-01-04,2026-01-03,-0.9000000000000057,-4.110000000000014
MINISTRY OF COAL,COAL,ODISHA,MAHANADI COALFIELDS LIMITED [MCL],1693.81,1330.06,45.73,2021-01-05,2032-04-01,0.1599999999999966,0.9199999999998454
MINISTRY OF ROAD TRANSPORT & HIGHWAYS,ROADS & HIGHWAYS,KARNATAKA,NATIONAL HIGHWAYS AUTHORITY OF INDIA [NHAI],1167.52,843.6,99.5,2021-01-01,2023-01-01,0.0,0.0
MINISTRY OF COAL,COAL,ODISHA,MAHANADI COALFIELDS LIMITED [MCL],5194.95,3491.21,60.27,2021-01-02,2029-01-03,0.7700000000000031,0.8299999999999272
MINISTRY OF PETROLEUM & NATURAL GAS,OIL & GAS,KERALA,MINISTRYOFPETROLEUMNATURALGAS,4460.0,844.85,36.2,2023-01-12,2027-01-10,4.0,25.950000000000045
MINISTRY OF PETROLEUM & NATURAL GAS,OIL & GAS,GUJARAT,OIL AND NATURAL GAS CORPORATION LIMITED [ONGC],1162.56,1113.19,95.9,2017-01-02,2026-01-03,0.0,-39.319999999999936
MINISTRY OF ROAD TRANSPORT & HIGHWAYS,ROADS & HIGHWAYS,GUJARAT,NATIONAL HIGHWAYS AUTHORITY OF INDIA [NHAI],819.14,188.7,100.0,2019-01-02,2021-01-09,0.0,0.0
MINISTRY OF PETROLEUM & NATURAL GAS,OIL & GAS,MADHYA PRADESH,MINISTRYOFPETROLEUMNATURALGAS,43367.0,5115.7,27.9,2023-01-05,2028-01-05,2.3999999999999986,313.0
MINISTRY OF PETROLEUM & NATURAL GAS,OIL & GAS,MAHARASHTRA,MINISTRY OF PETROLEUM & NATURAL GAS,8797.0,8113.66,91.1,2021-01-04,2025-01-04,0.3999999999999915,110.0
MINISTRY OF ROAD TRANSPORT & HIGHWAYS,ROADS & HIGHWAYS,MADHYA PRADESH,NATIONAL HIGHWAYS AUTHORITY OF INDIA [NHAI],521.21,196.17,63.79,2023-01-10,2025-01-10,0.1700000000000017,0.0
MINISTRY OF PETROLEUM & NATURAL GAS,OIL & GAS,GUJARAT,OIL AND NATURAL GAS CORPORATION LIMITED [ONGC],631.03,617.71,91.0,2021-01-04,2025-01-03,1.0,4.740000000000009
MINISTRY OF PETROLEUM & NATURAL GAS,OIL & GAS,MAHARASHTRA,BHARAT PETROLEUM CORPORATION LIMITED [BPCL],2585.0,1349.7,83.0,2023-01-05,2026-01-05,2.3999999999999915,61.28999999999997
MINISTRY OF PETROLEUM & NATURAL GAS,OIL & GAS,PUNJAB,HINDUSTAN PETROLEUM CORPORATION LIMITED [HPCL],1421.46,1266.71,95.8,2020-01-05,2023-01-02,0.0,3.1000000000001364
MINISTRY OF ROAD TRANSPORT & HIGHWAYS,ROADS & HIGHWAYS,MAHARASHTRA,NATIONAL HIGHWAYS AUTHORITY OF INDIA [NHAI],1236.08,900.78,96.22,2019-01-03,2021-01-03,0.019999999999996,1.17999999999995
MINISTRY OF PETROLEUM & NATURAL GAS,OIL & GAS,TAMIL NADU,BHARAT PETROLEUM CORPORATION LIMITED [BPCL],3685.0,295.61,25.5,2022-01-12,2030-01-03,0.1000000000000014,6.949999999999989
MINISTRY OF COAL,COAL,JHARKHAND,EASTERN COAL FIELDS LIMITED [ECL],513.99,240.12,53.03,2018-01-08,2026-01-03,0.0,0.2400000000000091
MINISTRY OF ROAD TRANSPORT & HIGHWAYS,ROADS & HIGHWAYS,ANDHRA PRADESH,NATIONAL HIGHWAYS AUTHORITY OF INDIA [NHAI],1863.09,1490.28,98.6,2022-01-01,2024-01-01,0.0,2.240000000000009
MINISTRY OF COAL,COAL,WEST BENGAL,EASTERN COAL FIELDS LIMITED [ECL],888.99,142.98,31.52,2020-01-11,2026-01-03,0.0,0.4299999999999784
MINISTRY OF PETROLEUM & NATURAL GAS,OIL & GAS,UTTAR PRADESH,BHARAT PETROLEUM CORPORATION LIMITED [BPCL],16654.0,723.54,18.4,2022-01-12,2030-01-06,0.5,9.769999999999982
MINISTRY OF COAL,COAL,JHARKHAND,MINISTRY OF COAL,713.35,236.58,10.19,2020-01-11,2027-01-03,0.0,0.0
MINISTRY OF POWER,ELECTRICITY GENERATION,JAMMU AND KASHMIR,NATIONAL HYDROELECTRIC POWER CORPORATION LIMITED [NHPC],5281.94,1622.1,30.4,2022-01-01,2026-01-02,0.5499999999999972,55.70999999999981
MINISTRY OF ROAD TRANSPORT & HIGHWAYS,ROADS & HIGHWAYS,MADHYA PRADESH,NATIONAL HIGHWAYS AUTHORITY OF INDIA [NHAI],1146.22,626.02,98.21,2021-01-10,2023-01-10,0.0,0.0099999999999909
MINISTRY OF COAL,COAL,JHARKHAND,MINISTRY OF COAL,1020.42,85.34,22.54,2021-01-01,2028-01-03,-0.3000000000000007,0.4000000000000057
MINISTRY OF ROAD TRANSPORT & HIGHWAYS,ROADS & HIGHWAYS,"MULTI-STATES (HARYANA, UTTAR PRADESH)",NATIONAL HIGHWAYS AUTHORITY OF INDIA [NHAI],939.17,182.25,10.95,2025-01-08,2027-01-08,3.4499999999999997,35.77000000000001
MINISTRY OF PETROLEUM & NATURAL GAS,OIL & GAS,ANDHRA PRADESH,OIL AND NATURAL GAS CORPORATION LIMITED [ONGC],34012.0,33006.7,96.6,2016-01-03,2020-01-06,0.0999999999999943,0.0
MINISTRY OF PETROLEUM & NATURAL GAS,OIL & GAS,TRIPURA,OIL AND NATURAL GAS CORPORATION LIMITED [ONGC],209.33,79.98,69.0,2022-01-03,2024-01-05,-1.5,0.0
MINISTRY OF STEEL,STEEL,KARNATAKA,NATIONAL MINERAL DEVELOPMENT CORPORATION LIMITED [NMDC],1043.63,628.29,65.0,2024-01-06,2026-01-08,1.8999999999999984,18.49000000000001
MINISTRY OF ROAD TRANSPORT & HIGHWAYS,ROADS & HIGHWAYS,MADHYA PRADESH,NATIONAL HIGHWAYS AUTHORITY OF INDIA [NHAI],710.92,467.33,93.31,2024-01-08,2026-01-08,5.660000000000011,35.339999999999975
MINISTRY OF COAL,COAL,JHARKHAND,MINISTRY OF COAL,2660.0,17.03,16.77,2024-01-03,2032-03-01,0.0,0.9299999999999996
MINISTRY OF MINES,METALS & MINING,TAMIL NADU,NATIONAL ALUMINIUM COMPANY LIMITED [NALCO],166.0,135.0,66.73,2017-01-12,2025-01-03,0.0,0.0
MINISTRY OF ROAD TRANSPORT & HIGHWAYS,ROADS & HIGHWAYS,UTTAR PRADESH,NATIONAL HIGHWAYS AUTHORITY OF INDIA [NHAI],1226.64,769.4,100.0,2019-01-02,2022-01-06,0.0,110.23000000000002
MINISTRY OF COAL,COAL,JHARKHAND,MINISTRY OF COAL,973.5,440.75,25.03,2020-01-08,2032-03-01,0.1700000000000017,0.0
MINISTRY OF MINES,METALS & MINING,ODISHA,NATIONAL ALUMINIUM COMPANY LIMITED [NALCO],483.0,446.16,93.0,2019-01-11,2025-01-05,0.6500000000000057,0.0
MINISTRY OF COAL,COAL,JHARKHAND,MINISTRY OF COAL,861.06,456.48,45.52,2020-01-08,2032-03-01,-2.43,0.5300000000000296
MINISTRY OF ROAD TRANSPORT & HIGHWAYS,ROADS & HIGHWAYS,MADHYA PRADESH,NATIONAL HIGHWAYS AUTHORITY OF INDIA [NHAI],790.78,454.54,98.64,2022-01-04,2024-01-04,0.0,-0.2299999999999613
MINISTRY OF MINES,METALS & MINING,ODISHA,NATIONAL ALUMINIUM COMPANY LIMITED [NALCO],4103.0,4920.25,94.7,2017-01-04,2022-01-12,0.5,32.64999999999964
MINISTRY OF STEEL,STEEL,CHHATTISGARH,NATIONAL MINERAL DEVELOPMENT CORPORATION LIMITED [NMDC],2718.84,1534.42,82.63000000000001,2021-01-10,2026-01-01,0.4600000000000079,9.810000000000173
MINISTRY OF ROAD TRANSPORT & HIGHWAYS,ROADS & HIGHWAYS,MADHYA PRADESH,NATIONAL HIGHWAYS AUTHORITY OF INDIA [NHAI],524.84,371.08,91.5,2022-01-11,2024-01-11,3.5,2.519999999999982
MINISTRY OF COAL,COAL,JHARKHAND,NLC INDIA LIMITED [NLCIL],2242.9,1388.09,87.0,2019-01-11,2028-01-09,0.0,22.25999999999999
MINISTRY OF ROAD TRANSPORT & HIGHWAYS,ROADS & HIGHWAYS,MAHARASHTRA,NATIONAL HIGHWAYS AUTHORITY OF INDIA [NHAI],1344.78,785.78,97.69,2022-01-01,2024-01-07,0.0,-5.910000000000082
MINISTRY OF RAILWAYS,RAILWAYS,CHHATTISGARH,SECR,167.64,26.52,10.0,2025-01-05,2026-01-12,2.0,6.390000000000001
MINISTRY OF COAL,COAL,CHHATTISGARH,SOUTH EASTERN COALFIELDS LIMITED [SECL],2310.12,115.62,11.81,2020-01-12,2029-01-03,0.0,1.7900000000000065
MINISTRY OF COAL,COAL,MADHYA PRADESH,MINISTRY OF COAL,869.44,325.4,75.14999999999999,2016-01-03,2021-01-03,0.0,0.0
MINISTRY OF RAILWAYS,RAILWAYS,CHHATTISGARH,SECR,328.34,87.49,35.0,2024-01-05,2027-01-01,2.0,8.829999999999998
MINISTRY OF ROAD TRANSPORT & HIGHWAYS,ROADS & HIGHWAYS,MADHYA PRADESH,NATIONAL HIGHWAYS AUTHORITY OF INDIA [NHAI],1003.87,384.74,87.14,2023-01-12,2025-01-12,3.799999999999997,0.1500000000000341
MINISTRY OF COAL,COAL,CHHATTISGARH,SOUTH EASTERN COALFIELDS LIMITED [SECL],2309.8,999.09,55.95,2020-01-08,2029-01-03,0.0,5.300000000000068
MINISTRY OF RAILWAYS,RAILWAYS,CHHATTISGARH,SECR,169.06,22.79,66.0,2024-01-05,2026-01-11,1.0,0.2699999999999996
MINISTRY OF COAL,COAL,JHARKHAND,MINISTRY OF COAL,7254.37,1692.65,39.3,2020-01-08,2028-01-03,-0.9100000000000036,4.25
MINISTRY OF ROAD TRANSPORT & HIGHWAYS,ROADS & HIGHWAYS,MADHYA PRADESH,NATIONAL HIGHWAYS AUTHORITY OF INDIA [NHAI],1011.29,417.14,93.08,2022-01-11,2024-01-10,1.3499999999999943,0.339999999999975
MINISTRY OF RAILWAYS,RAILWAYS,CHHATTISGARH,SECR,177.34,3.42,9.0,2024-01-05,2027-01-02,1.9999999999999991,1.51
MINISTRY OF COAL,COAL,JHARKHAND,MINISTRY OF COAL,778.8,606.01,68.75,2021-01-07,2029-01-03,-2.6299999999999955,0.3099999999999454
MINISTRY OF ROAD TRANSPORT & HIGHWAYS,ROADS & HIGHWAYS,MADHYA PRADESH,NATIONAL HIGHWAYS AUTHORITY OF INDIA [NHAI],980.2,1.56,6.18,2026-01-03,2028-01-03,4.48,0.75
MINISTRY OF RAILWAYS,RAILWAYS,CHHATTISGARH,SECR,177.03,12.3,18.0,2024-01-05,2027-01-01,2.0,7.500000000000001
MINISTRY OF HEALTH & FAMILY WELFARE,HEALTHCARE,MADHYA PRADESH,"MEDICAL EDUCATION, MINISTRY OF HEALTH AND FAMILY WELFARE",325.0,179.0,84.0,2022-01-11,2024-01-04,0.0,0.0
MINISTRY OF ROAD TRANSPORT & HIGHWAYS,ROADS & HIGHWAYS,ANDHRA PRADESH,NATIONAL HIGHWAYS AUTHORITY OF INDIA [NHAI],992.91,320.04,75.53999999999999,2024-01-03,2026-01-03,2.4399999999999977,0.2200000000000272
MINISTRY OF POWER,ELECTRICITY GENERATION,WEST BENGAL,DAMODAR VALLEY CORPORATION,1037.0,1133.78,97.0,2021-01-02,2024-01-01,1.0,0.0
MINISTRY OF RAILWAYS,RAILWAYS,GUJARAT,PCE/WR,158.0,51.87,10.0,2023-01-03,2025-01-03,0.0,0.0
MINISTRY OF ROAD TRANSPORT & HIGHWAYS,ROADS & HIGHWAYS,MADHYA PRADESH,NATIONAL HIGHWAYS AUTHORITY OF INDIA [NHAI],909.84,436.49,99.0,2022-01-09,2024-01-05,0.0,0.0500000000000113
MINISTRY OF RAILWAYS,RAILWAYS,UTTAR PRADESH,MINISTRY OF RAILWAYS,407.0,417.22,78.0,2017-01-04,2025-01-03,1.0,7.680000000000007
MINISTRY OF RAILWAYS,RAILWAYS,GUJARAT,WESTERN RAILWAY [WR] - II,250.0,185.02,88.0,2023-01-04,2025-01-06,0.0,0.0
MINISTRY OF HOUSING & URBAN AFFAIRS,URBAN PUBLIC TRANSPORT,RAJASTHAN,JAIPUR METRO RAIL CORPORATION,980.08,103.03,0.0,2023-01-09,2027-01-04,0.0,0.0
MINISTRY OF RAILWAYS,RAILWAYS,UTTAR PRADESH,RVNL - I,2529.0,2169.72,96.6,2017-01-03,2024-01-12,0.0999999999999943,5.0
MINISTRY OF ROAD TRANSPORT & HIGHWAYS,ROADS & HIGHWAYS,KERALA,NATIONAL HIGHWAYS AUTHORITY OF INDIA [NHAI],4225.59,717.06,88.2,2022-01-09,2025-01-01,0.0,9.039999999999964
MINISTRY OF HOUSING & URBAN AFFAIRS,URBAN PUBLIC TRANSPORT,RAJASTHAN,JAIPUR METRO RAIL CORPORATION,204.81,23.34,12.48,2023-01-12,2026-01-03,0.0,0.0
MINISTRY OF RAILWAYS,RAILWAYS,UTTAR PRADESH,NORTH CENTRAL RAILWAY [NCR] - II,250.18,163.27,9.0,2021-01-04,2026-01-02,0.0,23.78
MINISTRY OF RAILWAYS,RAILWAYS,GUJARAT,WESTERN RAILWAY WR - II,961.67,519.8,22.0,2023-01-02,2027-01-03,1.0,12.199999999999932
MINISTRY OF ROAD TRANSPORT & HIGHWAYS,ROADS & HIGHWAYS,JHARKHAND,NATIONAL HIGHWAYS AUTHORITY OF INDIA [NHAI],936.26,294.23,44.42,2024-01-09,2027-01-03,1.2100000000000009,12.840000000000032
MINISTRY OF RAILWAYS,RAILWAYS,WEST BENGAL,NORTHEAST FRONTIER RAILWAY [NFR],1209.0,501.96,17.0,2010-01-12,2027-01-03,1.0,10.909999999999968
MINISTRY OF RAILWAYS,RAILWAYS,UTTAR PRADESH,CAO/C/NCR,758.0,511.12,83.0,2020-01-09,2025-01-01,0.0,26.610000000000014
MINISTRY OF ROAD TRANSPORT & HIGHWAYS,ROADS & HIGHWAYS,KERALA,NATIONAL HIGHWAYS AUTHORITY OF INDIA [NHAI],4302.06,783.1,84.17999999999999,2022-01-09,2025-01-02,0.0,10.210000000000036
MINISTRY OF ROAD TRANSPORT & HIGHWAYS,ROADS & HIGHWAYS,KERALA,NATIONAL HIGHWAYS AUTHORITY OF INDIA [NHAI],4023.94,1497.77,98.84,2022-01-01,2024-01-07,0.0,0.0799999999999272
MINISTRY OF RAILWAYS,RAILWAYS,UTTAR PRADESH,NORTH CENTRAL RAILWAY,2649.0,1991.04,73.0,2016-01-03,2026-01-12,2.0,60.92000000000007
MINISTRY OF POWER,TRANSMISSION & DISTRIBUTION,"MULTI-STATES (DELHI, RAJASTHAN)",POWER GRID CORPORATION OF INDIA LIMITED [POWERGRID],2423.0,2059.55,88.53,2024-01-02,2025-01-08,3.0799999999999983,24.23000000000025
MINISTRY OF ROAD TRANSPORT & HIGHWAYS,ROADS & HIGHWAYS,KERALA,NATIONAL HIGHWAYS AUTHORITY OF INDIA [NHAI],4924.11,1815.81,99.75,2022-01-01,2024-01-07,0.0,0.0
MINISTRY OF POWER,TRANSMISSION & DISTRIBUTION,"MULTI-STATES (RAJASTHAN, UTTAR PRADESH)",POWER GRID CORPORATION OF INDIA LIMITED [POWERGRID],3271.0,2731.28,72.83,2023-01-12,2025-01-12,0.6700000000000017,0.0
MINISTRY OF RAILWAYS,RAILWAYS,UTTAR PRADESH,NORTH CENTRAL RAILWAY,494.0,410.3,80.0,2020-01-10,2026-01-03,2.0,12.730000000000018
MINISTRY OF ROAD TRANSPORT & HIGHWAYS,ROADS & HIGHWAYS,JHARKHAND,NATIONAL HIGHWAYS AUTHORITY OF INDIA [NHAI],303.53,3.88,0.0,2025-01-12,2027-01-12,0.0,-1.1000000000000003
MINISTRY OF POWER,TRANSMISSION & DISTRIBUTION,RAJASTHAN,POWER GRID CORPORATION OF INDIA LIMITED [POWERGRID],4741.0,3650.57,75.03999999999999,2023-01-12,2025-01-12,2.819999999999993,0.0
MINISTRY OF RAILWAYS,RAILWAYS,UTTAR PRADESH,NORTH CENTRAL RAILWAY,304.44,279.26,86.0,2017-01-11,2024-01-12,0.0,23.94
MINISTRY OF POWER,TRANSMISSION & DISTRIBUTION,"MULTI-STATES (KARNATAKA, TELANGANA)",POWER GRID CORPORATION OF INDIA LIMITED [POWERGRID],1368.0,1203.84,90.33,2024-01-02,2026-01-02,0.8700000000000045,13.679999999999836
MINISTRY OF ROAD TRANSPORT & HIGHWAYS,ROADS & HIGHWAYS,KERALA,NATIONAL HIGHWAYS AUTHORITY OF INDIA [NHAI],210.0,77.9,100.0,2020-01-12,2022-01-06,0.0,0.0
MINISTRY OF RAILWAYS,RAILWAYS,JHARKHAND,EAST CENTRAL RAILWAY [ECR] - I,686.0,634.71,66.7,2018-01-01,2026-01-03,0.2000000000000028,3.1900000000000546
MINISTRY OF POWER,TRANSMISSION & DISTRIBUTION,GUJARAT,POWER GRID CORPORATION OF INDIA LIMITED [POWERGRID],4231.0,2538.6,65.91,2023-01-12,2025-01-12,3.9099999999999966,0.0
MINISTRY OF POWER,TRANSMISSION & DISTRIBUTION,KARNATAKA,POWER GRID CORPORATION OF INDIA LIMITED [POWERGRID],4445.0,3733.8,88.17,2023-01-12,2025-01-12,2.1700000000000017,0.0
DEPARTMENT OF HIGHER EDUCATION,EDUCATION,HIMACHAL PRADESH,"INDIAN INSTITUTE OF TECHNOLOGY, MANDI",166.66,122.26,84.0,2024-01-03,2026-01-03,0.0,0.0
MINISTRY OF RAILWAYS,RAILWAYS,PUNJAB,RAILWAY,237.64,137.05,56.99999999999999,2022-01-12,2025-01-03,0.0,0.0
MINISTRY OF RAILWAYS,RAILWAYS,GUJARAT,PCE/WR,487.0,222.88,53.0,2023-01-02,2025-01-02,0.0,0.0
MINISTRY OF RAILWAYS,RAILWAYS,GUJARAT,WESTERN RAILWAY [WR] - II,1430.0,582.1,45.0,2023-01-08,2026-01-12,10.0,62.700000000000045
MINISTRY OF CIVIL AVIATION,AVIATION & AVIATION INFRASTRUCTURE,MANIPUR,AIRPORT AUTHORITY OF INDIA [AAI],499.0,206.61,51.65,2022-01-07,2024-01-07,0.9599999999999936,4.6200000000000045
MINISTRY OF ROAD TRANSPORT & HIGHWAYS,ROADS & HIGHWAYS,KERALA,NATIONAL HIGHWAYS AUTHORITY OF INDIA [NHAI],2842.14,907.19,73.89,2022-01-04,2024-01-10,0.0,11.33000000000004
MINISTRY OF POWER,ELECTRICITY GENERATION,CHHATTISGARH,NATIONAL THERMAL POWER CORPORATION [NTPC],15530.0,5005.4,30.6,2023-01-08,2028-01-06,2.0,218.09999999999943
MINISTRY OF RAILWAYS,RAILWAYS,KARNATAKA,KARNATAKA RAIL INFRASTRUCTURE DEVELOPMENT COMPANY LIMITED [K-RIDE],15767.0,3277.99,20.02,2020-01-10,2026-01-12,0.0699999999999967,53.89999999999964
MINISTRY OF RAILWAYS,RAILWAYS,GUJARAT,WESTERN RAILWAY [WR] - II,410.26,11.3,5.0,2023-01-02,2028-01-01,0.0,0.0700000000000002
MINISTRY OF ROAD TRANSPORT & HIGHWAYS,ROADS & HIGHWAYS,KERALA,NATIONAL HIGHWAYS AUTHORITY OF INDIA [NHAI],3273.61,1275.39,71.2,2022-01-08,2025-01-02,0.0,48.84000000000015
MINISTRY OF RAILWAYS,RAILWAYS,GUJARAT,WESTERN RAILWAY,307.11,18.9,17.0,2022-01-05,2030-01-05,0.0,0.0
MINISTRY OF RAILWAYS,RAILWAYS,MADHYA PRADESH,WESTERN RAILWAY [WR] - II,1095.88,1284.91,94.0,2021-01-10,2027-01-10,0.0,0.0
MINISTRY OF POWER,TRANSMISSION & DISTRIBUTION,RAJASTHAN,POWER GRID CORPORATION OF INDIA LIMITED [POWERGRID],1910.0,1852.7,99.46,2023-01-10,2025-01-04,1.1299999999999957,0.8900000000001
MINISTRY OF ROAD TRANSPORT & HIGHWAYS,ROADS & HIGHWAYS,"MULTI-STATES (BIHAR, JHARKHAND)",NATIONAL HIGHWAYS AUTHORITY OF INDIA [NHAI],1728.17,3.57,0.0,2026-01-05,2028-01-05,-3.94,-110.66
MINISTRY OF POWER,TRANSMISSION & DISTRIBUTION,RAJASTHAN,POWER GRID CORPORATION OF INDIA LIMITED [POWERGRID],1160.0,1136.8,99.33,2023-01-10,2025-01-04,0.3299999999999983,0.0
MINISTRY OF RAILWAYS,RAILWAYS,RAJASTHAN,CAO/C/NCR,1390.0,529.92,56.00000000000001,2021-01-02,2027-01-06,2.000000000000007,52.87999999999994
DEPARTMENT OF HIGHER EDUCATION,EDUCATION,MADHYA PRADESH,"INDIAN INSTITUTE OF TECHNOLOGY, INDORE",496.28,78.35,57.49999999999999,2024-01-04,2027-01-02,-7.500000000000007,-19.0
MINISTRY OF ROAD TRANSPORT & HIGHWAYS,ROADS & HIGHWAYS,KERALA,NATIONAL HIGHWAYS AUTHORITY OF INDIA [NHAI],2878.97,2170.03,79.5,2022-01-03,2024-01-09,1.2199999999999989,49.16000000000031
MINISTRY OF RAILWAYS,RAILWAYS,UTTAR PRADESH,NORTH CENTRAL RAILWAY,1457.0,400.19,36.0,2021-01-02,2026-01-10,0.0,0.0
DEPARTMENT OF HIGHER EDUCATION,EDUCATION,ODISHA,"INDIAN INSTITUTE OF TECHNOLOGY, BHUBANESHWAR",454.27,101.36,8.110000000000001,2024-01-05,2026-01-11,-1.089999999999998,0.0
MINISTRY OF RAILWAYS,RAILWAYS,RAJASTHAN,NORTH WESTERN RAILWAY [NWR],1203.89,208.67,19.0,2023-01-04,2027-01-03,,
DEPARTMENT OF HIGHER EDUCATION,EDUCATION,UTTARAKHAND,NATIONAL INSTITUTE OF TECHNOLOGY UTTARAKHAND,650.85,347.26,57.99999999999999,2024-01-04,2027-01-09,1.9999999999999856,1.4099999999999682
MINISTRY OF ROAD TRANSPORT & HIGHWAYS,ROADS & HIGHWAYS,KERALA,NATIONAL HIGHWAYS AUTHORITY OF INDIA [NHAI],2429.52,1765.01,90.34,2023-01-02,2026-01-01,6.409999999999997,4.089999999999918
MINISTRY OF RAILWAYS,RAILWAYS,MAHARASHTRA,MRIDC,1400.0,1472.0,80.0,2020-01-04,2025-01-12,0.0,0.0
MINISTRY OF POWER,TRANSMISSION & DISTRIBUTION,MAHARASHTRA,POWER GRID CORPORATION OF INDIA LIMITED [POWERGRID],224.41,215.43,99.6,2023-01-11,2025-01-07,4.799999999999997,8.980000000000018
MINISTRY OF POWER,TRANSMISSION & DISTRIBUTION,ANDHRA PRADESH,POWER GRID CORPORATION OF INDIA LIMITED [POWERGRID],823.0,798.31,98.57,2023-01-09,2025-01-09,0.2299999999999897,0.0
MINISTRY OF RAILWAYS,RAILWAYS,"MULTI-STATES (BIHAR, DELHI, JHARKHAND, UTTAR PRADESH, WEST BENGAL)",PCE/NCR,6684.81,127.03,0.0,2019-01-09,2024-01-03,0.0,0.0
MINISTRY OF RAILWAYS,RAILWAYS,GUJARAT,PCE/WR,670.17,47.46,12.0,2023-01-02,2030-01-03,0.0,1.6000000000000014
MINISTRY OF RAILWAYS,RAILWAYS,"MULTI-STATES (DELHI, GUJARAT, MADHYA PRADESH, MAHARASHTRA, RAJASTHAN)",PCE/WR,6806.44,9480.86,66.32000000000001,2019-01-09,2024-01-03,0.0,0.0
MINISTRY OF ROAD TRANSPORT & HIGHWAYS,ROADS & HIGHWAYS,"MULTI-STATES (JHARKHAND, WEST BENGAL)",NATIONAL HIGHWAYS AUTHORITY OF INDIA [NHAI],1154.49,138.04,20.43,2025-01-09,2027-01-09,3.210000000000001,47.16999999999999
MINISTRY OF RAILWAYS,RAILWAYS,GUJARAT,PCE/WR,350.0,80.49,31.0,2022-01-05,2030-01-03,0.0,9.429999999999993
MINISTRY OF ROAD TRANSPORT & HIGHWAYS,ROADS & HIGHWAYS,KERALA,NATIONAL HIGHWAYS AUTHORITY OF INDIA [NHAI],3465.82,853.77,70.81,2022-01-10,2025-01-04,5.88000000000001,85.63
MINISTRY OF RAILWAYS,RAILWAYS,JHARKHAND,SOUTH EASTERN RAILWAY [SER] - I,473.0,349.31,10.0,2019-01-03,2026-01-06,0.0,43.089999999999975
MINISTRY OF RAILWAYS,RAILWAYS,"MULTI-STATES (MADHYA PRADESH, RAJASTHAN)",WESTERN RAILWAY [WR] - II,495.0,284.66,60.0,2021-01-09,2026-01-03,0.0,22.970000000000027
MINISTRY OF ROAD TRANSPORT & HIGHWAYS,ROADS & HIGHWAYS,BIHAR,NATIONAL HIGHWAYS AUTHORITY OF INDIA [NHAI],6291.69,660.36,20.1,2023-01-09,2027-01-09,1.0800000000000018,78.49000000000001
MINISTRY OF POWER,ELECTRICITY GENERATION,UTTAR PRADESH,NATIONAL THERMAL POWER CORPORATION [NTPC],17195.0,3492.41,21.3,2024-01-03,,1.5,186.19999999999985
MINISTRY OF ROAD TRANSPORT & HIGHWAYS,ROADS & HIGHWAYS,KERALA,NATIONAL HIGHWAYS AUTHORITY OF INDIA [NHAI],3205.77,776.84,60.07,2021-01-10,2024-01-07,0.0,0.0400000000000773
MINISTRY OF RAILWAYS,RAILWAYS,"MULTI-STATES (MADHYA PRADESH, RAJASTHAN, UTTAR PRADESH)",RVNL - II,5961.0,5171.79,96.32,2018-01-03,2024-01-12,0.8399999999999892,50.36999999999989
MINISTRY OF CIVIL AVIATION,AVIATION & AVIATION INFRASTRUCTURE,KERALA,AIRPORT AUTHORITY OF INDIA [AAI],484.57,227.5,62.5,2024-01-02,2025-01-09,3.5,22.90000000000001
MINISTRY OF ROAD TRANSPORT & HIGHWAYS,ROADS & HIGHWAYS,BIHAR,NATIONAL HIGHWAYS AUTHORITY OF INDIA [NHAI],1113.46,1.35,0.0,2026-01-04,2028-01-04,0.0,0.04
MINISTRY OF PETROLEUM & NATURAL GAS,OIL & GAS,KARNATAKA,MANGALORE REFINARY AND PETROCHEMICALS LIMITED,385.0,260.92,85.9,2023-01-10,2025-01-11,3.4000000000000057,0.0
MINISTRY OF RAILWAYS,RAILWAYS,KARNATAKA,SOUTH WESTERN RAILWAY [SWR] - II,493.0,345.82,85.8,2022-01-06,2026-01-02,0.2999999999999971,27.430000000000007
MINISTRY OF ROAD TRANSPORT & HIGHWAYS,ROADS & HIGHWAYS,ODISHA,NATIONAL HIGHWAYS AUTHORITY OF INDIA [NHAI],374.17,103.78,50.870000000000005,2024-01-06,2026-01-12,0.0,-2.640000000000001
MINISTRY OF CIVIL AVIATION,AVIATION & AVIATION INFRASTRUCTURE,WEST BENGAL,AIRPORT AUTHORITY OF INDIA [AAI],328.3,145.41,70.0,2023-01-12,2025-01-10,5.5,5.639999999999986
MINISTRY OF ROAD TRANSPORT & HIGHWAYS,ROADS & HIGHWAYS,TAMIL NADU,NATIONAL HIGHWAYS AUTHORITY OF INDIA [NHAI],876.88,66.59,100.0,2007-01-07,2024-01-10,0.0,0.0
MINISTRY OF RAILWAYS,RAILWAYS,MADHYA PRADESH,INDIAN RAILWAY CONSTRUCTION INTERNATIONAL LIMITED [IRCON],1248.0,1850.38,95.0,2017-01-09,2024-01-09,0.0,32.87000000000012
MINISTRY OF CIVIL AVIATION,AVIATION & AVIATION INFRASTRUCTURE,SIKKIM,AIRPORT AUTHORITY OF INDIA [AAI],323.26,80.94,35.55,2023-01-12,2026-01-06,1.2999999999999972,0.0999999999999943
MINISTRY OF RAILWAYS,RAILWAYS,CHHATTISGARH,SOUTH EAST CENTRAL RAILWAY [SECR] - II,170.49,9.56,15.0,2024-01-05,2027-01-03,0.0,0.0
MINISTRY OF RAILWAYS,RAILWAYS,MADHYA PRADESH,INDIAN RAILWAY CONSTRUCTION INTERNATIONAL LIMITED [IRCON],2445.0,3360.89,81.2,2017-01-03,2025-01-12,0.0999999999999943,54.10999999999967
MINISTRY OF ROAD TRANSPORT & HIGHWAYS,ROADS & HIGHWAYS,CHHATTISGARH,NATIONAL HIGHWAYS AUTHORITY OF INDIA [NHAI],1958.9,568.17,71.45,2023-01-06,2025-01-05,2.75,-15.450000000000044
MINISTRY OF COAL,COAL,WEST BENGAL,EASTERN COAL FIELDS LIMITED [ECL],929.1,71.43,8.35,2023-01-12,2030-01-03,0.0,0.2000000000000028
MINISTRY OF RAILWAYS,RAILWAYS,MADHYA PRADESH,WEST CENTRAL RAILWAY [WCR] - II,500.0,573.8,88.0,2017-01-08,2026-01-03,2.0,7.240000000000009
MINISTRY OF RAILWAYS,RAILWAYS,ANDHRA PRADESH,EAST COAST RAILWAY [ECOR] - II,183.65,17.25,16.0,2024-01-05,2027-01-04,0.0,0.0
MINISTRY OF ROAD TRANSPORT & HIGHWAYS,ROADS & HIGHWAYS,TAMIL NADU,NATIONAL HIGHWAYS AUTHORITY OF INDIA [NHAI],1076.97,679.49,95.41,2023-01-02,2025-01-02,0.0,0.0099999999999909
MINISTRY OF RAILWAYS,RAILWAYS,"MULTI-STATES (GOA, KARNATAKA)",RVNL - II,5060.0,5332.52,86.2,2012-01-07,2027-01-03,0.0700000000000073,28.33000000000084
MINISTRY OF RAILWAYS,RAILWAYS,ODISHA,EAST COAST RAILWAY [ECOR] - II,252.0,117.3,88.0,2023-01-04,2025-01-12,-4.0,-0.6700000000000017
MINISTRY OF ROAD TRANSPORT & HIGHWAYS,ROADS & HIGHWAYS,CHHATTISGARH,NATIONAL HIGHWAYS AUTHORITY OF INDIA [NHAI],1828.0,715.96,69.87,2023-01-07,2025-01-07,0.0,25.69000000000005
MINISTRY OF RAILWAYS,RAILWAYS,ANDHRA PRADESH,RVNL - II,6654.0,6181.65,96.0,2018-01-04,2024-01-11,0.0,11.329999999999927
MINISTRY OF RAILWAYS,RAILWAYS,MAHARASHTRA,CENTRAL RAILWAY [CR] - II,955.39,13.98,10.0,2026-01-01,2028-01-07,0.0,0.0099999999999997
MINISTRY OF ROAD TRANSPORT & HIGHWAYS,ROADS & HIGHWAYS,TAMIL NADU,NATIONAL HIGHWAYS AUTHORITY OF INDIA [NHAI],1317.6,932.02,99.99,2023-01-04,2025-01-04,0.0099999999999909,5.460000000000036
MINISTRY OF RAILWAYS,RAILWAYS,KERALA,SR-ERS,601.0,309.85,25.5,2023-01-04,2028-01-03,0.5,1.4300000000000068
DEPARTMENT OF HIGHER EDUCATION,EDUCATION,DELHI,NATIONAL INSTITUTE OF TECHNOLOGY DELHI,333.49,327.26,99.9,2022-01-11,2025-01-09,0.0,0.0
MINISTRY OF PETROLEUM & NATURAL GAS,OIL & GAS,"MULTI-STATES (JAMMU AND KASHMIR, PUNJAB)",GAS AUTHORITY OF INDIA LIMITED [GAIL],521.9,310.3,81.6,2023-01-07,2026-01-07,33.99999999999999,7.800000000000011
MINISTRY OF RAILWAYS,RAILWAYS,KERALA,MINISTRY OF RAILWAYS,813.0,127.64,33.0,2023-01-04,2027-01-03,2.5,1.1599999999999966
MINISTRY OF ROAD TRANSPORT & HIGHWAYS,ROADS & HIGHWAYS,MAHARASHTRA,NATIONAL HIGHWAYS AUTHORITY OF INDIA [NHAI],540.24,464.27,99.79,2021-01-11,2023-01-11,0.0,0.0099999999999909
MINISTRY OF POWER,TRANSMISSION & DISTRIBUTION,GUJARAT,POWER GRID CORPORATION OF INDIA LIMITED [POWERGRID],697.0,383.35,63.0,2024-01-05,2026-01-05,6.999999999999993,13.939999999999998
MINISTRY OF CIVIL AVIATION,AVIATION & AVIATION INFRASTRUCTURE,KARNATAKA,AIRPORT AUTHORITY OF INDIA [AAI],322.45,214.29,91.0,2024-01-02,2026-01-02,4.0,9.789999999999992
MINISTRY OF RAILWAYS,RAILWAYS,RAJASTHAN,WPO/PATNA,166.86,0.0,0.0,2023-01-06,2024-01-12,0.0,0.0
MINISTRY OF ROAD TRANSPORT & HIGHWAYS,ROADS & HIGHWAYS,ODISHA,NATIONAL HIGHWAYS AUTHORITY OF INDIA [NHAI],320.64,48.6,22.85,2024-01-11,2026-01-05,0.0,-6.189999999999998
MINISTRY OF CIVIL AVIATION,AVIATION & AVIATION INFRASTRUCTURE,KARNATAKA,AIRPORT AUTHORITY OF INDIA [AAI],320.47,158.36,81.5,2024-01-01,2026-01-01,4.5,9.680000000000009
MINISTRY OF RAILWAYS,RAILWAYS,MADHYA PRADESH,RVNL - II,7474.0,2617.51,37.0,2020-01-10,2030-01-09,1.0,88.30000000000018
MINISTRY OF LABOUR AND EMPLOYMENT,HEALTHCARE,ANDHRA PRADESH,EMPLOYEE'S STATE INSURANCE COMPANY [ESIC],384.27,253.37,88.0,2023-01-04,2025-01-10,0.0,0.0
MINISTRY OF COAL,COAL,MAHARASHTRA,WESTERN COALFIELDS LIMITED [WCL],630.37,0.61,0.38,2025-01-02,2030-01-03,0.03,0.0
MINISTRY OF CIVIL AVIATION,AVIATION & AVIATION INFRASTRUCTURE,BIHAR,AIRPORT AUTHORITY OF INDIA [AAI],1413.0,7.64,2.43,2025-01-04,2027-01-03,1.15,0.0
MINISTRY OF ROAD TRANSPORT & HIGHWAYS,ROADS & HIGHWAYS,KERALA,NATIONAL HIGHWAYS AUTHORITY OF INDIA [NHAI],2714.6,1055.13,83.0,2021-01-11,2024-01-05,0.1299999999999954,15.110000000000127
MINISTRY OF RAILWAYS,RAILWAYS,KARNATAKA,SOUTH WESTERN RAILWAY [SWR] - II,1454.0,111.67,13.8,2023-01-02,2027-01-12,0.3000000000000007,13.920000000000002
MINISTRY OF LABOUR AND EMPLOYMENT,HEALTHCARE,GUJARAT,EMPLOYEE'S STATE INSURANCE COMPANY [ESIC],558.12,55.81,21.5,2023-01-04,2026-01-03,0.5,0.0
MINISTRY OF ROAD TRANSPORT & HIGHWAYS,ROADS & HIGHWAYS,BIHAR,NATIONAL HIGHWAYS AUTHORITY OF INDIA [NHAI],1390.92,368.03,46.79,2023-01-03,2025-01-03,1.4399999999999975,26.16999999999996
MINISTRY OF CIVIL AVIATION,AVIATION & AVIATION INFRASTRUCTURE,BIHAR,AIRPORT AUTHORITY OF INDIA [AAI],911.66,386.24,68.01,2024-01-07,2026-01-07,3.010000000000005,11.75
MINISTRY OF RAILWAYS,RAILWAYS,RAJASTHAN,NORTH WESTERN RAILWAY [NWR],819.48,405.39,95.0,2019-01-04,2026-01-11,1.0,4.46999999999997
MINISTRY OF LABOUR AND EMPLOYMENT,HEALTHCARE,GUJARAT,EMPLOYEE'S STATE INSURANCE COMPANY [ESIC],205.87,51.74,50.0,2023-01-10,2025-01-10,4.0,0.0
MINISTRY OF ROAD TRANSPORT & HIGHWAYS,ROADS & HIGHWAYS,KERALA,NATIONAL HIGHWAYS AUTHORITY OF INDIA [NHAI],1746.45,960.04,90.68,2021-01-10,2024-01-04,0.5,16.789999999999964
MINISTRY OF RAILWAYS,RAILWAYS,JHARKHAND,EAST CENTRAL RAILWAY [ECR] - I,902.86,0.0,0.1,2019-01-03,2024-01-03,0.0,0.0
MINISTRY OF LABOUR AND EMPLOYMENT,HEALTHCARE,MAHARASHTRA,EMPLOYEE'S STATE INSURANCE COMPANY [ESIC],194.93,114.39,67.0,2022-01-08,2025-01-08,1.5,0.0
MINISTRY OF RAILWAYS,RAILWAYS,ODISHA,EAST COAST RAILWAY [ECOR] - II,2344.0,549.72,7.5,2023-01-12,2033-07-01,-15.6,0.0
MINISTRY OF LABOUR AND EMPLOYMENT,HEALTHCARE,UTTARAKHAND,EMPLOYEE'S STATE INSURANCE COMPANY [ESIC],102.4,340.3,89.0,2021-01-12,2024-01-10,5.0,5.439999999999998
MINISTRY OF ROAD TRANSPORT & HIGHWAYS,ROADS & HIGHWAYS,BIHAR,NATIONAL HIGHWAYS AUTHORITY OF INDIA [NHAI],1494.31,282.33,43.8,2023-01-07,2025-01-07,0.1999999999999957,17.609999999999957
MINISTRY OF RAILWAYS,RAILWAYS,ODISHA,EAST COAST RAILWAY [ECOR] - II,748.0,15.91,2.13,2023-01-04,2028-01-07,0.1599999999999999,0.0
MINISTRY OF LABOUR AND EMPLOYMENT,HEALTHCARE,ODISHA,EMPLOYEE'S STATE INSURANCE COMPANY [ESIC],164.6,16.4,7.199999999999999,2025-01-02,2027-01-06,0.0,0.0
MINISTRY OF ROAD TRANSPORT & HIGHWAYS,ROADS & HIGHWAYS,MAHARASHTRA,NATIONAL HIGHWAYS AUTHORITY OF INDIA [NHAI],329.82,185.04,96.89,2023-01-03,2024-01-10,0.0,0.039999999999992
MINISTRY OF LABOUR AND EMPLOYMENT,HEALTHCARE,KARNATAKA,EMPLOYEE'S STATE INSURANCE COMPANY [ESIC],278.0,80.52,27.0,2024-01-10,2027-01-01,4.0,12.289999999999992
MINISTRY OF RAILWAYS,RAILWAYS,MAHARASHTRA,CENTRAL RAILWAY,904.92,1245.51,11.0,2023-01-12,2027-01-03,-1.0,28.950000000000045
MINISTRY OF LABOUR AND EMPLOYMENT,HEALTHCARE,KARNATAKA,EMPLOYEE'S STATE INSURANCE COMPANY [ESIC],150.92,31.05,23.0,2025-01-03,2027-01-02,13.0,24.29
MINISTRY OF ROAD TRANSPORT & HIGHWAYS,ROADS & HIGHWAYS,ODISHA,NATIONAL HIGHWAYS AUTHORITY OF INDIA [NHAI],263.32,9.17,9.8,2025-01-05,2027-01-11,0.0,-4.65
MINISTRY OF RAILWAYS,RAILWAYS,WEST BENGAL,RVNL - II,4835.0,4998.49,51.0,2010-01-04,2026-01-12,0.0,66.01999999999953
MINISTRY OF STEEL,STEEL,WEST BENGAL,STEEL AUTHORITY OF INDIA LIMITED [SAIL],916.78,226.68,34.760000000000005,2023-01-09,2026-01-12,1.1000000000000014,20.14000000000001
MINISTRY OF ROAD TRANSPORT & HIGHWAYS,ROADS & HIGHWAYS,BIHAR,NHAI,1857.58,425.65,32.68,2023-01-02,2025-01-02,0.509999999999998,8.909999999999968
MINISTRY OF RAILWAYS,RAILWAYS,"MULTI-STATES (DADRA & NAGAR HAVELI AND DAMAN & DIU, GUJARAT, MAHARASHTRA)",NATIONAL HIGH SPEED RAIL CORPORATION [NHSRC],108000.0,90966.89,60.870000000000005,2017-01-09,2027-01-08,1.0100000000000051,465.0
MINISTRY OF CIVIL AVIATION,AVIATION & AVIATION INFRASTRUCTURE,ANDHRA PRADESH,AIRPORT AUTHORITY OF INDIA [AAI],265.91,142.62,70.0,2024-01-01,2026-01-01,5.0,13.550000000000011
MINISTRY OF RAILWAYS,RAILWAYS,"MULTI-STATES (JHARKHAND, WEST BENGAL)",RVNL - I,3250.0,3287.19,98.0,2018-01-01,2025-01-03,0.5,0.0100000000002182
DEPARTMENT OF HIGHER EDUCATION,EDUCATION,MIZORAM,NIT MIZORAM,474.23,167.55,4.0,2014-01-06,2029-01-12,0.0,0.0
MINISTRY OF ROAD TRANSPORT & HIGHWAYS,ROADS & HIGHWAYS,JHARKHAND,NATIONAL HIGHWAYS AUTHORITY OF INDIA [NHAI],1546.27,0.26,0.0,2026-01-05,2028-01-05,-3.96,-82.39
MINISTRY OF CIVIL AVIATION,AVIATION & AVIATION INFRASTRUCTURE,ASSAM,ADANI AIRPORT HOLDINGS LIMITED,1712.0,2639.99,98.5,2018-01-03,2025-01-03,0.5,12.599999999999907
MINISTRY OF HEALTH & FAMILY WELFARE,HEALTHCARE,JHARKHAND,"MEDICAL EDUCATION, MINISTRY OF HEALTH AND FAMILY WELFARE",250.0,271.0,40.0,2024-01-02,2026-01-08,0.0,1.0
MINISTRY OF ROAD TRANSPORT & HIGHWAYS,ROADS & HIGHWAYS,MADHYA PRADESH,NATIONAL HIGHWAYS AUTHORITY OF INDIA [NHAI],1001.69,713.78,90.5,2022-01-04,2024-01-04,1.5,14.809999999999944
MINISTRY OF PETROLEUM & NATURAL GAS,OIL & GAS,ODISHA,MINISTRY OF PETROLEUM & NATURAL GAS,13805.0,70637.31,94.3,2020-01-07,2024-01-01,0.3999999999999915,62186.86
MINISTRY OF ROAD TRANSPORT & HIGHWAYS,ROADS & HIGHWAYS,ANDHRA PRADESH,NATIONAL HIGHWAYS AUTHORITY OF INDIA [NHAI],987.1,319.74,67.97999999999999,2024-01-03,2026-01-03,2.2099999999999937,22.74000000000001
MINISTRY OF HEALTH & FAMILY WELFARE,HEALTHCARE,BIHAR,"MEDICAL EDUCATION, MINISTRY OF HEALTH AND FAMILY WELFARE",250.0,103.21,50.0,2022-01-10,2025-01-10,0.0,1.0
MINISTRY OF PETROLEUM & NATURAL GAS,OIL & GAS,ASSAM,MINISTRY OF PETROLEUM & NATURAL GAS,682.9,599.64,94.3,2018-01-01,2020-01-02,0.0,1.0199999999999818
MINISTRY OF POWER,ELECTRICITY GENERATION,JAMMU AND KASHMIR,NATIONAL HYDROELECTRIC POWER CORPORATION LIMITED [NHPC],4526.12,1616.87,35.32,2022-01-11,2026-01-11,1.1099999999999994,47.319999999999936
MINISTRY OF HEALTH & FAMILY WELFARE,HEALTHCARE,BIHAR,"MEDICAL EDUCATION, MINISTRY OF HEALTH AND FAMILY WELFARE",250.0,150.0,0.0,,,0.0,0.0
MINISTRY OF ROAD TRANSPORT & HIGHWAYS,ROADS & HIGHWAYS,MADHYA PRADESH,NATIONAL HIGHWAYS AUTHORITY OF INDIA [NHAI],1162.8,547.21,85.6,2023-01-01,2025-01-01,0.7999999999999972,19.220000000000027
MINISTRY OF POWER,ELECTRICITY GENERATION,SIKKIM,NATIONAL HYDROELECTRIC POWER CORPORATION LIMITED [NHPC],938.29,1672.37,96.92,2021-01-08,2024-01-05,0.3900000000000005,46.43999999999983
MINISTRY OF HEALTH & FAMILY WELFARE,HEALTHCARE,BIHAR,"MEDICAL EDUCATION, MINISTRY OF HEALTH AND FAMILY WELFARE",250.0,150.0,0.0,,,0.0,0.0
DEPARTMENT OF HIGHER EDUCATION,EDUCATION,PUNJAB,"INDIAN INTITUE OF MANAGEMENT, AMRITSAR",348.31,293.1,91.7,2020-01-07,2023-01-06,0.0,0.0
MINISTRY OF HEALTH & FAMILY WELFARE,HEALTHCARE,BIHAR,"MEDICAL EDUCATION, MINISTRY OF HEALTH AND FAMILY WELFARE",250.0,150.0,0.0,,,0.0,0.0
MINISTRY OF PETROLEUM & NATURAL GAS,OIL & GAS,HARYANA,MINISTRY OF PETROLEUM & NATURAL GAS,2281.94,1920.67,65.2,2019-01-06,2022-01-12,0.2000000000000028,40.74000000000001
MINISTRY OF ROAD TRANSPORT & HIGHWAYS,ROADS & HIGHWAYS,ANDHRA PRADESH,NATIONAL HIGHWAYS AUTHORITY OF INDIA [NHAI],1292.65,319.98,58.8,2024-01-02,2026-01-02,0.3799999999999954,0.160000000000025
MINISTRY OF HEALTH & FAMILY WELFARE,HEALTHCARE,BIHAR,"MEDICAL EDUCATION, MINISTRY OF HEALTH AND FAMILY WELFARE",250.0,150.0,0.0,,,0.0,0.0
MINISTRY OF ROAD TRANSPORT & HIGHWAYS,ROADS & HIGHWAYS,MADHYA PRADESH,NATIONAL HIGHWAYS AUTHORITY OF INDIA [NHAI],207.77,130.73,79.72,2023-01-01,2024-01-07,0.0,-11.810000000000002
DEPARTMENT OF HIGHER EDUCATION,EDUCATION,ASSAM,TEZPUR UNIVERSITY,153.71,137.84,97.97,2021-01-06,2023-01-11,0.0,0.0
MINISTRY OF HEALTH & FAMILY WELFARE,HEALTHCARE,MEGHALAYA,"MEDICAL EDUCATION, MINISTRY OF HEALTH AND FAMILY WELFARE",189.0,170.1,0.0,,,0.0,0.0
DEPARTMENT OF HIGHER EDUCATION,EDUCATION,KERALA,INDIAN INSTITUTE OF TECHNOLOGY PALAKKAD,1006.45,686.2,86.5,2020-01-03,2022-01-06,0.5,5.509999999999991
MINISTRY OF HEALTH & FAMILY WELFARE,HEALTHCARE,MAHARASHTRA,"MEDICAL EDUCATION, MINISTRY OF HEALTH AND FAMILY WELFARE",189.0,113.4,0.0,,,0.0,0.0
MINISTRY OF ROAD TRANSPORT & HIGHWAYS,ROADS & HIGHWAYS,MADHYA PRADESH,NATIONAL HIGHWAYS AUTHORITY OF INDIA [NHAI],998.95,22.06,0.0,2026-01-01,2028-01-01,0.0,-173.05
DEPARTMENT OF HIGHER EDUCATION,EDUCATION,UTTAR PRADESH,BANARAS HINDU UNIVERSITY,246.0,209.68,99.0,2020-01-06,2022-01-09,0.0,0.0
MINISTRY OF HEALTH & FAMILY WELFARE,HEALTHCARE,BIHAR,"MEDICAL EDUCATION, MINISTRY OF HEALTH AND FAMILY WELFARE",189.0,113.4,0.0,,,0.0,0.0
MINISTRY OF ROAD TRANSPORT & HIGHWAYS,ROADS & HIGHWAYS,UTTAR PRADESH,NATIONAL HIGHWAYS AUTHORITY OF INDIA [NHAI],1843.59,708.41,58.9,2023-01-05,2025-01-05,0.0,22.480000000000015
MINISTRY OF RAILWAYS,RAILWAYS,PUNJAB,CAO/C/NR,234.78,61.39,99.0,2022-01-10,2024-01-06,0.0,0.0
MINISTRY OF HEALTH & FAMILY WELFARE,HEALTHCARE,BIHAR,"MEDICAL EDUCATION, MINISTRY OF HEALTH AND FAMILY WELFARE",189.0,113.4,0.0,,,0.0,0.0
MINISTRY OF POWER,TRANSMISSION & DISTRIBUTION,"MULTI-STATES (ASSAM, MANIPUR, MEGHALAYA, MIZORAM, NAGALAND, TRIPURA)",POWER GRID CORPORATION OF INDIA LIMITED [POWERGRID],5111.33,5577.75,99.0,2016-01-03,2018-01-12,0.5,0.0
DEPARTMENT OF HIGHER EDUCATION,EDUCATION,BIHAR,NIT PATNA,499.21,449.96,98.6,2022-01-08,2024-01-07,0.0,0.0
MINISTRY OF PETROLEUM & NATURAL GAS,ENERGY STORAGE,UTTAR PRADESH,MINISTRY OF PETROLEUM & NATURAL GAS,980.45,293.88,76.3,2022-01-09,2026-01-11,1.2999999999999972,0.0
MINISTRY OF HEALTH & FAMILY WELFARE,HEALTHCARE,JHARKHAND,"MEDICAL EDUCATION, MINISTRY OF HEALTH AND FAMILY WELFARE",250.0,65.0,56.99999999999999,2023-01-03,2025-01-09,0.0,0.0
MINISTRY OF ROAD TRANSPORT & HIGHWAYS,ROADS & HIGHWAYS,MADHYA PRADESH,NATIONAL HIGHWAYS AUTHORITY OF INDIA [NHAI],1504.37,501.45,88.2,2024-01-02,2026-01-01,2.0,0.0099999999999909
MINISTRY OF HEALTH & FAMILY WELFARE,HEALTHCARE,LADAKH,"MEDICAL EDUCATION, MINISTRY OF HEALTH AND FAMILY WELFARE",325.0,127.0,0.0,,,0.0,0.0
MINISTRY OF POWER,ELECTRICITY GENERATION,BIHAR,SATLUJ JAL VIDYUT NIGAM [SJVN] THERMAL LIMITED,10439.09,13479.85,94.79,2019-01-06,2024-01-01,0.4600000000000079,109.78000000000064
MINISTRY OF ROAD TRANSPORT & HIGHWAYS,ROADS & HIGHWAYS,MAHARASHTRA,NATIONAL HIGHWAYS AUTHORITY OF INDIA [NHAI],150.21,65.16,48.0,2023-01-11,2025-01-10,0.0,-0.2000000000000028
MINISTRY OF HEALTH & FAMILY WELFARE,HEALTHCARE,JAMMU AND KASHMIR,"MEDICAL EDUCATION, MINISTRY OF HEALTH AND FAMILY WELFARE",325.0,173.0,0.0,,,0.0,0.0
MINISTRY OF POWER,ELECTRICITY GENERATION,HIMACHAL PRADESH,SATLUJ JAL VIDYUT NIGAM [SJVN] THERMAL LIMITED,687.97,1122.67,77.95,2021-01-05,2025-01-11,0.4399999999999977,15.360000000000127
MINISTRY OF HEALTH & FAMILY WELFARE,HEALTHCARE,JAMMU AND KASHMIR,"MEDICAL EDUCATION, MINISTRY OF HEALTH AND FAMILY WELFARE",325.0,222.0,75.0,2022-01-01,2027-01-03,0.0,0.0
MINISTRY OF POWER,ELECTRICITY GENERATION,HIMACHAL PRADESH,SATLUJ JAL VIDYUT NIGAM [SJVN] THERMAL LIMITED,1810.56,1941.63,51.63,2020-01-11,2026-01-01,0.3100000000000023,17.15000000000009
MINISTRY OF ROAD TRANSPORT & HIGHWAYS,ROADS & HIGHWAYS,ANDHRA PRADESH,NATIONAL HIGHWAYS AUTHORITY OF INDIA [NHAI],750.81,226.47,84.72,2024-01-03,2026-01-03,2.5400000000000063,0.0099999999999909
MINISTRY OF HEALTH & FAMILY WELFARE,HEALTHCARE,GUJARAT,"MEDICAL EDUCATION, MINISTRY OF HEALTH AND FAMILY WELFARE",325.0,936.64,81.0,2022-01-10,2024-01-09,3.0,2.0
MINISTRY OF RAILWAYS,RAILWAYS,CHHATTISGARH,SECR,1171.0,420.67,100.0,2021-01-05,2025-01-02,0.0,16.090000000000032
MINISTRY OF ROAD TRANSPORT & HIGHWAYS,ROADS & HIGHWAYS,MAHARASHTRA,NATIONAL HIGHWAYS AUTHORITY OF INDIA [NHAI],168.52,17.61,26.37,2025-01-07,2027-01-01,-6.98,-8.940000000000001
MINISTRY OF RAILWAYS,RAILWAYS,"MULTI-STATES (UTTAR PRADESH, WEST BENGAL)",EASTERN RAILWAY [ER] - I,461.64,296.61,33.0,2017-01-12,2027-01-03,1.1499999999999986,5.3700000000000045
MINISTRY OF HEALTH & FAMILY WELFARE,HEALTHCARE,GUJARAT,"MEDICAL EDUCATION, MINISTRY OF HEALTH AND FAMILY WELFARE",325.0,457.34,87.5,2022-01-09,2026-01-03,0.0,2.0
MINISTRY OF POWER,ELECTRICITY GENERATION,ODISHA,NATIONAL THERMAL POWER CORPORATION [NTPC],11843.75,6644.65,51.4,2022-01-09,2027-01-05,1.1999999999999955,190.29999999999927
MINISTRY OF ROAD TRANSPORT & HIGHWAYS,ROADS & HIGHWAYS,MAHARASHTRA,NATIONAL HIGHWAYS AUTHORITY OF INDIA [NHAI],819.52,121.02,63.13,2024-01-10,2026-01-10,-1.8200000000000005,-1.7800000000000011
MINISTRY OF HEALTH & FAMILY WELFARE,HEALTHCARE,CHHATTISGARH,"MEDICAL EDUCATION, MINISTRY OF HEALTH AND FAMILY WELFARE",325.0,36.0,59.0,2024-01-09,2027-01-03,0.0,0.0
DEPARTMENT FOR PROMOTION OF INDUSTRY & INTERNAL TRADE,REAL ESTATE,RAJASTHAN,NATIONAL INDUSTRIAL CORRIDOR DEVELOPMENT CORPORATION,921.66,0.0,1.21,2026-01-01,2028-01-07,,
MINISTRY OF ROAD TRANSPORT & HIGHWAYS,ROADS & HIGHWAYS,ANDHRA PRADESH,NATIONAL HIGHWAYS AUTHORITY OF INDIA [NHAI],1092.18,200.12,41.6,2025-01-02,2027-01-02,5.600000000000001,21.19
MINISTRY OF POWER,COAL,JHARKHAND,NATIONAL THERMAL POWER CORPORATION [NTPC],502.0,431.81,67.86,2019-01-09,2056-12-01,0.0,-39.26999999999998
MINISTRY OF HEALTH & FAMILY WELFARE,HEALTHCARE,CHHATTISGARH,"MEDICAL EDUCATION, MINISTRY OF HEALTH AND FAMILY WELFARE",325.0,322.5,82.0,2023-01-10,2026-01-05,0.0,0.0
"DEPARTMENT OF WATER RESOURCES, RIVER DEVELOPMENT & GR",WATER RESOURCES,ODISHA,WATER RESOURCES-OR,567.03,2776.23,62.85,1998-01-01,2019-01-12,0.0,0.0
MINISTRY OF ROAD TRANSPORT & HIGHWAYS,ROADS & HIGHWAYS,MADHYA PRADESH,NATIONAL HIGHWAYS AUTHORITY OF INDIA [NHAI],1175.0,14.04,99.93,2010-01-08,2013-01-02,0.0,0.0
MINISTRY OF HEALTH & FAMILY WELFARE,HEALTHCARE,CHHATTISGARH,"MEDICAL EDUCATION, MINISTRY OF HEALTH AND FAMILY WELFARE",325.0,178.49,54.0,2023-01-10,2026-01-12,0.0,0.0
MINISTRY OF PETROLEUM & NATURAL GAS,OIL & GAS,ASSAM,MINISTRY OF PETROLEUM & NATURAL GAS,12366.0,19820.29,85.5,2020-01-07,2024-01-07,0.9000000000000057,297.9599999999991
MINISTRY OF ROAD TRANSPORT & HIGHWAYS,ROADS & HIGHWAYS,"MULTI-STATES (MAHARASHTRA, TELANGANA)",NATIONAL HIGHWAYS AUTHORITY OF INDIA [NHAI],1082.65,180.13,96.02,2019-01-04,2021-01-04,0.0,0.0
MINISTRY OF PETROLEUM & NATURAL GAS,OIL & GAS,TAMIL NADU,CHENNAI PETROLEUM CORPORATION LIMITED [CPCL],31580.0,1579.73,10.2,2021-01-09,2025-01-06,0.0,8.900000000000091
MINISTRY OF HEALTH & FAMILY WELFARE,HEALTHCARE,SIKKIM,"MEDICAL EDUCATION, MINISTRY OF HEALTH AND FAMILY WELFARE",250.0,667.21,92.0,2018-01-12,2026-01-12,0.0,1.0
MINISTRY OF ROAD TRANSPORT & HIGHWAYS,ROADS & HIGHWAYS,ANDHRA PRADESH,NATIONAL HIGHWAYS AUTHORITY OF INDIA [NHAI],909.02,273.33,58.08,2024-01-02,2026-01-02,2.069999999999993,15.75
MINISTRY OF PETROLEUM & NATURAL GAS,ENERGY STORAGE,MAHARASHTRA,MINISTRY OF PETROLEUM & NATURAL GAS,281.35,279.58,81.0,2017-01-06,2025-01-05,1.5,9.089999999999977
MINISTRY OF RAILWAYS,RAILWAYS,"MULTI-STATES (GOA, KARNATAKA)",RVNL,744.49,1161.44,99.7,2018-01-05,2023-01-03,0.0,-1.8799999999998815
MINISTRY OF ROAD TRANSPORT & HIGHWAYS,ROADS & HIGHWAYS,PUNJAB,NATIONAL HIGHWAYS AUTHORITY OF INDIA [NHAI],2029.17,515.11,72.0,2024-01-06,2026-01-06,0.0,1.6900000000000546
DEPARTMENT OF HIGHER EDUCATION,EDUCATION,WEST BENGAL,"INDIAN INSTITUTE OF TECHNOLOGY, KHARAGPUR",500.0,416.2,96.6,2019-01-04,2023-01-03,0.5999999999999943,0.8499999999999659
MINISTRY OF RAILWAYS,RAILWAYS,ASSAM,GM/C/ NFR,237.52,0.0,0.0,2022-01-01,2024-01-05,0.0,0.0
MINISTRY OF STEEL,STEEL,CHHATTISGARH,NATIONAL MINERAL DEVELOPMENT CORPORATION LIMITED [NMDC],2907.0,3616.88,94.6,2020-01-09,2023-01-06,0.5,9.240000000000236
MINISTRY OF ROAD TRANSPORT & HIGHWAYS,ROADS & HIGHWAYS,RAJASTHAN,NATIONAL HIGHWAYS AUTHORITY OF INDIA [NHAI],846.59,676.19,100.0,2021-01-08,2023-01-08,0.0,0.0200000000000954
MINISTRY OF POWER,ELECTRICITY GENERATION,ARUNACHAL PRADESH,NORTH EASTERN ELECTRIC POWER CORPORATION LIMITED,1750.07,74.83,5.1,2025-01-05,2029-01-07,0.0599999999999996,0.9200000000000016
MINISTRY OF RAILWAYS,RAILWAYS,MAHARASHTRA,MUMBAI RAIL VIKAS CORPORATION LTD.[MRVC],10947.0,6732.2,75.0,2016-01-12,2022-01-03,0.0,122.25
MINISTRY OF POWER,ELECTRICITY GENERATION,ARUNACHAL PRADESH,NORTH EASTERN ELECTRIC POWER CORPORATION LIMITED,8146.21,244.35,6.45,2025-01-09,,0.04,1.0999999999999943
MINISTRY OF ROAD TRANSPORT & HIGHWAYS,ROADS & HIGHWAYS,RAJASTHAN,NATIONAL HIGHWAYS AUTHORITY OF INDIA [NHAI],520.63,426.09,100.0,2021-01-06,2023-01-06,0.0,0.0899999999999749
MINISTRY OF RAILWAYS,RAILWAYS,MAHARASHTRA,MUMBAI RAIL VIKAS CORPORATION LTD.[MRVC],33690.0,3741.95,25.0,2019-01-04,2027-01-12,3.0,164.5899999999997
MINISTRY OF POWER,TRANSMISSION & DISTRIBUTION,"MULTI-STATES (DELHI, RAJASTHAN)",POWER GRID CORPORATION OF INDIA LIMITED [POWERGRID],331.0,199.63,60.75000000000001,2022-01-12,2025-01-03,4.000000000000007,1.9199999999999875
MINISTRY OF ROAD TRANSPORT & HIGHWAYS,ROADS & HIGHWAYS,BIHAR,NATIONAL HIGHWAYS AUTHORITY OF INDIA [NHAI],1576.94,181.24,20.15,2025-01-10,2027-01-10,4.149999999999999,57.94000000000001
MINISTRY OF RAILWAYS,RAILWAYS,MAHARASHTRA,MUMBAI RAIL VIKAS CORPORATION LTD.[MRVC],8087.0,7522.09,90.0,2008-01-04,2014-01-03,0.0,17.340000000000146
MINISTRY OF RAILWAYS,RAILWAYS,MAHARASHTRA,SOUTH CENTRAL RAILWAY [SCR] - II,960.64,1375.55,2.03,2023-01-05,2027-01-03,0.0099999999999997,71.00999999999999
MINISTRY OF RAILWAYS,RAILWAYS,ANDHRA PRADESH,SOUTH CENTRAL RAILWAY [SCR] - II,351.83,347.98,3.04,2023-01-06,2027-01-03,0.0100000000000002,17.730000000000018
MINISTRY OF RAILWAYS,RAILWAYS,WEST BENGAL,RVNL - II,2298.0,429.56,17.0,2010-01-03,2026-01-12,0.0,36.54000000000002
MINISTRY OF RAILWAYS,RAILWAYS,ANDHRA PRADESH,SOUTH CENTRAL RAILWAY [SCR] - II,293.3,272.72,0.24,2023-01-07,2026-01-07,0.0,0.0
MINISTRY OF RAILWAYS,RAILWAYS,WEST BENGAL,"METRO RAILWAY, KOLKATA",4830.0,3350.62,32.2,2010-01-03,2026-01-08,0.2000000000000028,91.67000000000009
MINISTRY OF ROAD TRANSPORT & HIGHWAYS,ROADS & HIGHWAYS,PUNJAB,NATIONAL HIGHWAYS AUTHORITY OF INDIA [NHAI],789.26,518.7,99.0,2023-01-08,2025-01-08,0.0,0.0500000000000682
MINISTRY OF RAILWAYS,RAILWAYS,RAJASTHAN,NORTH WESTERN RAILWAY [NWR],968.92,730.39,73.0,2023-01-01,2027-01-01,0.0,22.139999999999983
DEPARTMENT OF TELECOMMUNICATIONS,TELECOMMUNICATION,PAN INDIA,DEPARTMENT OF TELECOMMUNICATIONS [DOT],61109.0,46431.54,83.3,2011-01-10,2023-01-08,0.9000000000000057,0.0
MINISTRY OF RAILWAYS,RAILWAYS,"MULTI-STATES (HARYANA, RAJASTHAN)",NORTH WESTERN RAILWAY [NWR],352.0,325.79,80.0,2022-01-12,2027-01-06,7.0,10.510000000000048
MINISTRY OF ROAD TRANSPORT & HIGHWAYS,ROADS & HIGHWAYS,"MULTI-STATES (BIHAR, UTTAR PRADESH)",NATIONAL HIGHWAYS AUTHORITY OF INDIA [NHAI],1433.39,400.72,41.88,2024-01-11,2026-01-11,2.960000000000001,27.150000000000038
MINISTRY OF RAILWAYS,RAILWAYS,GUJARAT,WESTERN RAILWAY WR - II,1080.58,958.41,81.0,2021-01-12,2026-01-10,0.0,6.350000000000023
MINISTRY OF COAL,COAL,JHARKHAND,BHARAT COKING COAL LIMITED (BCCL,4011.85,414.93,30.92,2023-01-01,2030-01-03,1.2200000000000024,0.0
MINISTRY OF ROAD TRANSPORT & HIGHWAYS,ROADS & HIGHWAYS,GOA,NATIONAL HIGHWAYS AUTHORITY OF INDIA [NHAI],463.08,127.34,48.59,2024-01-08,2026-01-07,-8.709999999999994,-40.870000000000005
MINISTRY OF RAILWAYS,RAILWAYS,HARYANA,NORTH WESTERN RAILWAY [NWR],471.0,273.41,73.0,2023-01-02,2028-01-02,1.0,10.29000000000002
MINISTRY OF RAILWAYS,RAILWAYS,BIHAR,INDIAN RAILWAY CONSTRUCTION INTERNATIONAL LIMITED [IRCON],2373.64,1581.96,98.5,2017-01-05,2024-01-12,0.0,-28.49000000000001
MINISTRY OF PETROLEUM & NATURAL GAS,OIL & GAS,HARYANA,INDIAN OIL CORPORATION LIMITED [IOCL],1459.0,1632.01,87.3,2022-01-03,2025-01-03,1.3999999999999917,158.5999999999999
MINISTRY OF ROAD TRANSPORT & HIGHWAYS,ROADS & HIGHWAYS,TAMIL NADU,NATIONAL HIGHWAYS AUTHORITY OF INDIA [NHAI],1564.23,958.93,78.41,2023-01-08,2025-01-08,2.3100000000000023,51.72999999999991
MINISTRY OF RAILWAYS,RAILWAYS,GUJARAT,WESTERN RAILWAY WR - II,262.0,387.82,64.0,2008-01-04,2025-01-03,0.0,4.149999999999977
MINISTRY OF RAILWAYS,RAILWAYS,GUJARAT,PCE/WR,468.0,44.62,9.0,2022-01-07,2027-01-03,0.0,0.0
MINISTRY OF POWER,ELECTRICITY GENERATION,ARUNACHAL PRADESH,NORTH EASTERN ELECTRIC POWER CORPORATION LIMITED,1938.85,105.5,5.0,2025-01-05,2029-01-07,0.0499999999999998,8.560000000000002
MINISTRY OF RAILWAYS,RAILWAYS,ANDHRA PRADESH,WPO/PATNA,560.72,276.66,65.0,2017-01-10,2023-01-12,0.0,0.0
MINISTRY OF ROAD TRANSPORT & HIGHWAYS,ROADS & HIGHWAYS,BIHAR,NATIONAL HIGHWAYS AUTHORITY OF INDIA [NHAI],1240.93,168.48,21.22,2025-01-10,2027-01-10,7.139999999999999,65.22999999999999
MINISTRY OF RAILWAYS,RAILWAYS,"MULTI-STATES (BIHAR, UTTAR PRADESH)",NORTH EASTERN RAILWAY [NER],380.47,258.41,20.0,2023-01-06,2027-01-03,-5.0,-0.2399999999999522
"MINISTRY OF PORTS, SHIPPING AND WATERWAYS",SHIPPING,GUJARAT,DEENDAYAL PORT TRUST,4243.64,2385.0,60.0,2024-01-03,2027-01-03,0.0,141.0
MINISTRY OF RAILWAYS,RAILWAYS,ASSAM,GM/C/ NFR,183.99,0.0,0.0,2022-01-01,2024-01-05,0.0,0.0
MINISTRY OF ROAD TRANSPORT & HIGHWAYS,ROADS & HIGHWAYS,"MULTI-STATES (HARYANA, UTTAR PRADESH)",NATIONAL HIGHWAYS AUTHORITY OF INDIA [NHAI],1554.21,801.92,78.5,2023-01-05,2025-01-05,4.0,80.59999999999991
DEPARTMENT OF HIGHER EDUCATION,EDUCATION,SIKKIM,SIKKIM UNIVERSITY,314.06,292.0,95.5,2022-01-01,2025-01-01,0.5,0.0
MINISTRY OF RAILWAYS,RAILWAYS,ASSAM,CENTRAL ORGANISATION FOR RAILWAY ELECTRIFICATION (CORE,890.36,391.73,89.0,2018-01-09,2020-01-09,0.0,0.0
MINISTRY OF ROAD TRANSPORT & HIGHWAYS,ROADS & HIGHWAYS,PUNJAB,NATIONAL HIGHWAYS AUTHORITY OF INDIA [NHAI],1229.38,772.82,71.02000000000001,2022-01-11,2024-01-11,0.7400000000000091,0.0900000000000318
DEPARTMENT OF HIGHER EDUCATION,EDUCATION,TELANGANA,"INDIAN INSTITUTE OF TECHNOLOGY, HYDERABAD",262.0,216.1,89.11,2022-01-11,2024-01-10,0.0,0.0
MINISTRY OF RAILWAYS,RAILWAYS,ODISHA,MINISTRY OF RAILWAYS,267.61,0.0,0.0,2019-01-09,2021-01-03,0.0,0.0
DEPARTMENT OF HIGHER EDUCATION,EDUCATION,ODISHA,"INDIAN INSTITUTES OF SCIENCE EDUCATION AND RESEARCH, BEHRAMPUR",1229.32,874.09,98.5,2019-01-09,2021-01-03,0.0,0.0
MINISTRY OF RAILWAYS,RAILWAYS,RAJASTHAN,NORTH WESTERN RAILWAY [NWR],304.0,84.59,77.0,2023-01-01,2026-01-03,5.0,1.5600000000000025
MINISTRY OF ROAD TRANSPORT & HIGHWAYS,ROADS & HIGHWAYS,GUJARAT,NATIONAL HIGHWAYS AUTHORITY OF INDIA [NHAI],625.58,126.13,31.05,2025-01-02,2027-01-02,-1.0500000000000007,-13.920000000000016
MINISTRY OF PETROLEUM & NATURAL GAS,OIL & GAS,JHARKHAND,OIL AND NATURAL GAS CORPORATION LIMITED [ONGC],431.0,261.97,65.9,2019-01-11,2024-01-01,0.6000000000000085,0.0
MINISTRY OF ROAD TRANSPORT & HIGHWAYS,ROADS & HIGHWAYS,"MULTI-STATES (BIHAR, JHARKHAND)",NATIONAL HIGHWAYS AUTHORITY OF INDIA [NHAI],1719.2,127.14,22.31,2025-01-07,2027-01-06,5.209999999999997,62.6
MINISTRY OF RAILWAYS,RAILWAYS,GOA,SOUTH WESTERN RAILWAY [SWR] - II,1892.0,0.0,0.0,2026-01-04,2031-01-03,0.0,0.0
MINISTRY OF CIVIL AVIATION,AVIATION & AVIATION INFRASTRUCTURE,JAMMU AND KASHMIR,AIRPORT AUTHORITY OF INDIA [AAI],861.37,327.3,52.95,2023-01-12,2026-01-06,1.6000000000000014,7.800000000000011
MINISTRY OF RAILWAYS,RAILWAYS,"MULTI-STATES (GUJARAT, MAHARASHTRA)",WESTERN RAILWAY,311.0,263.42,93.0,2023-01-03,2025-01-12,0.0,0.0
MINISTRY OF RAILWAYS,RAILWAYS,BIHAR,EAST CENTRAL RAILWAY [ECR] - I,645.0,54.13,56.89999999999999,2025-01-08,2025-01-08,0.1999999999999886,6.600000000000001
MINISTRY OF ROAD TRANSPORT & HIGHWAYS,ROADS & HIGHWAYS,GUJARAT,NATIONAL HIGHWAYS AUTHORITY OF INDIA [NHAI],778.15,672.59,99.7,2021-01-03,2023-01-03,0.0,9.210000000000036
MINISTRY OF CIVIL AVIATION,AVIATION & AVIATION INFRASTRUCTURE,WEST BENGAL,AIRPORT AUTHORITY OF INDIA [AAI],1549.0,481.09,36.93,2024-01-09,2027-01-03,2.3300000000000054,39.67999999999995
MINISTRY OF RAILWAYS,RAILWAYS,CHHATTISGARH,SOUTH EAST CENTRAL RAILWAY [SECR] - II,1376.0,290.16,28.000000000000004,2022-01-04,2030-01-06,1.0000000000000036,31.19
MINISTRY OF POWER,ELECTRICITY GENERATION,JHARKHAND,DAMODAR VALLEY CORPORATION,14358.0,1964.6,11.5,2024-01-11,2029-01-03,0.5,74.56999999999994
MINISTRY OF ROAD TRANSPORT & HIGHWAYS,ROADS & HIGHWAYS,BIHAR,NATIONAL HIGHWAYS AUTHORITY OF INDIA [NHAI],1915.99,129.12,14.15,2025-01-09,2027-01-09,3.77,64.53
MINISTRY OF CIVIL AVIATION,AVIATION & AVIATION INFRASTRUCTURE,"MULTI-STATES (KARNATAKA, MAHARASHTRA, TELANGANA, UTTAR PRADESH)",AIRPORT AUTHORITY OF INDIA [AAI],500.48,393.31,79.0,2022-01-10,2025-01-09,-1.0,-5.439999999999998
MINISTRY OF RAILWAYS,RAILWAYS,JHARKHAND,EAST CENTRAL RAILWAY [ECR] - I,349.22,145.57,72.0,2022-01-11,2027-01-11,0.5,19.86
MINISTRY OF ROAD TRANSPORT & HIGHWAYS,ROADS & HIGHWAYS,GUJARAT,NATIONAL HIGHWAYS AUTHORITY OF INDIA [NHAI],752.3,569.58,99.0,2021-01-08,2023-01-08,0.0,0.1500000000000909
MINISTRY OF POWER,ELECTRICITY GENERATION,HIMACHAL PRADESH,SATLUJ JAL VIDYUT NIGAM [SJVN] THERMAL LIMITED,2614.51,1097.78,34.43,2023-01-01,2028-01-04,0.4500000000000028,13.930000000000064
MINISTRY OF ROAD TRANSPORT & HIGHWAYS,ROADS & HIGHWAYS,RAJASTHAN,NATIONAL HIGHWAYS AUTHORITY OF INDIA [NHAI],662.08,511.76,99.2,2021-01-07,2023-01-07,0.0,2.930000000000007
MINISTRY OF RAILWAYS,RAILWAYS,RAJASTHAN,NORTH WESTERN RAILWAY [NWR],466.42,538.22,98.0,2022-01-01,2026-01-03,0.0,0.0
MINISTRY OF CIVIL AVIATION,AVIATION & AVIATION INFRASTRUCTURE,TAMIL NADU,AIRPORT AUTHORITY OF INDIA [AAI],1207.0,310.98,41.0,2023-01-06,2025-01-07,3.0,21.480000000000015
MINISTRY OF RAILWAYS,RAILWAYS,KARNATAKA,SOUTH WESTERN RAILWAY [SWR] - II,1591.0,0.38,0.0,2025-01-03,2027-01-12,0.0,0.0
MINISTRY OF ROAD TRANSPORT & HIGHWAYS,ROADS & HIGHWAYS,MAHARASHTRA,NATIONAL HIGHWAYS AUTHORITY OF INDIA [NHAI],2111.95,631.96,45.47,2023-01-01,2025-01-01,-4.410000000000004,0.3300000000000409
MINISTRY OF RAILWAYS,RAILWAYS,TELANGANA,RVNL - II,521.36,492.08,90.0,2023-01-02,2026-01-12,0.0,0.2099999999999795
MINISTRY OF POWER,TRANSMISSION & DISTRIBUTION,MADHYA PRADESH,POWER GRID CORPORATION OF INDIA LIMITED [POWERGRID],558.0,50.22,13.320000000000002,2025-01-06,2027-01-12,3.570000000000002,0.0
MINISTRY OF ROAD TRANSPORT & HIGHWAYS,ROADS & HIGHWAYS,ASSAM,MORTH,1019.17,0.0,2.41,2025-01-12,2027-01-12,-0.8399999999999999,0.0
MINISTRY OF ROAD TRANSPORT & HIGHWAYS,ROADS & HIGHWAYS,TAMIL NADU,NATIONAL HIGHWAYS AUTHORITY OF INDIA [NHAI],255.53,206.64,100.0,2006-01-08,2009-01-02,0.0,0.0
MINISTRY OF ROAD TRANSPORT & HIGHWAYS,ROADS & HIGHWAYS,ANDHRA PRADESH,MORTH,839.98,355.56,99.45,2023-01-09,2025-01-12,0.0,0.0
MINISTRY OF ROAD TRANSPORT & HIGHWAYS,ROADS & HIGHWAYS,HARYANA,NATIONAL HIGHWAYS AUTHORITY OF INDIA [NHAI],1093.35,429.94,83.75,2023-01-10,2025-01-10,4.409999999999997,0.1499999999999772
MINISTRY OF ROAD TRANSPORT & HIGHWAYS,ROADS & HIGHWAYS,JAMMU AND KASHMIR,NHIDCL,859.67,309.16,50.05,2021-01-08,2023-01-08,0.0,0.2100000000000363
MINISTRY OF ROAD TRANSPORT & HIGHWAYS,ROADS & HIGHWAYS,UTTAR PRADESH,MORTH,2008.7,0.0,12.0,2026-01-01,2028-01-01,-6.0,0.0
MINISTRY OF ROAD TRANSPORT & HIGHWAYS,ROADS & HIGHWAYS,"MULTI-STATES (BIHAR, UTTAR PRADESH)",NATIONAL HIGHWAYS AUTHORITY OF INDIA [NHAI],531.61,36.75,17.62,2025-01-08,2028-01-02,-2.539999999999999,-10.009999999999998
MINISTRY OF ROAD TRANSPORT & HIGHWAYS,ROADS & HIGHWAYS,"MULTI-STATES (BIHAR, JHARKHAND)",NATIONAL HIGHWAYS AUTHORITY OF INDIA [NHAI],1772.7,574.1,78.0,2019-01-06,2021-01-11,0.0,11.340000000000032
MINISTRY OF ROAD TRANSPORT & HIGHWAYS,ROADS & HIGHWAYS,UTTAR PRADESH,MORTH,809.25,0.0,59.0,2024-01-06,2025-01-12,1.000000000000007,0.0
MINISTRY OF ROAD TRANSPORT & HIGHWAYS,ROADS & HIGHWAYS,UTTAR PRADESH,MORTH,1141.67,0.0,86.0,2024-01-06,2026-01-06,1.0,0.0
MINISTRY OF ROAD TRANSPORT & HIGHWAYS,ROADS & HIGHWAYS,"MULTI-STATES (ANDHRA PRADESH, TAMIL NADU)",NATIONAL HIGHWAYS AUTHORITY OF INDIA [NHAI],464.62,183.01,100.0,2018-01-03,2020-01-03,0.0,-206.74
MINISTRY OF ROAD TRANSPORT & HIGHWAYS,ROADS & HIGHWAYS,JAMMU AND KASHMIR,NHIDCL,210.79,174.92,96.95,2020-01-10,2022-01-04,0.0,0.0
MINISTRY OF ROAD TRANSPORT & HIGHWAYS,ROADS & HIGHWAYS,UTTAR PRADESH,MORTH,1156.72,0.0,100.0,2024-01-02,2026-01-01,2.0,0.0
MINISTRY OF ROAD TRANSPORT & HIGHWAYS,ROADS & HIGHWAYS,ANDHRA PRADESH,NATIONAL HIGHWAYS AUTHORITY OF INDIA [NHAI],1581.24,939.5,98.2,2021-01-02,2023-01-02,0.0,4.509999999999991
MINISTRY OF ROAD TRANSPORT & HIGHWAYS,ROADS & HIGHWAYS,UTTAR PRADESH,MORTH,697.66,0.04,100.0,2023-01-10,2025-01-10,1.0,0.0
MINISTRY OF ROAD TRANSPORT & HIGHWAYS,ROADS & HIGHWAYS,UTTAR PRADESH,MORTH,264.86,0.0,93.0,2022-01-08,2023-01-08,0.0,0.0
MINISTRY OF ROAD TRANSPORT & HIGHWAYS,ROADS & HIGHWAYS,UTTAR PRADESH,NATIONAL HIGHWAYS AUTHORITY OF INDIA [NHAI],1706.47,866.24,100.0,2023-01-07,2025-01-07,0.8900000000000006,21.399999999999977
MINISTRY OF ROAD TRANSPORT & HIGHWAYS,ROADS & HIGHWAYS,ODISHA,NATIONAL HIGHWAYS AUTHORITY OF INDIA [NHAI],639.3,52.23,97.48,2011-01-12,2014-01-06,0.0,0.0
MINISTRY OF ROAD TRANSPORT & HIGHWAYS,ROADS & HIGHWAYS,UTTAR PRADESH,MORTH,917.91,128.0,56.00000000000001,2024-01-01,2026-01-01,0.0,0.0
MINISTRY OF ROAD TRANSPORT & HIGHWAYS,ROADS & HIGHWAYS,TAMIL NADU,NATIONAL HIGHWAYS AUTHORITY OF INDIA [NHAI],1673.17,270.37,99.99,2011-01-06,2013-01-12,0.0,-431.0
MINISTRY OF ROAD TRANSPORT & HIGHWAYS,ROADS & HIGHWAYS,JAMMU AND KASHMIR,NHIDCL,255.9,0.0,0.0,2018-01-11,2020-01-11,-94.06,-242.42
MINISTRY OF ROAD TRANSPORT & HIGHWAYS,ROADS & HIGHWAYS,UTTAR PRADESH,MORTH,640.18,242.32,96.79,2023-01-11,2025-01-11,0.8100000000000023,3.1200000000000045
MINISTRY OF ROAD TRANSPORT & HIGHWAYS,ROADS & HIGHWAYS,KARNATAKA,NATIONAL HIGHWAYS AUTHORITY OF INDIA [NHAI],1317.74,1028.28,99.2,2021-01-02,2023-01-02,0.0,1.3799999999998818
MINISTRY OF ROAD TRANSPORT & HIGHWAYS,ROADS & HIGHWAYS,MADHYA PRADESH,MORTH,214.07,0.0,40.3,2024-01-03,2025-01-09,-1.2900000000000065,0.0
MINISTRY OF ROAD TRANSPORT & HIGHWAYS,ROADS & HIGHWAYS,JAMMU AND KASHMIR,NHIDCL,486.45,0.0,0.0,2021-01-03,2022-01-08,0.0,0.0
MINISTRY OF ROAD TRANSPORT & HIGHWAYS,ROADS & HIGHWAYS,MADHYA PRADESH,MORTH,352.69,0.0,47.29,2024-01-01,2026-01-01,-9.97,0.0
MINISTRY OF ROAD TRANSPORT & HIGHWAYS,ROADS & HIGHWAYS,KARNATAKA,NATIONAL HIGHWAYS AUTHORITY OF INDIA [NHAI],1181.68,799.85,94.89,2023-01-02,2025-01-02,0.1700000000000017,0.0099999999999909
MINISTRY OF ROAD TRANSPORT & HIGHWAYS,ROADS & HIGHWAYS,UTTAR PRADESH,NATIONAL HIGHWAYS AUTHORITY OF INDIA [NHAI],1493.65,727.02,96.29,2023-01-10,2025-01-10,0.7900000000000063,21.94999999999993
MINISTRY OF ROAD TRANSPORT & HIGHWAYS,ROADS & HIGHWAYS,MAHARASHTRA,MORTH,341.8,0.0,82.0,2017-01-06,2019-01-06,0.0,0.0
MINISTRY OF ROAD TRANSPORT & HIGHWAYS,ROADS & HIGHWAYS,TAMIL NADU,NATIONAL HIGHWAYS AUTHORITY OF INDIA [NHAI],461.54,42.28,100.0,2006-01-10,2009-01-04,0.0,0.0
MINISTRY OF ROAD TRANSPORT & HIGHWAYS,ROADS & HIGHWAYS,JAMMU AND KASHMIR,NHIDCL,512.43,155.69,53.49,2021-01-08,2023-01-02,0.0,0.0
MINISTRY OF ROAD TRANSPORT & HIGHWAYS,ROADS & HIGHWAYS,ASSAM,MORTH,382.1,25.58,5.24,2025-01-09,2027-01-03,-1.0599999999999996,-0.4700000000000024
MINISTRY OF ROAD TRANSPORT & HIGHWAYS,ROADS & HIGHWAYS,TAMIL NADU,NATIONAL HIGHWAYS AUTHORITY OF INDIA [NHAI],852.0,5.14,100.0,2010-01-09,2013-01-03,0.0,-1.79
MINISTRY OF ROAD TRANSPORT & HIGHWAYS,ROADS & HIGHWAYS,HIMACHAL PRADESH,NATIONAL HIGHWAYS AUTHORITY OF INDIA [NHAI],696.65,318.1,98.24,2023-01-09,2025-01-09,1.6400000000000006,0.0200000000000386
MINISTRY OF ROAD TRANSPORT & HIGHWAYS,ROADS & HIGHWAYS,BIHAR,MORTH,495.16,0.0,36.0,2024-01-10,2026-01-04,3.0,0.0
MINISTRY OF ROAD TRANSPORT & HIGHWAYS,ROADS & HIGHWAYS,KARNATAKA,NATIONAL HIGHWAYS AUTHORITY OF INDIA [NHAI],1644.92,329.51,97.8,2014-01-03,2016-01-08,0.0,0.0699999999999931
MINISTRY OF ROAD TRANSPORT & HIGHWAYS,ROADS & HIGHWAYS,KARNATAKA,MORTH,166.58,35.33,65.0,2024-01-03,2025-01-09,0.0,-7.149999999999999
MINISTRY OF ROAD TRANSPORT & HIGHWAYS,ROADS & HIGHWAYS,ARUNACHAL PRADESH,NHIDCL,625.61,0.0,21.67,2025-01-05,2027-01-11,0.3000000000000007,0.0
MINISTRY OF ROAD TRANSPORT & HIGHWAYS,ROADS & HIGHWAYS,MAHARASHTRA,NATIONAL HIGHWAYS AUTHORITY OF INDIA [NHAI],546.44,420.53,81.63,2022-01-11,2024-01-05,0.0,0.1499999999999772
MINISTRY OF ROAD TRANSPORT & HIGHWAYS,ROADS & HIGHWAYS,KARNATAKA,MORTH,785.79,0.0,0.0,2026-01-04,2028-01-04,0.0,-6.15
MINISTRY OF ROAD TRANSPORT & HIGHWAYS,ROADS & HIGHWAYS,KARNATAKA,MORTH,957.09,248.81,60.21,2025-01-01,2027-01-01,60.21,0.6800000000000068
MINISTRY OF ROAD TRANSPORT & HIGHWAYS,ROADS & HIGHWAYS,TAMIL NADU,NATIONAL HIGHWAYS AUTHORITY OF INDIA [NHAI],1243.57,629.81,77.57,2021-01-12,2023-01-12,-4.990000000000009,6.219999999999914
MINISTRY OF ROAD TRANSPORT & HIGHWAYS,ROADS & HIGHWAYS,HIMACHAL PRADESH,NATIONAL HIGHWAYS AUTHORITY OF INDIA [NHAI],930.86,370.19,94.83,2024-01-11,2026-01-11,2.819999999999993,30.819999999999997
MINISTRY OF ROAD TRANSPORT & HIGHWAYS,ROADS & HIGHWAYS,MAHARASHTRA,MORTH,761.83,0.0,15.0,2025-01-05,2027-01-05,0.0,0.0
MINISTRY OF ROAD TRANSPORT & HIGHWAYS,ROADS & HIGHWAYS,ARUNACHAL PRADESH,NHIDCL,275.5,0.0,49.830000000000005,2025-01-01,2027-01-01,0.6000000000000085,0.0
MINISTRY OF ROAD TRANSPORT & HIGHWAYS,ROADS & HIGHWAYS,"MULTI-STATES (HARYANA, PUNJAB)",NATIONAL HIGHWAYS AUTHORITY OF INDIA [NHAI],609.32,191.74,72.7,2023-01-12,2025-01-12,-2.3499999999999943,-11.509999999999993
MINISTRY OF ROAD TRANSPORT & HIGHWAYS,ROADS & HIGHWAYS,KARNATAKA,MORTH,1084.29,0.0,0.0,2026-01-05,2029-01-05,0.0,0.0
MINISTRY OF ROAD TRANSPORT & HIGHWAYS,ROADS & HIGHWAYS,MAHARASHTRA,MORTH,488.6,0.0,96.19,2017-01-08,2019-01-07,0.0,0.0
MINISTRY OF ROAD TRANSPORT & HIGHWAYS,ROADS & HIGHWAYS,HARYANA,NATIONAL HIGHWAYS AUTHORITY OF INDIA [NHAI],994.22,623.73,99.97,2020-01-07,2022-01-07,0.0,0.0500000000000682
MINISTRY OF ROAD TRANSPORT & HIGHWAYS,ROADS & HIGHWAYS,ARUNACHAL PRADESH,NHIDCL,1262.43,233.94,17.150000000000002,2025-01-03,2028-01-02,0.4000000000000021,0.1299999999999954
MINISTRY OF ROAD TRANSPORT & HIGHWAYS,ROADS & HIGHWAYS,MAHARASHTRA,MORTH,653.46,7.33,98.08,2017-01-08,2019-01-08,0.0,0.0
MINISTRY OF ROAD TRANSPORT & HIGHWAYS,ROADS & HIGHWAYS,HIMACHAL PRADESH,NATIONAL HIGHWAYS AUTHORITY OF INDIA [NHAI],815.68,218.66,54.22,2024-01-03,2025-01-12,2.6599999999999966,18.299999999999983
MINISTRY OF ROAD TRANSPORT & HIGHWAYS,ROADS & HIGHWAYS,DELHI,NATIONAL HIGHWAYS AUTHORITY OF INDIA [NHAI],2067.67,1909.72,100.0,2019-01-10,2021-01-10,0.0,0.4400000000000545
MINISTRY OF ROAD TRANSPORT & HIGHWAYS,ROADS & HIGHWAYS,MAHARASHTRA,MORTH,157.62,0.0,68.93,2023-01-01,2024-01-07,0.0,0.0
MINISTRY OF ROAD TRANSPORT & HIGHWAYS,ROADS & HIGHWAYS,MAHARASHTRA,MORTH,396.17,85.57,73.05,2025-01-01,2026-01-07,-3.1500000000000057,-9.63000000000001
MINISTRY OF ROAD TRANSPORT & HIGHWAYS,ROADS & HIGHWAYS,ASSAM,NHAI,1909.98,1340.44,94.59,2023-01-01,2026-01-01,1.5100000000000051,33.11000000000013
MINISTRY OF ROAD TRANSPORT & HIGHWAYS,ROADS & HIGHWAYS,ARUNACHAL PRADESH,NHIDCL,1418.67,0.0,1.7000000000000002,2025-01-07,2028-01-07,0.0,0.0
MINISTRY OF ROAD TRANSPORT & HIGHWAYS,ROADS & HIGHWAYS,MADHYA PRADESH,MORTH,492.66,0.0,72.1,2024-01-10,2026-01-10,-1.4000000000000057,0.0
MINISTRY OF ROAD TRANSPORT & HIGHWAYS,ROADS & HIGHWAYS,GUJARAT,NATIONAL HIGHWAYS AUTHORITY OF INDIA [NHAI],2070.44,967.76,71.63000000000001,2023-01-09,2025-01-09,1.970000000000013,53.73000000000002
MINISTRY OF ROAD TRANSPORT & HIGHWAYS,ROADS & HIGHWAYS,MADHYA PRADESH,MORTH,348.06,0.0,68.7,2024-01-12,2026-01-06,-10.299999999999995,0.0
MINISTRY OF ROAD TRANSPORT & HIGHWAYS,ROADS & HIGHWAYS,HIMACHAL PRADESH,NATIONAL HIGHWAYS AUTHORITY OF INDIA [NHAI],1113.02,398.71,31.09,2025-01-03,2027-01-09,3.289999999999996,62.91999999999996
MINISTRY OF ROAD TRANSPORT & HIGHWAYS,ROADS & HIGHWAYS,MADHYA PRADESH,MORTH,416.96,0.0,13.11,2024-01-12,2026-01-12,-2.380000000000001,0.0
MINISTRY OF ROAD TRANSPORT & HIGHWAYS,ROADS & HIGHWAYS,JAMMU AND KASHMIR,NHIDCL,398.51,99.35,98.55,2021-01-07,2022-01-12,0.0,0.0
MINISTRY OF ROAD TRANSPORT & HIGHWAYS,ROADS & HIGHWAYS,ANDHRA PRADESH,MORTH,568.12,303.13,98.63,2023-01-01,2025-01-01,0.0,0.0
MINISTRY OF ROAD TRANSPORT & HIGHWAYS,ROADS & HIGHWAYS,KARNATAKA,NATIONAL HIGHWAYS AUTHORITY OF INDIA [NHAI],2032.15,598.88,60.74,2022-01-08,2025-01-08,0.9099999999999966,18.870000000000005
MINISTRY OF ROAD TRANSPORT & HIGHWAYS,ROADS & HIGHWAYS,MAHARASHTRA,MORTH,226.58,0.0,100.0,2025-01-04,2026-01-10,0.0,0.0
MINISTRY OF POWER,ELECTRICITY GENERATION,ODISHA,NATIONAL THERMAL POWER CORPORATION [NTPC],11131.0,472.8,2.35,2025-01-11,2031-01-01,,
MINISTRY OF ROAD TRANSPORT & HIGHWAYS,ROADS & HIGHWAYS,KARNATAKA,MORTH,613.65,0.0,0.0,2025-01-11,2027-01-11,0.0,0.0
MINISTRY OF ROAD TRANSPORT & HIGHWAYS,ROADS & HIGHWAYS,MANIPUR,NHIDCL,310.76,247.28,97.0,2022-01-08,2024-01-02,0.2000000000000028,0.0
MINISTRY OF ROAD TRANSPORT & HIGHWAYS,ROADS & HIGHWAYS,TELANGANA,MORTH,644.45,350.2,98.6,2023-01-03,2025-01-03,0.0,0.8199999999999932
MINISTRY OF COAL,COAL,MAHARASHTRA,WESTERN COALFIELDS LIMITED [WCL],444.42,0.0,0.0,2025-01-08,2032-03-01,0.0,0.0
MINISTRY OF ROAD TRANSPORT & HIGHWAYS,ROADS & HIGHWAYS,ANDHRA PRADESH,MORTH,403.22,227.13,99.06,2023-01-01,2025-01-01,0.0,0.0
MINISTRY OF ROAD TRANSPORT & HIGHWAYS,ROADS & HIGHWAYS,ANDHRA PRADESH,MORTH,423.67,0.0,94.65,2022-01-07,2024-01-07,0.0,0.0
MINISTRY OF CIVIL AVIATION,AVIATION & AVIATION INFRASTRUCTURE,GUJARAT,AIRPORT AUTHORITY OF INDIA [AAI],363.1,87.88,38.18,2025-01-07,2027-01-01,-3.3200000000000003,-14.420000000000002
MINISTRY OF ROAD TRANSPORT & HIGHWAYS,ROADS & HIGHWAYS,ANDHRA PRADESH,MORTH,368.63,37.59,22.55,2025-01-04,2026-01-12,0.0,-24.84
MINISTRY OF ROAD TRANSPORT & HIGHWAYS,ROADS & HIGHWAYS,MANIPUR,NHIDCL,315.56,228.02,91.11,2023-01-07,2025-01-01,0.2000000000000028,0.0400000000000204
MINISTRY OF ROAD TRANSPORT & HIGHWAYS,ROADS & HIGHWAYS,ANDHRA PRADESH,MORTH,294.13,312.39,98.52,2018-01-08,2020-01-02,0.0,0.0
MINISTRY OF COAL,COAL,MADHYA PRADESH,SECL - CIL,1604.69,74.71,0.3,2025-01-05,2030-01-03,0.0,0.0
MINISTRY OF ROAD TRANSPORT & HIGHWAYS,ROADS & HIGHWAYS,HIMACHAL PRADESH,NATIONAL HIGHWAYS AUTHORITY OF INDIA [NHAI],1322.95,878.58,97.45,2022-01-12,2024-01-12,0.0,54.030000000000086
MINISTRY OF ROAD TRANSPORT & HIGHWAYS,ROADS & HIGHWAYS,TELANGANA,MORTH,578.85,0.0,85.0,2022-01-12,2024-01-12,0.0,0.0
MINISTRY OF HOUSING & URBAN AFFAIRS,URBAN PUBLIC TRANSPORT,UTTAR PRADESH,UTTAR PRADESH METRO RAIL CORPORATION [UPMRC],5801.05,0.0,1.1,2026-01-05,,0.1,0.0
MINISTRY OF ROAD TRANSPORT & HIGHWAYS,ROADS & HIGHWAYS,TELANGANA,MORTH,882.18,347.73,74.06,2023-01-01,2025-01-01,0.0,0.0
MINISTRY OF ROAD TRANSPORT & HIGHWAYS,ROADS & HIGHWAYS,MANIPUR,NHIDCL,578.98,249.58,80.02,2024-01-03,2026-01-03,0.519999999999996,0.2900000000000204
MINISTRY OF ROAD TRANSPORT & HIGHWAYS,ROADS & HIGHWAYS,MAHARASHTRA,MORTH,388.93,0.0,93.07,2022-01-01,2024-01-01,0.0699999999999931,0.0
MINISTRY OF POWER,ELECTRICITY GENERATION,BIHAR,NATIONAL THERMAL POWER CORPORATION [NTPC],29948.0,2865.29,11.45,2025-01-03,2030-01-07,,
MINISTRY OF ROAD TRANSPORT & HIGHWAYS,ROADS & HIGHWAYS,MAHARASHTRA,MORTH,723.13,0.0,52.5,2024-01-07,2026-01-07,4.0,0.0
MINISTRY OF ROAD TRANSPORT & HIGHWAYS,ROADS & HIGHWAYS,HIMACHAL PRADESH,NATIONAL HIGHWAYS AUTHORITY OF INDIA [NHAI],739.39,233.46,92.8,2023-01-10,2025-01-10,0.2300000000000039,0.0300000000000011
MINISTRY OF POWER,TRANSMISSION & DISTRIBUTION,GUJARAT,ADANI TRANSMISSION LIMITED,4500.0,2263.7,60.0,2024-01-08,2026-01-08,2.000000000000007,0.0
MINISTRY OF ROAD TRANSPORT & HIGHWAYS,ROADS & HIGHWAYS,RAJASTHAN,MORTH,317.74,6.08,48.2,2023-01-10,2025-01-04,11.329999999999998,0.0099999999999997
MINISTRY OF ROAD TRANSPORT & HIGHWAYS,ROADS & HIGHWAYS,TRIPURA,NHIDCL,277.5,0.0,0.0,2020-01-07,2022-01-01,0.0,0.0
MINISTRY OF ROAD TRANSPORT & HIGHWAYS,ROADS & HIGHWAYS,JAMMU AND KASHMIR,MORTH,702.1,0.0,49.220000000000006,2024-01-11,2026-01-11,4.220000000000006,0.0
MINISTRY OF ROAD TRANSPORT & HIGHWAYS,ROADS & HIGHWAYS,TAMIL NADU,NATIONAL HIGHWAYS AUTHORITY OF INDIA [NHAI],1205.4,62.01,8.58,2023-01-11,2026-01-05,0.6699999999999999,0.0
MINISTRY OF ROAD TRANSPORT & HIGHWAYS,ROADS & HIGHWAYS,TRIPURA,NHIDCL,174.43,0.0,41.9,2024-01-09,2026-01-03,0.0,0.0
MINISTRY OF ROAD TRANSPORT & HIGHWAYS,ROADS & HIGHWAYS,JAMMU AND KASHMIR,MORTH,992.43,34.26,44.1,2024-01-09,2026-01-09,4.259999999999998,0.25
MINISTRY OF ROAD TRANSPORT & HIGHWAYS,ROADS & HIGHWAYS,JAMMU AND KASHMIR,MORTH,980.21,16.44,53.67,2024-01-08,2026-01-07,3.660000000000004,16.17
MINISTRY OF ROAD TRANSPORT & HIGHWAYS,ROADS & HIGHWAYS,HIMACHAL PRADESH,NATIONAL HIGHWAYS AUTHORITY OF INDIA [NHAI],1146.19,293.56,93.05,2023-01-04,2025-01-04,1.7000000000000028,0.1299999999999954
MINISTRY OF ROAD TRANSPORT & HIGHWAYS,ROADS & HIGHWAYS,MAHARASHTRA,MORTH,381.77,0.0,83.93,2017-01-06,2019-01-06,0.0,0.0
MINISTRY OF ROAD TRANSPORT & HIGHWAYS,ROADS & HIGHWAYS,MAHARASHTRA,MORTH,253.78,0.0,99.75,2023-01-11,2025-01-05,0.0,0.0
MINISTRY OF ROAD TRANSPORT & HIGHWAYS,ROADS & HIGHWAYS,UTTAR PRADESH,MORTH,947.15,0.0,6.0,2025-01-10,2027-01-10,2.0,0.0
MINISTRY OF ROAD TRANSPORT & HIGHWAYS,ROADS & HIGHWAYS,JAMMU AND KASHMIR,NHIDCL,228.39,163.81,94.26,2020-01-10,2022-01-04,0.0,0.0
MINISTRY OF ROAD TRANSPORT & HIGHWAYS,ROADS & HIGHWAYS,MAHARASHTRA,NATIONAL HIGHWAYS AUTHORITY OF INDIA [NHAI],361.72,68.63,99.05,2010-01-10,2022-01-05,0.0,-315.92
MINISTRY OF ROAD TRANSPORT & HIGHWAYS,ROADS & HIGHWAYS,MAHARASHTRA,MORTH,428.8,0.0,93.46,2023-01-05,2025-01-05,0.0,0.0
MINISTRY OF ROAD TRANSPORT & HIGHWAYS,ROADS & HIGHWAYS,UTTAR PRADESH,NATIONAL HIGHWAYS AUTHORITY OF INDIA [NHAI],617.88,249.49,91.1,2023-01-06,2025-01-06,7.219999999999999,13.850000000000025
MINISTRY OF ROAD TRANSPORT & HIGHWAYS,ROADS & HIGHWAYS,MAHARASHTRA,MORTH,349.08,0.0,21.6,2026-01-01,2028-01-01,-13.85,-25.6
MINISTRY OF ROAD TRANSPORT & HIGHWAYS,ROADS & HIGHWAYS,"MULTI-STATES (HARYANA, UTTAR PRADESH)",NATIONAL HIGHWAYS AUTHORITY OF INDIA [NHAI],2920.69,1089.34,69.77,2023-01-06,2025-01-06,0.0,64.43999999999983
MINISTRY OF ROAD TRANSPORT & HIGHWAYS,ROADS & HIGHWAYS,MAHARASHTRA,MORTH,227.19,0.0,95.29,2018-01-06,2019-01-12,-3.86,0.0
MINISTRY OF ROAD TRANSPORT & HIGHWAYS,ROADS & HIGHWAYS,UTTARAKHAND,NHIDCL,216.68,107.69,96.0,2024-01-06,2025-01-12,0.0,0.0
MINISTRY OF ROAD TRANSPORT & HIGHWAYS,ROADS & HIGHWAYS,GUJARAT,NATIONAL HIGHWAYS AUTHORITY OF INDIA [NHAI],356.6,104.04,100.0,2017-01-05,2019-01-05,0.0,0.8100000000000023
MINISTRY OF ROAD TRANSPORT & HIGHWAYS,ROADS & HIGHWAYS,MAHARASHTRA,MORTH,162.67,0.0,72.0,2024-01-12,2026-01-06,0.0,0.0
MINISTRY OF ROAD TRANSPORT & HIGHWAYS,ROADS & HIGHWAYS,"MULTI-STATES (JAMMU AND KASHMIR, PUNJAB)",NATIONAL HIGHWAYS AUTHORITY OF INDIA [NHAI],3044.02,1551.47,83.6,2022-01-09,2024-01-09,0.0,0.1400000000001
MINISTRY OF ROAD TRANSPORT & HIGHWAYS,ROADS & HIGHWAYS,MAHARASHTRA,MORTH,181.58,0.0,93.01,2024-01-08,2026-01-02,-3.989999999999995,0.0
MINISTRY OF ROAD TRANSPORT & HIGHWAYS,ROADS & HIGHWAYS,"MULTI-STATES (UTTAR PRADESH, UTTARAKHAND)",NATIONAL HIGHWAYS AUTHORITY OF INDIA [NHAI],238.66,20.2,16.400000000000002,2025-01-10,2027-01-10,-4.099999999999998,-12.87
MINISTRY OF ROAD TRANSPORT & HIGHWAYS,ROADS & HIGHWAYS,MAHARASHTRA,MORTH,223.46,0.0,89.08,2018-01-06,2019-01-12,0.0,0.0
MINISTRY OF ROAD TRANSPORT & HIGHWAYS,ROADS & HIGHWAYS,MAHARASHTRA,MORTH,153.79,0.0,98.0,2024-01-01,2025-01-07,0.0,0.0
MINISTRY OF ROAD TRANSPORT & HIGHWAYS,ROADS & HIGHWAYS,"MULTI-STATES (DADRA & NAGAR HAVELI AND DAMAN & DIU, GUJARAT, MAHARASHTRA)",NATIONAL HIGHWAYS AUTHORITY OF INDIA [NHAI],1909.74,672.44,36.23,2022-01-03,2024-01-03,0.0,0.9800000000000182
MINISTRY OF ROAD TRANSPORT & HIGHWAYS,ROADS & HIGHWAYS,UTTARAKHAND,NHIDCL,259.64,0.0,62.93,2024-01-12,2026-01-06,3.18,0.0
MINISTRY OF ROAD TRANSPORT & HIGHWAYS,ROADS & HIGHWAYS,TELANGANA,MORTH,499.88,187.35,64.11,2024-01-07,2026-01-07,-2.569999999999993,-9.900000000000006
MINISTRY OF ROAD TRANSPORT & HIGHWAYS,ROADS & HIGHWAYS,RAJASTHAN,NATIONAL HIGHWAYS AUTHORITY OF INDIA [NHAI],1636.15,1278.04,100.0,2022-01-11,2024-01-11,0.0,72.75
MINISTRY OF ROAD TRANSPORT & HIGHWAYS,ROADS & HIGHWAYS,TELANGANA,MORTH,399.01,0.0,66.03999999999999,2024-01-08,2026-01-08,-3.5600000000000023,0.0
MINISTRY OF ROAD TRANSPORT & HIGHWAYS,ROADS & HIGHWAYS,GUJARAT,MORTH,705.09,0.0,2.0,2026-01-05,2028-01-05,-2.0,0.0
MINISTRY OF ROAD TRANSPORT & HIGHWAYS,ROADS & HIGHWAYS,UTTARAKHAND,NHIDCL,250.33,0.0,83.54,2024-01-06,2025-01-12,1.2900000000000065,0.0
MINISTRY OF ROAD TRANSPORT & HIGHWAYS,ROADS & HIGHWAYS,KARNATAKA,MORTH,313.56,0.0,65.0,2024-01-02,2026-01-02,0.0,-151.04
MINISTRY OF ROAD TRANSPORT & HIGHWAYS,ROADS & HIGHWAYS,ASSAM,NHIDCL,344.71,46.37,62.9,2024-01-10,2025-01-09,0.0,0.0
MINISTRY OF ROAD TRANSPORT & HIGHWAYS,ROADS & HIGHWAYS,KARNATAKA,NATIONAL HIGHWAYS AUTHORITY OF INDIA [NHAI],2082.98,865.76,83.36,2021-01-10,2023-01-10,0.480000000000004,0.0599999999999454
MINISTRY OF ROAD TRANSPORT & HIGHWAYS,ROADS & HIGHWAYS,KARNATAKA,MORTH,394.95,0.0,0.0,2025-01-08,2027-01-08,-12.0,0.0
MINISTRY OF ROAD TRANSPORT & HIGHWAYS,ROADS & HIGHWAYS,NAGALAND,NHIDCL,323.98,70.48,75.05,2023-01-09,2025-01-09,0.0,0.0200000000000102
MINISTRY OF ROAD TRANSPORT & HIGHWAYS,ROADS & HIGHWAYS,TELANGANA,MORTH,549.28,296.89,94.01,2022-01-12,2024-01-12,0.0,0.0
MINISTRY OF ROAD TRANSPORT & HIGHWAYS,ROADS & HIGHWAYS,UTTARAKHAND,NHIDCL,1383.78,710.42,72.85000000000001,2018-01-07,2022-01-07,2.210000000000008,21.49000000000001
MINISTRY OF ROAD TRANSPORT & HIGHWAYS,ROADS & HIGHWAYS,ASSAM,NHIDCL,574.26,316.52,71.09,2024-01-02,2026-01-08,0.0,0.1999999999999886
MINISTRY OF ROAD TRANSPORT & HIGHWAYS,ROADS & HIGHWAYS,"MULTI-STATES (KERALA, PUDUCHERRY)",NATIONAL HIGHWAYS AUTHORITY OF INDIA [NHAI],1181.12,710.24,100.0,2017-01-12,2020-01-05,0.0,0.0
MINISTRY OF ROAD TRANSPORT & HIGHWAYS,ROADS & HIGHWAYS,KARNATAKA,MORTH,423.15,0.0,0.0,2019-01-12,2022-01-12,0.0,0.0
MINISTRY OF ROAD TRANSPORT & HIGHWAYS,ROADS & HIGHWAYS,TELANGANA,MORTH,197.0,0.0,92.74,2017-01-11,2019-01-10,0.0,0.0
MINISTRY OF ROAD TRANSPORT & HIGHWAYS,ROADS & HIGHWAYS,RAJASTHAN,MORTH,838.43,55.04,0.0,2023-01-09,2025-01-09,0.0,0.0
MINISTRY OF ROAD TRANSPORT & HIGHWAYS,ROADS & HIGHWAYS,TAMIL NADU,NATIONAL HIGHWAYS AUTHORITY OF INDIA [NHAI],1116.13,588.22,53.41,2023-01-12,2025-01-12,0.0,56.89999999999998
MINISTRY OF ROAD TRANSPORT & HIGHWAYS,ROADS & HIGHWAYS,MAHARASHTRA,MORTH,369.39,330.37,86.3,2018-01-06,2019-01-12,0.0,6.6200000000000045
MINISTRY OF ROAD TRANSPORT & HIGHWAYS,ROADS & HIGHWAYS,MEGHALAYA,NHIDCL,359.86,214.21,80.49,2022-01-05,2024-01-05,0.0,0.0900000000000034
MINISTRY OF ROAD TRANSPORT & HIGHWAYS,ROADS & HIGHWAYS,TAMIL NADU,NATIONAL HIGHWAYS AUTHORITY OF INDIA [NHAI],1360.54,560.86,58.650000000000006,2022-01-05,2024-01-05,0.0,-14.549999999999956
MINISTRY OF ROAD TRANSPORT & HIGHWAYS,ROADS & HIGHWAYS,KARNATAKA,MORTH,196.05,0.0,71.0,2024-01-09,2026-01-03,0.0,0.0
MINISTRY OF ROAD TRANSPORT & HIGHWAYS,ROADS & HIGHWAYS,MAHARASHTRA,MORTH,181.45,0.0,87.0,2024-01-10,2026-01-04,0.0,0.0
MINISTRY OF ROAD TRANSPORT & HIGHWAYS,ROADS & HIGHWAYS,TELANGANA,NATIONAL HIGHWAYS AUTHORITY OF INDIA [NHAI],615.78,431.67,98.02,2022-01-09,2024-01-09,0.0,0.0
MINISTRY OF ROAD TRANSPORT & HIGHWAYS,ROADS & HIGHWAYS,UTTAR PRADESH,NATIONAL HIGHWAYS AUTHORITY OF INDIA [NHAI],2009.11,194.38,32.95,2025-01-05,2027-01-05,4.740000000000002,3.329999999999984
MINISTRY OF ROAD TRANSPORT & HIGHWAYS,ROADS & HIGHWAYS,MAHARASHTRA,MORTH,407.2,0.0,91.89,2017-01-06,2019-01-06,0.0,0.0
MINISTRY OF ROAD TRANSPORT & HIGHWAYS,ROADS & HIGHWAYS,TRIPURA,NHIDCL,2026.05,318.48,9.2,2024-01-03,2027-01-03,0.0,25.930000000000007
MINISTRY OF ROAD TRANSPORT & HIGHWAYS,ROADS & HIGHWAYS,BIHAR,NHAI,2185.75,411.78,25.76,2024-01-03,2026-01-03,1.09,38.14999999999998
MINISTRY OF ROAD TRANSPORT & HIGHWAYS,ROADS & HIGHWAYS,MAHARASHTRA,MORTH,167.97,0.0,93.75,2022-01-11,2024-01-05,0.0,0.0
MINISTRY OF ROAD TRANSPORT & HIGHWAYS,ROADS & HIGHWAYS,MAHARASHTRA,MORTH,164.13,98.68,100.0,2024-01-10,2026-01-04,0.0,0.0
MINISTRY OF ROAD TRANSPORT & HIGHWAYS,ROADS & HIGHWAYS,ANDHRA PRADESH,NATIONAL HIGHWAYS AUTHORITY OF INDIA [NHAI],976.41,332.94,73.0,2024-01-02,2026-01-02,0.0,39.610000000000014
MINISTRY OF ROAD TRANSPORT & HIGHWAYS,ROADS & HIGHWAYS,ANDHRA PRADESH,MORTH,881.61,0.0,37.95,2025-01-04,2027-01-04,1.1300000000000026,0.0
MINISTRY OF ROAD TRANSPORT & HIGHWAYS,ROADS & HIGHWAYS,MANIPUR,NHIDCL,226.32,179.09,74.58,2021-01-06,2022-01-12,0.0,0.0
MINISTRY OF ROAD TRANSPORT & HIGHWAYS,ROADS & HIGHWAYS,ANDHRA PRADESH,MORTH,279.29,159.13,90.33,2024-01-10,2026-01-04,0.0,-9.569999999999991
MINISTRY OF ROAD TRANSPORT & HIGHWAYS,ROADS & HIGHWAYS,ANDHRA PRADESH,NATIONAL HIGHWAYS AUTHORITY OF INDIA [NHAI],1103.9,207.82,44.1,2024-01-02,2026-01-02,0.9400000000000048,10.45999999999998
MINISTRY OF ROAD TRANSPORT & HIGHWAYS,ROADS & HIGHWAYS,UTTAR PRADESH,NATIONAL HIGHWAYS AUTHORITY OF INDIA [NHAI],2289.52,486.69,68.4,2024-01-06,2026-01-06,5.920000000000009,0.1700000000000159
MINISTRY OF ROAD TRANSPORT & HIGHWAYS,ROADS & HIGHWAYS,TELANGANA,MORTH,886.69,584.84,86.74,2023-01-07,2025-01-07,1.0799999999999983,11.710000000000036
MINISTRY OF ROAD TRANSPORT & HIGHWAYS,ROADS & HIGHWAYS,ANDHRA PRADESH,NATIONAL HIGHWAYS AUTHORITY OF INDIA [NHAI],747.29,227.97,70.19999999999999,2024-01-02,2026-01-02,0.5999999999999943,0.0099999999999909
MINISTRY OF ROAD TRANSPORT & HIGHWAYS,ROADS & HIGHWAYS,TELANGANA,MORTH,631.49,92.56,30.8,2023-01-10,2025-01-10,0.0,0.0
MINISTRY OF ROAD TRANSPORT & HIGHWAYS,ROADS & HIGHWAYS,MANIPUR,NHIDCL,188.36,0.0,100.0,2021-01-06,2022-01-12,0.0,0.0
MINISTRY OF ROAD TRANSPORT & HIGHWAYS,ROADS & HIGHWAYS,TELANGANA,MORTH,703.68,279.83,90.69,2023-01-01,2025-01-01,0.0,0.25
MINISTRY OF ROAD TRANSPORT & HIGHWAYS,ROADS & HIGHWAYS,ANDHRA PRADESH,NATIONAL HIGHWAYS AUTHORITY OF INDIA [NHAI],813.66,196.9,65.0,2024-01-02,2026-01-02,3.5,0.3100000000000023
MINISTRY OF ROAD TRANSPORT & HIGHWAYS,ROADS & HIGHWAYS,GUJARAT,MORTH,1155.21,63.35,16.0,2025-01-12,2028-01-06,0.0,-315.25
MINISTRY OF ROAD TRANSPORT & HIGHWAYS,ROADS & HIGHWAYS,UTTAR PRADESH,NATIONAL HIGHWAYS AUTHORITY OF INDIA [NHAI],1122.02,169.77,13.0,2025-01-12,2028-01-06,-2.4800000000000004,-433.59
MINISTRY OF ROAD TRANSPORT & HIGHWAYS,ROADS & HIGHWAYS,"MULTI-STATES (DELHI, UTTAR PRADESH)",NATIONAL HIGHWAYS AUTHORITY OF INDIA [NHAI],1479.22,1351.78,100.0,2022-01-06,2024-01-12,0.0,8.599999999999909
MINISTRY OF ROAD TRANSPORT & HIGHWAYS,ROADS & HIGHWAYS,RAJASTHAN,MORTH,606.61,0.0,55.23,2024-01-10,2026-01-10,2.729999999999997,0.0
MINISTRY OF ROAD TRANSPORT & HIGHWAYS,ROADS & HIGHWAYS,GUJARAT,MORTH,237.28,0.0,63.0,2023-01-12,2025-01-12,0.0,0.0
MINISTRY OF ROAD TRANSPORT & HIGHWAYS,ROADS & HIGHWAYS,UTTAR PRADESH,NATIONAL HIGHWAYS AUTHORITY OF INDIA [NHAI],2077.0,305.32,22.0,2025-01-11,2027-01-11,5.990000000000002,81.63999999999999
MINISTRY OF ROAD TRANSPORT & HIGHWAYS,ROADS & HIGHWAYS,TELANGANA,MORTH,512.98,117.6,41.97,2024-01-02,2026-01-02,0.1700000000000017,0.0
MINISTRY OF ROAD TRANSPORT & HIGHWAYS,ROADS & HIGHWAYS,MEGHALAYA,MORTH,504.0,0.0,2.5,2025-01-05,2027-01-05,0.0,0.0
MINISTRY OF ROAD TRANSPORT & HIGHWAYS,ROADS & HIGHWAYS,UTTARAKHAND,NATIONAL HIGHWAYS AUTHORITY OF INDIA [NHAI],216.97,165.81,75.24,2023-01-03,2024-01-09,0.0,-48.10999999999999
MINISTRY OF ROAD TRANSPORT & HIGHWAYS,ROADS & HIGHWAYS,CHHATTISGARH,MORTH,193.16,97.78,85.0,2022-01-03,2023-01-09,0.0,0.0
MINISTRY OF ROAD TRANSPORT & HIGHWAYS,ROADS & HIGHWAYS,ODISHA,MORTH,172.66,0.0,15.0,2025-01-04,2026-01-10,0.0,0.0
MINISTRY OF ROAD TRANSPORT & HIGHWAYS,ROADS & HIGHWAYS,ANDHRA PRADESH,NATIONAL HIGHWAYS AUTHORITY OF INDIA [NHAI],864.2,305.44,54.11,2023-01-12,2025-01-12,3.9399999999999977,0.0099999999999909
MINISTRY OF ROAD TRANSPORT & HIGHWAYS,ROADS & HIGHWAYS,NAGALAND,NHIDCL,161.73,14.12,99.5,2023-01-09,2025-01-09,0.0,0.0
MINISTRY OF ROAD TRANSPORT & HIGHWAYS,ROADS & HIGHWAYS,BIHAR,MORTH,353.27,0.0,3.1,2024-01-09,2026-01-03,0.0,0.0
MINISTRY OF ROAD TRANSPORT & HIGHWAYS,ROADS & HIGHWAYS,ANDHRA PRADESH,NATIONAL HIGHWAYS AUTHORITY OF INDIA [NHAI],1398.84,334.61,48.9,2023-01-10,2025-01-10,5.5,37.55000000000001
MINISTRY OF ROAD TRANSPORT & HIGHWAYS,ROADS & HIGHWAYS,UTTAR PRADESH,MORTH,438.24,0.0,52.0,2024-01-02,2026-01-02,0.0,0.0
MINISTRY OF ROAD TRANSPORT & HIGHWAYS,ROADS & HIGHWAYS,JHARKHAND,NATIONAL HIGHWAYS AUTHORITY OF INDIA [NHAI],662.44,510.72,98.5,2019-01-11,2024-01-08,0.0,32.150000000000034
MINISTRY OF ROAD TRANSPORT & HIGHWAYS,ROADS & HIGHWAYS,UTTAR PRADESH,MORTH,395.62,0.0,94.0,2022-01-11,2024-01-05,0.0,0.0
MINISTRY OF ROAD TRANSPORT & HIGHWAYS,ROADS & HIGHWAYS,TAMIL NADU,NATIONAL HIGHWAYS AUTHORITY OF INDIA [NHAI],1299.36,152.42,17.24,2023-01-11,2026-01-05,0.3599999999999994,5.679999999999978
MINISTRY OF ROAD TRANSPORT & HIGHWAYS,ROADS & HIGHWAYS,JHARKHAND,MORTH,458.78,0.0,5.0,2024-01-01,2026-01-01,0.0,-2.32
MINISTRY OF ROAD TRANSPORT & HIGHWAYS,ROADS & HIGHWAYS,MEGHALAYA,NHIDCL,620.3,216.26,70.82000000000001,2024-01-09,2026-01-09,1.970000000000013,0.3299999999999841
MINISTRY OF ROAD TRANSPORT & HIGHWAYS,ROADS & HIGHWAYS,JHARKHAND,MORTH,153.01,85.59,95.0,2021-01-08,2023-01-08,2.0,0.8500000000000085
MINISTRY OF ROAD TRANSPORT & HIGHWAYS,ROADS & HIGHWAYS,KARNATAKA,NATIONAL HIGHWAYS AUTHORITY OF INDIA [NHAI],309.9,82.28,23.84,2022-01-03,2024-01-03,2.719999999999999,0.0
MINISTRY OF ROAD TRANSPORT & HIGHWAYS,ROADS & HIGHWAYS,UTTAR PRADESH,NATIONAL HIGHWAYS AUTHORITY OF INDIA [NHAI],1722.11,1050.08,100.0,2023-01-03,2025-01-03,0.0999999999999943,0.2100000000000363
MINISTRY OF ROAD TRANSPORT & HIGHWAYS,ROADS & HIGHWAYS,MADHYA PRADESH,MORTH,305.12,0.0,78.0,2023-01-04,2024-01-10,0.0,0.0
MINISTRY OF ROAD TRANSPORT & HIGHWAYS,ROADS & HIGHWAYS,KARNATAKA,MORTH,617.28,4.72,47.7,2025-01-07,2027-01-01,7.700000000000003,0.25
MINISTRY OF ROAD TRANSPORT & HIGHWAYS,ROADS & HIGHWAYS,BIHAR,NATIONAL HIGHWAYS AUTHORITY OF INDIA [NHAI],610.78,335.08,100.0,2024-01-02,2026-01-01,0.5,6.519999999999982
MINISTRY OF ROAD TRANSPORT & HIGHWAYS,ROADS & HIGHWAYS,UTTAR PRADESH,NATIONAL HIGHWAYS AUTHORITY OF INDIA [NHAI],1384.79,823.04,99.99,2023-01-01,2025-01-01,0.0,0.0
MINISTRY OF ROAD TRANSPORT & HIGHWAYS,ROADS & HIGHWAYS,KARNATAKA,MORTH,255.88,179.66,96.0,2023-01-01,2024-01-07,3.0,0.0
MINISTRY OF ROAD TRANSPORT & HIGHWAYS,ROADS & HIGHWAYS,MEGHALAYA,NHIDCL,686.03,236.66,47.05,2024-01-09,2026-01-09,0.5399999999999991,7.870000000000003
MINISTRY OF ROAD TRANSPORT & HIGHWAYS,ROADS & HIGHWAYS,"MULTI-STATES (HARYANA, PUNJAB)",NATIONAL HIGHWAYS AUTHORITY OF INDIA [NHAI],1641.66,570.95,84.83000000000001,2023-01-10,2025-01-10,4.180000000000007,18.0
MINISTRY OF ROAD TRANSPORT & HIGHWAYS,ROADS & HIGHWAYS,MAHARASHTRA,MORTH,325.79,22.7,27.0,2025-01-06,2026-01-12,-10.740000000000002,-0.3100000000000023
MINISTRY OF ROAD TRANSPORT & HIGHWAYS,ROADS & HIGHWAYS,MAHARASHTRA,MORTH,206.54,0.0,65.14,2023-01-04,2025-01-04,0.0,0.0
MINISTRY OF ROAD TRANSPORT & HIGHWAYS,ROADS & HIGHWAYS,HARYANA,NATIONAL HIGHWAYS AUTHORITY OF INDIA [NHAI],1810.04,608.36,76.69,2021-01-11,2023-01-11,4.189999999999998,86.01999999999998
MINISTRY OF ROAD TRANSPORT & HIGHWAYS,ROADS & HIGHWAYS,MAHARASHTRA,MORTH,545.64,0.0,97.25,2017-01-06,2019-01-06,0.0,0.0
MINISTRY OF ROAD TRANSPORT & HIGHWAYS,ROADS & HIGHWAYS,MEGHALAYA,NHIDCL,562.48,92.14,51.470000000000006,2024-01-09,2026-01-09,0.5600000000000094,6.260000000000005
MINISTRY OF ROAD TRANSPORT & HIGHWAYS,ROADS & HIGHWAYS,TAMIL NADU,NATIONAL HIGHWAYS AUTHORITY OF INDIA [NHAI],837.61,169.32,99.75,2018-01-11,2020-01-11,0.0,0.0099999999999909
MINISTRY OF ROAD TRANSPORT & HIGHWAYS,ROADS & HIGHWAYS,KARNATAKA,NATIONAL HIGHWAYS AUTHORITY OF INDIA [NHAI],2531.99,1360.9,99.65,2017-01-03,2020-01-03,0.0,0.0
MINISTRY OF ROAD TRANSPORT & HIGHWAYS,ROADS & HIGHWAYS,NAGALAND,NHIDCL,258.52,65.15,96.53,2023-01-09,2025-01-09,0.0,4.430000000000007
MINISTRY OF ROAD TRANSPORT & HIGHWAYS,ROADS & HIGHWAYS,KARNATAKA,NATIONAL HIGHWAYS AUTHORITY OF INDIA [NHAI],2919.8,2280.1,99.19,2019-01-12,2022-01-06,0.0,1.0499999999997272
MINISTRY OF ROAD TRANSPORT & HIGHWAYS,ROADS & HIGHWAYS,KARNATAKA,NATIONAL HIGHWAYS AUTHORITY OF INDIA [NHAI],1141.88,223.35,35.52,2024-01-11,2026-01-11,2.479999999999997,8.539999999999992
MINISTRY OF ROAD TRANSPORT & HIGHWAYS,ROADS & HIGHWAYS,KARNATAKA,NATIONAL HIGHWAYS AUTHORITY OF INDIA [NHAI],1272.71,97.85,15.840000000000002,2025-01-04,2027-01-04,2.790000000000001,0.4199999999999875
MINISTRY OF ROAD TRANSPORT & HIGHWAYS,ROADS & HIGHWAYS,JHARKHAND,MORTH,255.73,10.06,10.4,2025-01-11,2027-01-05,0.0,0.0
MINISTRY OF ROAD TRANSPORT & HIGHWAYS,ROADS & HIGHWAYS,LADAKH,NHIDCL,398.37,286.27,90.59,2021-01-07,2023-01-01,0.0,4.079999999999984
MINISTRY OF ROAD TRANSPORT & HIGHWAYS,ROADS & HIGHWAYS,PUNJAB,NATIONAL HIGHWAYS AUTHORITY OF INDIA [NHAI],1555.13,217.96,23.18,2025-01-09,2027-01-09,3.09,22.170000000000016
MINISTRY OF ROAD TRANSPORT & HIGHWAYS,ROADS & HIGHWAYS,MADHYA PRADESH,MORTH,467.93,0.0,86.03,2024-01-12,2026-01-12,0.0,0.0
MINISTRY OF ROAD TRANSPORT & HIGHWAYS,ROADS & HIGHWAYS,TAMIL NADU,NATIONAL HIGHWAYS AUTHORITY OF INDIA [NHAI],1003.11,9.74,100.0,2008-01-01,2010-01-07,0.0,0.3100000000000005
MINISTRY OF ROAD TRANSPORT & HIGHWAYS,ROADS & HIGHWAYS,TELANGANA,MORTH,490.92,0.0,76.02,2024-01-05,2026-01-05,-1.7700000000000102,0.0
MINISTRY OF ROAD TRANSPORT & HIGHWAYS,ROADS & HIGHWAYS,"MULTI-STATES (JHARKHAND, WEST BENGAL)",NATIONAL HIGHWAYS AUTHORITY OF INDIA [NHAI],1139.65,6.64,99.84,2017-01-12,2019-01-12,0.0,0.0
MINISTRY OF ROAD TRANSPORT & HIGHWAYS,ROADS & HIGHWAYS,TELANGANA,MORTH,206.13,152.77,98.57,2018-01-06,2020-01-06,0.0,0.0
MINISTRY OF ROAD TRANSPORT & HIGHWAYS,ROADS & HIGHWAYS,CHHATTISGARH,NATIONAL HIGHWAYS AUTHORITY OF INDIA [NHAI],1096.52,105.97,100.0,2016-01-04,2018-01-04,0.0,-799.28
MINISTRY OF ROAD TRANSPORT & HIGHWAYS,ROADS & HIGHWAYS,MAHARASHTRA,MORTH,280.57,0.0,65.0,2022-01-06,2024-01-05,3.390000000000001,0.0
MINISTRY OF ROAD TRANSPORT & HIGHWAYS,ROADS & HIGHWAYS,JAMMU AND KASHMIR,NHIDCL,245.3,82.62,74.67,2023-01-01,2025-01-01,6.6000000000000085,0.5600000000000023
MINISTRY OF ROAD TRANSPORT & HIGHWAYS,ROADS & HIGHWAYS,ANDHRA PRADESH,NATIONAL HIGHWAYS AUTHORITY OF INDIA [NHAI],1500.11,0.17,0.0,2026-01-03,2028-01-03,0.0,0.0
MINISTRY OF ROAD TRANSPORT & HIGHWAYS,ROADS & HIGHWAYS,MAHARASHTRA,MORTH,459.39,0.0,79.86999999999999,2024-01-09,2026-01-09,-1.5500000000000114,0.0
MINISTRY OF ROAD TRANSPORT & HIGHWAYS,ROADS & HIGHWAYS,MAHARASHTRA,MORTH,224.44,0.0,91.0,2022-01-02,2023-01-09,0.0,0.0
MINISTRY OF ROAD TRANSPORT & HIGHWAYS,ROADS & HIGHWAYS,"MULTI-STATES (MADHYA PRADESH, MAHARASHTRA)",NATIONAL HIGHWAYS AUTHORITY OF INDIA [NHAI],784.35,329.11,64.0,2024-01-03,2026-01-03,0.0,30.02000000000004
MINISTRY OF ROAD TRANSPORT & HIGHWAYS,ROADS & HIGHWAYS,MAHARASHTRA,MORTH,540.35,139.12,56.55,2025-01-05,2027-01-05,6.659999999999997,43.55000000000001
MINISTRY OF ROAD TRANSPORT & HIGHWAYS,ROADS & HIGHWAYS,UTTARAKHAND,NATIONAL HIGHWAYS AUTHORITY OF INDIA [NHAI],183.92,113.06,70.42,2022-01-08,2024-01-02,0.0,-2.3599999999999994
MINISTRY OF ROAD TRANSPORT & HIGHWAYS,ROADS & HIGHWAYS,MAHARASHTRA,MORTH,349.57,0.0,49.75,2025-01-05,2026-01-11,-4.289999999999999,0.0
MINISTRY OF ROAD TRANSPORT & HIGHWAYS,ROADS & HIGHWAYS,MADHYA PRADESH,NATIONAL HIGHWAYS AUTHORITY OF INDIA [NHAI],866.0,638.17,99.8,2021-01-08,2023-01-08,0.0,0.0
MINISTRY OF ROAD TRANSPORT & HIGHWAYS,ROADS & HIGHWAYS,JAMMU AND KASHMIR,NHIDCL,322.49,0.0,0.0,2019-01-07,2021-01-07,0.0,0.0
MINISTRY OF ROAD TRANSPORT & HIGHWAYS,ROADS & HIGHWAYS,MAHARASHTRA,MORTH,355.12,0.0,43.46,2025-01-04,2026-01-09,0.0,0.0
MINISTRY OF ROAD TRANSPORT & HIGHWAYS,ROADS & HIGHWAYS,PUNJAB,NATIONAL HIGHWAYS AUTHORITY OF INDIA [NHAI],1801.37,614.74,64.41,2024-01-06,2026-01-06,0.2099999999999937,17.32000000000005
MINISTRY OF ROAD TRANSPORT & HIGHWAYS,ROADS & HIGHWAYS,TELANGANA,MORTH,445.76,18.32,9.22,2025-01-02,2027-01-01,-0.1699999999999999,0.0
MINISTRY OF ROAD TRANSPORT & HIGHWAYS,ROADS & HIGHWAYS,ARUNACHAL PRADESH,NHIDCL,898.19,0.0,39.5,2025-01-01,2027-01-07,0.3999999999999986,0.0
MINISTRY OF ROAD TRANSPORT & HIGHWAYS,ROADS & HIGHWAYS,TELANGANA,MORTH,423.48,160.2,77.34,2022-01-12,2024-01-12,0.4200000000000017,0.1299999999999954
MINISTRY OF ROAD TRANSPORT & HIGHWAYS,ROADS & HIGHWAYS,KERALA,NATIONAL HIGHWAYS AUTHORITY OF INDIA [NHAI],1424.77,1048.93,98.75,2021-01-02,2023-01-02,0.0,0.0099999999999909
MINISTRY OF ROAD TRANSPORT & HIGHWAYS,ROADS & HIGHWAYS,TELANGANA,MORTH,244.54,0.0,99.96,2017-01-05,2019-01-05,0.0,0.0
MINISTRY OF ROAD TRANSPORT & HIGHWAYS,ROADS & HIGHWAYS,BIHAR,MORTH,479.37,11.75,57.99999999999999,2024-01-12,2026-01-12,-0.1000000000000085,-55.620000000000005
MINISTRY OF ROAD TRANSPORT & HIGHWAYS,ROADS & HIGHWAYS,ANDHRA PRADESH,MORTH,228.32,44.45,100.0,2018-01-09,2020-01-03,0.0,44.45
MINISTRY OF ROAD TRANSPORT & HIGHWAYS,ROADS & HIGHWAYS,KARNATAKA,NATIONAL HIGHWAYS AUTHORITY OF INDIA [NHAI],1311.41,47.55,10.35,2025-01-09,2027-01-09,1.4699999999999989,1.1400000000000006
MINISTRY OF ROAD TRANSPORT & HIGHWAYS,ROADS & HIGHWAYS,LADAKH,NHIDCL,381.01,229.62,82.74000000000001,2021-01-07,2023-01-01,0.0,8.0
MINISTRY OF ROAD TRANSPORT & HIGHWAYS,ROADS & HIGHWAYS,KARNATAKA,MORTH,355.72,184.79,88.33,2022-01-12,2024-01-12,11.47,0.0
MINISTRY OF ROAD TRANSPORT & HIGHWAYS,ROADS & HIGHWAYS,UTTAR PRADESH,MORTH,307.11,125.88,0.0,2022-01-11,2024-01-05,0.0,0.0
MINISTRY OF ROAD TRANSPORT & HIGHWAYS,ROADS & HIGHWAYS,ODISHA,NATIONAL HIGHWAYS AUTHORITY OF INDIA [NHAI],999.32,513.53,99.0,2018-01-01,2020-01-07,0.0,0.7400000000000091
MINISTRY OF ROAD TRANSPORT & HIGHWAYS,ROADS & HIGHWAYS,UTTAR PRADESH,MORTH,403.36,0.0,94.0,2023-01-12,2025-01-06,0.0,0.0
MINISTRY OF ROAD TRANSPORT & HIGHWAYS,ROADS & HIGHWAYS,NAGALAND,NHIDCL,177.77,0.0,93.37,2023-01-06,2025-01-06,0.0,0.0
MINISTRY OF ROAD TRANSPORT & HIGHWAYS,ROADS & HIGHWAYS,UTTAR PRADESH,MORTH,912.5,1.9,4.0,2025-01-05,2026-01-11,1.0,1.9
MINISTRY OF ROAD TRANSPORT & HIGHWAYS,ROADS & HIGHWAYS,ODISHA,NATIONAL HIGHWAYS AUTHORITY OF INDIA [NHAI],2510.04,1199.04,99.98,2017-01-03,2019-01-08,0.0,4.889999999999873
MINISTRY OF ROAD TRANSPORT & HIGHWAYS,ROADS & HIGHWAYS,KARNATAKA,NATIONAL HIGHWAYS AUTHORITY OF INDIA [NHAI],883.62,61.61,21.790000000000003,2025-01-04,2027-01-04,1.6900000000000013,0.5600000000000023
MINISTRY OF ROAD TRANSPORT & HIGHWAYS,ROADS & HIGHWAYS,UTTAR PRADESH,MORTH,587.97,47.45,39.0,2025-01-05,2026-01-11,10.999999999999996,10.03
MINISTRY OF ROAD TRANSPORT & HIGHWAYS,ROADS & HIGHWAYS,KARNATAKA,NATIONAL HIGHWAYS AUTHORITY OF INDIA [NHAI],1021.57,698.85,97.8,2017-01-03,2019-01-03,0.0,-369.92
MINISTRY OF ROAD TRANSPORT & HIGHWAYS,ROADS & HIGHWAYS,UTTAR PRADESH,MORTH,1192.33,0.0,2.0,2026-01-02,2028-01-08,2.0,0.0
MINISTRY OF ROAD TRANSPORT & HIGHWAYS,ROADS & HIGHWAYS,ANDHRA PRADESH,NHIDCL,6808.69,3215.86,66.05,2020-01-10,2026-01-09,0.0,1.5900000000001455
MINISTRY OF ROAD TRANSPORT & HIGHWAYS,ROADS & HIGHWAYS,UTTAR PRADESH,MORTH,1679.75,97.67,34.5,2026-01-01,2028-01-01,-5.950000000000003,-44.86
MINISTRY OF ROAD TRANSPORT & HIGHWAYS,ROADS & HIGHWAYS,MADHYA PRADESH,NATIONAL HIGHWAYS AUTHORITY OF INDIA [NHAI],1081.51,368.69,40.25,2024-01-03,2026-01-03,0.0,12.519999999999982
MINISTRY OF ROAD TRANSPORT & HIGHWAYS,ROADS & HIGHWAYS,MAHARASHTRA,MORTH,163.51,0.0,83.19,2022-01-03,2026-01-02,2.6200000000000045,0.0
MINISTRY OF ROAD TRANSPORT & HIGHWAYS,ROADS & HIGHWAYS,RAJASTHAN,MORTH,154.89,14.8,23.0,2024-01-11,2026-01-05,0.0,-0.33
MINISTRY OF ROAD TRANSPORT & HIGHWAYS,ROADS & HIGHWAYS,KARNATAKA,NATIONAL HIGHWAYS AUTHORITY OF INDIA [NHAI],909.86,33.14,9.85,2025-01-12,2027-01-12,2.669999999999999,0.5
MINISTRY OF ROAD TRANSPORT & HIGHWAYS,ROADS & HIGHWAYS,ANDHRA PRADESH,NATIONAL HIGHWAYS AUTHORITY OF INDIA [NHAI],1012.57,569.75,81.06,2022-01-10,2024-01-10,0.0,1.6200000000000043
MINISTRY OF ROAD TRANSPORT & HIGHWAYS,ROADS & HIGHWAYS,UTTARAKHAND,MORTH,472.23,0.0,60.0,2024-01-08,2027-01-02,-5.0,0.0
MINISTRY OF ROAD TRANSPORT & HIGHWAYS,ROADS & HIGHWAYS,TRIPURA,NHIDCL,195.95,86.33,70.13000000000001,2023-01-05,2024-01-11,0.3500000000000085,0.0699999999999931
MINISTRY OF ROAD TRANSPORT & HIGHWAYS,ROADS & HIGHWAYS,BIHAR,MORTH,1060.16,0.0,0.0,2026-01-01,2028-01-01,-4.0,0.0
MINISTRY OF ROAD TRANSPORT & HIGHWAYS,ROADS & HIGHWAYS,ANDHRA PRADESH,NATIONAL HIGHWAYS AUTHORITY OF INDIA [NHAI],840.51,573.89,99.32,2022-01-03,2024-01-03,0.0,24.33000000000004
MINISTRY OF ROAD TRANSPORT & HIGHWAYS,ROADS & HIGHWAYS,BIHAR,MORTH,427.29,178.43,93.0,2023-01-06,2024-01-12,0.0,0.0
MINISTRY OF ROAD TRANSPORT & HIGHWAYS,ROADS & HIGHWAYS,LADAKH,NHIDCL,404.89,321.72,75.38,2021-01-07,2023-01-01,0.0,0.4400000000000545
MINISTRY OF ROAD TRANSPORT & HIGHWAYS,ROADS & HIGHWAYS,ODISHA,NATIONAL HIGHWAYS AUTHORITY OF INDIA [NHAI],1101.76,641.61,99.7,2022-01-04,2024-01-04,0.0,-4.0
MINISTRY OF ROAD TRANSPORT & HIGHWAYS,ROADS & HIGHWAYS,ODISHA,MORTH,172.09,0.0,32.0,2024-01-10,2026-01-10,0.0,0.0
MINISTRY OF ROAD TRANSPORT & HIGHWAYS,ROADS & HIGHWAYS,KARNATAKA,NATIONAL HIGHWAYS AUTHORITY OF INDIA [NHAI],1062.76,93.27,16.33,2025-01-04,2027-01-04,1.4799999999999986,0.1899999999999977
MINISTRY OF ROAD TRANSPORT & HIGHWAYS,ROADS & HIGHWAYS,JHARKHAND,MORTH,423.18,4.11,0.0,2023-01-08,2025-01-08,0.0,0.0
MINISTRY OF ROAD TRANSPORT & HIGHWAYS,ROADS & HIGHWAYS,KARNATAKA,NATIONAL HIGHWAYS AUTHORITY OF INDIA [NHAI],1452.43,210.48,35.6,2025-01-06,2027-01-06,3.030000000000001,3.4899999999999807
MINISTRY OF ROAD TRANSPORT & HIGHWAYS,ROADS & HIGHWAYS,UTTAR PRADESH,MORTH,343.54,83.27,65.0,2024-01-02,2025-01-08,0.0,7.560000000000002
MINISTRY OF ROAD TRANSPORT & HIGHWAYS,ROADS & HIGHWAYS,RAJASTHAN,MORTH,174.34,63.55,100.0,2023-01-02,2024-01-07,0.0,0.0
MINISTRY OF ROAD TRANSPORT & HIGHWAYS,ROADS & HIGHWAYS,BIHAR,NATIONAL HIGHWAYS AUTHORITY OF INDIA [NHAI],2156.22,1668.28,99.14,2021-01-12,2024-01-06,0.0,0.0
MINISTRY OF ROAD TRANSPORT & HIGHWAYS,ROADS & HIGHWAYS,HIMACHAL PRADESH,NATIONAL HIGHWAYS AUTHORITY OF INDIA [NHAI],1244.43,94.67,22.24,2025-01-05,2027-01-05,1.2899999999999991,13.950000000000005
MINISTRY OF ROAD TRANSPORT & HIGHWAYS,ROADS & HIGHWAYS,MIZORAM,NHIDCL,899.45,191.59,99.88,2019-01-10,2023-01-04,0.0,0.0
MINISTRY OF ROAD TRANSPORT & HIGHWAYS,ROADS & HIGHWAYS,ASSAM,NHIDCL,846.82,0.0,85.28999999999999,2024-01-03,2026-01-03,0.0,0.0
MINISTRY OF ROAD TRANSPORT & HIGHWAYS,ROADS & HIGHWAYS,NAGALAND,NHIDCL,330.8,0.0,93.04,2023-01-11,2025-01-11,0.0,0.0
MINISTRY OF ROAD TRANSPORT & HIGHWAYS,ROADS & HIGHWAYS,BIHAR,NHAI,1199.58,1147.24,91.14,2020-01-02,2023-01-08,1.9099999999999968,26.37000000000012
MINISTRY OF ROAD TRANSPORT & HIGHWAYS,ROADS & HIGHWAYS,NAGALAND,NHIDCL,355.79,0.0,43.13,2024-01-01,2026-01-01,2.25,0.0
MINISTRY OF ROAD TRANSPORT & HIGHWAYS,ROADS & HIGHWAYS,UTTAR PRADESH,NATIONAL HIGHWAYS AUTHORITY OF INDIA [NHAI],646.27,168.56,63.79,2023-01-05,2024-01-11,0.0,2.2299999999999898
MINISTRY OF ROAD TRANSPORT & HIGHWAYS,ROADS & HIGHWAYS,MANIPUR,NHIDCL,211.7,237.43,91.76,2021-01-07,2023-01-01,0.8000000000000114,9.480000000000018
MINISTRY OF ROAD TRANSPORT & HIGHWAYS,ROADS & HIGHWAYS,"MULTI-STATES (BIHAR, JHARKHAND)",NATIONAL HIGHWAYS AUTHORITY OF INDIA [NHAI],1954.77,1862.87,85.96000000000001,2020-01-11,2024-01-10,0.7900000000000063,42.23999999999978
MINISTRY OF ROAD TRANSPORT & HIGHWAYS,ROADS & HIGHWAYS,ASSAM,NHIDCL,904.04,538.33,85.2,2023-01-08,2025-01-08,0.0,18.280000000000086
MINISTRY OF ROAD TRANSPORT & HIGHWAYS,ROADS & HIGHWAYS,MANIPUR,NHIDCL,268.98,0.0,56.16,2024-01-12,2026-01-06,0.0,0.0
MINISTRY OF ROAD TRANSPORT & HIGHWAYS,ROADS & HIGHWAYS,"MULTI-STATES (UTTAR PRADESH, UTTARAKHAND)",NATIONAL HIGHWAYS AUTHORITY OF INDIA [NHAI],1051.73,665.1,99.1,2024-01-01,2026-01-01,0.0,0.0
MINISTRY OF ROAD TRANSPORT & HIGHWAYS,ROADS & HIGHWAYS,"MULTI-STATES (BIHAR, JHARKHAND)",NATIONAL HIGHWAYS AUTHORITY OF INDIA [NHAI],1125.78,609.94,91.3,2022-01-03,2024-01-02,0.0,0.0
MINISTRY OF ROAD TRANSPORT & HIGHWAYS,ROADS & HIGHWAYS,MANIPUR,NHIDCL,379.39,302.13,91.31,2020-01-10,2022-01-04,0.0,0.2400000000000091
MINISTRY OF ROAD TRANSPORT & HIGHWAYS,ROADS & HIGHWAYS,MANIPUR,NHIDCL,228.97,33.77,48.16,2025-01-02,2026-01-08,-0.1500000000000056,-80.85
MINISTRY OF ROAD TRANSPORT & HIGHWAYS,ROADS & HIGHWAYS,JHARKHAND,NATIONAL HIGHWAYS AUTHORITY OF INDIA [NHAI],1565.47,49.08,6.550000000000001,2026-01-01,2028-01-01,-2.4499999999999997,-6.160000000000004
MINISTRY OF ROAD TRANSPORT & HIGHWAYS,ROADS & HIGHWAYS,ODISHA,NATIONAL HIGHWAYS AUTHORITY OF INDIA [NHAI],609.63,114.77,96.52,2018-01-12,2021-01-06,0.0,0.0
MINISTRY OF ROAD TRANSPORT & HIGHWAYS,ROADS & HIGHWAYS,MANIPUR,NHIDCL,256.04,0.0,97.12,2020-01-07,2022-01-06,0.0,0.0
MINISTRY OF ROAD TRANSPORT & HIGHWAYS,ROADS & HIGHWAYS,ASSAM,NHIDCL,860.37,545.83,87.5,2023-01-08,2025-01-08,0.0,17.370000000000005
MINISTRY OF ROAD TRANSPORT & HIGHWAYS,ROADS & HIGHWAYS,JHARKHAND,NATIONAL HIGHWAYS AUTHORITY OF INDIA [NHAI],1444.94,652.67,86.44,2023-01-12,2025-01-12,0.0,3.75
MINISTRY OF ROAD TRANSPORT & HIGHWAYS,ROADS & HIGHWAYS,MANIPUR,NHIDCL,222.77,0.0,88.85,2020-01-07,2022-01-06,0.0,0.0
MINISTRY OF ROAD TRANSPORT & HIGHWAYS,ROADS & HIGHWAYS,MANIPUR,NHIDCL,164.89,125.76,23.56,2024-01-12,2026-01-06,0.0,0.0
MINISTRY OF ROAD TRANSPORT & HIGHWAYS,ROADS & HIGHWAYS,"MULTI-STATES (JHARKHAND, WEST BENGAL)",NATIONAL HIGHWAYS AUTHORITY OF INDIA [NHAI],782.18,44.31,4.44,2026-01-02,2028-01-01,-1.1999999999999993,-158.38
MINISTRY OF ROAD TRANSPORT & HIGHWAYS,ROADS & HIGHWAYS,ASSAM,NHIDCL,890.33,588.02,90.5,2023-01-08,2025-01-08,8.600000000000009,18.409999999999968
MINISTRY OF ROAD TRANSPORT & HIGHWAYS,ROADS & HIGHWAYS,MANIPUR,NHIDCL,554.66,201.52,22.55,2024-01-12,2026-01-12,0.0,0.0
MINISTRY OF ROAD TRANSPORT & HIGHWAYS,ROADS & HIGHWAYS,BIHAR,NATIONAL HIGHWAYS AUTHORITY OF INDIA [NHAI],4432.97,1444.1,58.88,2024-01-03,2026-01-09,3.8899999999999935,72.88999999999987
MINISTRY OF ROAD TRANSPORT & HIGHWAYS,ROADS & HIGHWAYS,JHARKHAND,NATIONAL HIGHWAYS AUTHORITY OF INDIA [NHAI],1504.8,804.77,91.83,2021-01-12,2023-01-07,0.0,0.1599999999999681
MINISTRY OF ROAD TRANSPORT & HIGHWAYS,ROADS & HIGHWAYS,MANIPUR,NHIDCL,564.05,72.58,14.08,2025-01-05,2027-01-03,0.0,0.0
MINISTRY OF ROAD TRANSPORT & HIGHWAYS,ROADS & HIGHWAYS,BIHAR,NATIONAL HIGHWAYS AUTHORITY OF INDIA [NHAI],1637.29,728.91,89.01,2020-01-11,2022-01-11,0.0,0.0
MINISTRY OF ROAD TRANSPORT & HIGHWAYS,ROADS & HIGHWAYS,JHARKHAND,NATIONAL HIGHWAYS AUTHORITY OF INDIA [NHAI],1479.72,878.21,99.5,2023-01-05,2025-01-05,0.0,0.0099999999999909
MINISTRY OF ROAD TRANSPORT & HIGHWAYS,ROADS & HIGHWAYS,ASSAM,NHIDCL,676.18,0.0,57.17,2024-01-08,2027-01-02,0.0,0.0
MINISTRY OF ROAD TRANSPORT & HIGHWAYS,ROADS & HIGHWAYS,BIHAR,NHAI,1473.2,587.15,17.45,2025-01-01,2027-01-07,1.0399999999999991,0.1999999999999318
MINISTRY OF ROAD TRANSPORT & HIGHWAYS,ROADS & HIGHWAYS,TELANGANA,NATIONAL HIGHWAYS AUTHORITY OF INDIA [NHAI],1149.17,787.9,99.98,2022-01-01,2024-01-05,0.0,0.0599999999999454
MINISTRY OF ROAD TRANSPORT & HIGHWAYS,ROADS & HIGHWAYS,MEGHALAYA,NHIDCL,705.83,0.0,42.09,2025-01-03,2027-01-03,3.3400000000000034,0.0
MINISTRY OF ROAD TRANSPORT & HIGHWAYS,ROADS & HIGHWAYS,BIHAR,NHAI,638.29,622.86,99.8,2019-01-11,2021-01-11,0.1400000000000005,0.0
MINISTRY OF ROAD TRANSPORT & HIGHWAYS,ROADS & HIGHWAYS,UTTAR PRADESH,MORTH,1590.2,0.0,0.0,2026-01-05,2028-01-05,0.0,0.0
MINISTRY OF ROAD TRANSPORT & HIGHWAYS,ROADS & HIGHWAYS,"MULTI-STATES (HIMACHAL PRADESH, PUNJAB)",NATIONAL HIGHWAYS AUTHORITY OF INDIA [NHAI],571.34,66.37,25.73,2025-01-05,2027-01-05,-0.4499999999999993,-191.4
MINISTRY OF ROAD TRANSPORT & HIGHWAYS,ROADS & HIGHWAYS,ASSAM,NHIDCL,1264.9,470.6,62.16,2023-01-12,2026-01-06,5.25,1.3600000000000136
MINISTRY OF ROAD TRANSPORT & HIGHWAYS,ROADS & HIGHWAYS,MADHYA PRADESH,NATIONAL HIGHWAYS AUTHORITY OF INDIA [NHAI],784.14,318.13,44.37,2025-01-03,2027-01-03,1.5399999999999991,0.5500000000000114
MINISTRY OF ROAD TRANSPORT & HIGHWAYS,ROADS & HIGHWAYS,ASSAM,NHIDCL,1000.27,417.06,54.67999999999999,2023-01-12,2026-01-06,3.759999999999991,0.9499999999999886
MINISTRY OF ROAD TRANSPORT & HIGHWAYS,ROADS & HIGHWAYS,MANIPUR,NHIDCL,311.18,230.69,86.72999999999999,2021-01-11,2023-01-05,0.0,0.0
MINISTRY OF ROAD TRANSPORT & HIGHWAYS,ROADS & HIGHWAYS,MADHYA PRADESH,NATIONAL HIGHWAYS AUTHORITY OF INDIA [NHAI],1102.97,93.7,22.4,2025-01-08,2027-01-08,4.0,28.25
MINISTRY OF ROAD TRANSPORT & HIGHWAYS,ROADS & HIGHWAYS,ASSAM,NHIDCL,1457.59,847.08,79.91,2023-01-12,2026-01-12,0.4500000000000028,53.40000000000009
MINISTRY OF ROAD TRANSPORT & HIGHWAYS,ROADS & HIGHWAYS,ASSAM,NHIDCL,286.72,186.64,100.0,2023-01-10,2025-01-10,0.0,0.0
MINISTRY OF ROAD TRANSPORT & HIGHWAYS,ROADS & HIGHWAYS,UTTAR PRADESH,NATIONAL HIGHWAYS AUTHORITY OF INDIA [NHAI],775.94,21.22,9.18,2025-01-12,2027-01-12,-9.32,-21.75
MINISTRY OF ROAD TRANSPORT & HIGHWAYS,ROADS & HIGHWAYS,ASSAM,NHIDCL,746.76,417.02,79.23,2021-01-11,2024-01-11,2.760000000000005,6.740000000000009
MINISTRY OF ROAD TRANSPORT & HIGHWAYS,ROADS & HIGHWAYS,ODISHA,NATIONAL HIGHWAYS AUTHORITY OF INDIA [NHAI],153.61,73.59,38.0,2022-01-08,2025-01-01,0.0,0.0
MINISTRY OF ROAD TRANSPORT & HIGHWAYS,ROADS & HIGHWAYS,ASSAM,NHIDCL,1338.61,0.0,12.45,2024-01-12,2027-01-06,0.0,0.0
MINISTRY OF ROAD TRANSPORT & HIGHWAYS,ROADS & HIGHWAYS,UTTAR PRADESH,NATIONAL HIGHWAYS AUTHORITY OF INDIA [NHAI],1377.51,425.91,42.76,2023-01-12,2026-01-06,0.5,31.25
MINISTRY OF ROAD TRANSPORT & HIGHWAYS,ROADS & HIGHWAYS,MANIPUR,NHIDCL,477.86,330.1,84.87,2021-01-11,2023-01-05,0.0,0.0
MINISTRY OF ROAD TRANSPORT & HIGHWAYS,ROADS & HIGHWAYS,ASSAM,NHIDCL,1081.15,0.0,30.8,2025-01-02,2027-01-08,2.0600000000000023,0.0
MINISTRY OF ROAD TRANSPORT & HIGHWAYS,ROADS & HIGHWAYS,UTTAR PRADESH,NATIONAL HIGHWAYS AUTHORITY OF INDIA [NHAI],1017.99,406.6,100.0,2023-01-12,2025-01-03,0.0,0.0
MINISTRY OF ROAD TRANSPORT & HIGHWAYS,ROADS & HIGHWAYS,ASSAM,NHIDCL,224.85,204.31,97.76,2020-01-06,2022-01-12,0.0,0.0
MINISTRY OF ROAD TRANSPORT & HIGHWAYS,ROADS & HIGHWAYS,ASSAM,NATIONAL HIGHWAYS AUTHORITY OF INDIA [NHAI],1200.14,0.0,52.0,2018-01-05,2023-01-06,0.0,0.0
MINISTRY OF ROAD TRANSPORT & HIGHWAYS,ROADS & HIGHWAYS,MANIPUR,NHIDCL,234.08,197.91,100.0,2021-01-06,2022-01-12,0.0,1.6200000000000043
MINISTRY OF ROAD TRANSPORT & HIGHWAYS,ROADS & HIGHWAYS,NAGALAND,NHIDCL,202.36,94.2,45.55,2020-01-10,2022-01-04,0.029999999999994,0.0
MINISTRY OF ROAD TRANSPORT & HIGHWAYS,ROADS & HIGHWAYS,"MULTI-STATES (JHARKHAND, WEST BENGAL)",NATIONAL HIGHWAYS AUTHORITY OF INDIA [NHAI],1652.4,749.49,97.4,2019-01-12,2022-01-08,0.0,0.2300000000000182
MINISTRY OF ROAD TRANSPORT & HIGHWAYS,ROADS & HIGHWAYS,CHHATTISGARH,NATIONAL HIGHWAYS AUTHORITY OF INDIA [NHAI],1002.33,781.21,98.75,2022-01-01,2024-01-01,0.0,0.3700000000000045
MINISTRY OF ROAD TRANSPORT & HIGHWAYS,ROADS & HIGHWAYS,NAGALAND,NHIDCL,159.85,84.66,37.38,2023-01-06,2025-01-06,0.0,0.4399999999999977
MINISTRY OF ROAD TRANSPORT & HIGHWAYS,ROADS & HIGHWAYS,NAGALAND,NHIDCL,277.44,192.83,69.82000000000001,2020-01-10,2022-01-10,0.0,0.3800000000000239
MINISTRY OF ROAD TRANSPORT & HIGHWAYS,ROADS & HIGHWAYS,BIHAR,NHAI,498.97,43.95,22.4,2024-01-10,2027-01-04,-2.6300000000000026,0.0
MINISTRY OF ROAD TRANSPORT & HIGHWAYS,ROADS & HIGHWAYS,MANIPUR,NHIDCL,483.87,363.16,95.28,2021-01-09,2023-01-03,0.0,1.2000000000000457
MINISTRY OF ROAD TRANSPORT & HIGHWAYS,ROADS & HIGHWAYS,NAGALAND,NHIDCL,232.29,16.22,25.61,2023-01-11,2026-01-11,0.0,3.7399999999999984
MINISTRY OF ROAD TRANSPORT & HIGHWAYS,ROADS & HIGHWAYS,WEST BENGAL,NATIONAL HIGHWAYS AUTHORITY OF INDIA [NHAI],557.55,468.78,94.12,2022-01-02,2023-01-08,0.0,0.0
MINISTRY OF ROAD TRANSPORT & HIGHWAYS,ROADS & HIGHWAYS,MEGHALAYA,NHIDCL,801.07,64.53,24.74,2025-01-09,2027-01-09,0.6099999999999994,0.0
MINISTRY OF ROAD TRANSPORT & HIGHWAYS,ROADS & HIGHWAYS,MADHYA PRADESH,NATIONAL HIGHWAYS AUTHORITY OF INDIA [NHAI],1425.98,69.44,10.3,2026-01-01,2028-01-01,-0.5999999999999996,-128.04
MINISTRY OF ROAD TRANSPORT & HIGHWAYS,ROADS & HIGHWAYS,TRIPURA,NHIDCL,920.66,0.0,43.8,2024-01-09,2026-01-09,0.0,0.0
MINISTRY OF ROAD TRANSPORT & HIGHWAYS,ROADS & HIGHWAYS,BIHAR,NATIONAL HIGHWAYS AUTHORITY OF INDIA [NHAI],1077.46,774.78,92.0,2020-01-11,2022-01-11,0.0,0.0
MINISTRY OF ROAD TRANSPORT & HIGHWAYS,ROADS & HIGHWAYS,MADHYA PRADESH,NATIONAL HIGHWAYS AUTHORITY OF INDIA [NHAI],1534.7,313.15,19.78,2026-01-01,2027-01-12,-3.18,-342.68000000000006
MINISTRY OF ROAD TRANSPORT & HIGHWAYS,ROADS & HIGHWAYS,HIMACHAL PRADESH,NATIONAL HIGHWAYS AUTHORITY OF INDIA [NHAI],1703.48,980.97,53.81,2023-01-04,2026-01-04,-0.1899999999999977,0.1000000000000227
MINISTRY OF ROAD TRANSPORT & HIGHWAYS,ROADS & HIGHWAYS,ASSAM,NHIDCL,204.1,0.0,0.0,2023-01-01,2024-01-07,0.0,0.0
MINISTRY OF ROAD TRANSPORT & HIGHWAYS,ROADS & HIGHWAYS,GUJARAT,NATIONAL HIGHWAYS AUTHORITY OF INDIA [NHAI],764.02,25.88,4.63,2025-01-11,2027-01-11,2.03,0.0599999999999987
MINISTRY OF ROAD TRANSPORT & HIGHWAYS,ROADS & HIGHWAYS,ASSAM,NHIDCL,516.88,0.0,98.41,2023-01-11,2025-01-11,0.4500000000000028,0.0
MINISTRY OF ROAD TRANSPORT & HIGHWAYS,ROADS & HIGHWAYS,ASSAM,NHIDCL,625.64,0.0,0.0,2022-01-07,2024-01-07,0.0,0.0
MINISTRY OF ROAD TRANSPORT & HIGHWAYS,ROADS & HIGHWAYS,MANIPUR,NHIDCL,673.27,508.53,83.6,2021-01-08,2023-01-08,0.6699999999999875,7.569999999999993
MINISTRY OF ROAD TRANSPORT & HIGHWAYS,ROADS & HIGHWAYS,GUJARAT,NATIONAL HIGHWAYS AUTHORITY OF INDIA [NHAI],1188.46,99.47,17.19,2025-01-11,2027-01-11,3.210000000000001,20.429999999999996
MINISTRY OF ROAD TRANSPORT & HIGHWAYS,ROADS & HIGHWAYS,NAGALAND,NHIDCL,562.98,119.71,82.59,2023-01-09,2025-01-09,0.0,0.0
MINISTRY OF ROAD TRANSPORT & HIGHWAYS,ROADS & HIGHWAYS,NAGALAND,NHIDCL,819.39,0.0,0.0,2017-01-09,2020-01-09,0.0,0.0
MINISTRY OF ROAD TRANSPORT & HIGHWAYS,ROADS & HIGHWAYS,ASSAM,NHIDCL,511.02,647.21,100.0,2019-01-11,2022-01-11,0.0,0.0
MINISTRY OF ROAD TRANSPORT & HIGHWAYS,ROADS & HIGHWAYS,UTTAR PRADESH,NATIONAL HIGHWAYS AUTHORITY OF INDIA [NHAI],1841.92,996.0,79.96,2023-01-09,2025-01-09,3.059999999999988,13.259999999999993
MINISTRY OF ROAD TRANSPORT & HIGHWAYS,ROADS & HIGHWAYS,ASSAM,NHIDCL,957.95,149.54,36.56,2025-01-01,2028-01-01,0.0,0.0300000000000011
MINISTRY OF ROAD TRANSPORT & HIGHWAYS,ROADS & HIGHWAYS,HIMACHAL PRADESH,NATIONAL HIGHWAYS AUTHORITY OF INDIA [NHAI],1956.26,1265.52,63.17,2024-01-03,2027-01-03,0.0,29.36999999999989
MINISTRY OF ROAD TRANSPORT & HIGHWAYS,ROADS & HIGHWAYS,"MULTI-STATES (UTTAR PRADESH, UTTARAKHAND)",NATIONAL HIGHWAYS AUTHORITY OF INDIA [NHAI],936.12,348.8,50.11,2024-01-03,2025-01-09,5.969999999999999,15.879999999999995
MINISTRY OF ROAD TRANSPORT & HIGHWAYS,ROADS & HIGHWAYS,MANIPUR,NHIDCL,760.16,419.61,91.32,2023-01-12,2025-01-12,0.7999999999999972,5.230000000000018
MINISTRY OF ROAD TRANSPORT & HIGHWAYS,ROADS & HIGHWAYS,MIZORAM,NHIDCL,292.23,0.0,0.0,2020-01-07,2022-01-06,0.0,0.0
MINISTRY OF ROAD TRANSPORT & HIGHWAYS,ROADS & HIGHWAYS,MANIPUR,NHIDCL,504.76,308.08,95.2,2023-01-02,2025-01-02,0.2000000000000028,0.0199999999999818
MINISTRY OF ROAD TRANSPORT & HIGHWAYS,ROADS & HIGHWAYS,UTTAR PRADESH,NATIONAL HIGHWAYS AUTHORITY OF INDIA [NHAI],2006.82,919.25,49.64,2024-01-03,2026-01-03,2.1299999999999955,40.50999999999999
MINISTRY OF ROAD TRANSPORT & HIGHWAYS,ROADS & HIGHWAYS,MIZORAM,NHIDCL,206.9,0.0,0.0,2020-01-07,2022-01-06,0.0,0.0
MINISTRY OF ROAD TRANSPORT & HIGHWAYS,ROADS & HIGHWAYS,MANIPUR,NHIDCL,410.68,341.99,89.95,2022-01-11,2024-01-05,0.0,2.8500000000000227
MINISTRY OF ROAD TRANSPORT & HIGHWAYS,ROADS & HIGHWAYS,MIZORAM,NHIDCL,523.78,394.29,95.31,2023-01-09,2025-01-02,0.0,0.0
MINISTRY OF ROAD TRANSPORT & HIGHWAYS,ROADS & HIGHWAYS,BIHAR,NATIONAL HIGHWAYS AUTHORITY OF INDIA [NHAI],1431.36,190.78,10.08,2024-01-11,2026-01-11,0.0099999999999997,0.1999999999999886
MINISTRY OF ROAD TRANSPORT & HIGHWAYS,ROADS & HIGHWAYS,MANIPUR,NHIDCL,579.63,381.11,85.89,2022-01-06,2023-01-12,1.0300000000000011,3.980000000000018
MINISTRY OF ROAD TRANSPORT & HIGHWAYS,ROADS & HIGHWAYS,UTTAR PRADESH,NATIONAL HIGHWAYS AUTHORITY OF INDIA [NHAI],2158.2,705.65,66.81,2024-01-05,2026-01-05,1.5999999999999943,11.220000000000027
MINISTRY OF ROAD TRANSPORT & HIGHWAYS,ROADS & HIGHWAYS,MANIPUR,NHIDCL,467.0,571.25,86.33,2021-01-09,2023-01-03,0.0,2.5299999999999727
MINISTRY OF ROAD TRANSPORT & HIGHWAYS,ROADS & HIGHWAYS,UTTAR PRADESH,NATIONAL HIGHWAYS AUTHORITY OF INDIA [NHAI],300.58,265.09,99.01,2021-01-11,2023-01-05,2.480000000000004,0.5499999999999545
MINISTRY OF ROAD TRANSPORT & HIGHWAYS,ROADS & HIGHWAYS,ASSAM,NHIDCL,458.59,236.85,85.15,2023-01-05,2025-01-05,1.7600000000000051,19.65000000000001
MINISTRY OF ROAD TRANSPORT & HIGHWAYS,ROADS & HIGHWAYS,MANIPUR,NHIDCL,195.14,0.0,90.72,2025-01-03,2026-01-03,14.539999999999992,0.0
MINISTRY OF ROAD TRANSPORT & HIGHWAYS,ROADS & HIGHWAYS,MIZORAM,NHIDCL,720.72,0.0,15.1,2025-01-10,2028-01-11,0.0,0.0
MINISTRY OF ROAD TRANSPORT & HIGHWAYS,ROADS & HIGHWAYS,ASSAM,NHIDCL,1319.55,0.0,14.6,2025-01-08,2027-01-08,0.0,0.0
MINISTRY OF ROAD TRANSPORT & HIGHWAYS,ROADS & HIGHWAYS,MANIPUR,NHIDCL,365.53,187.39,87.28,2020-01-08,2022-01-08,2.1899999999999977,0.0
MINISTRY OF ROAD TRANSPORT & HIGHWAYS,ROADS & HIGHWAYS,MADHYA PRADESH,NATIONAL HIGHWAYS AUTHORITY OF INDIA [NHAI],1430.56,8.62,0.0,2026-01-03,2028-01-03,0.0,0.0
MINISTRY OF ROAD TRANSPORT & HIGHWAYS,ROADS & HIGHWAYS,TELANGANA,NATIONAL HIGHWAYS AUTHORITY OF INDIA [NHAI],958.86,212.78,20.4,2024-01-11,2026-01-11,4.619999999999999,19.52000000000001
MINISTRY OF ROAD TRANSPORT & HIGHWAYS,ROADS & HIGHWAYS,ASSAM,NHIDCL,791.79,0.06,40.400000000000006,2025-01-02,2027-01-02,0.0,0.0
MINISTRY OF ROAD TRANSPORT & HIGHWAYS,ROADS & HIGHWAYS,ASSAM,NHIDCL,870.0,0.0,31.83,2025-01-03,2027-01-03,0.0,0.0
MINISTRY OF ROAD TRANSPORT & HIGHWAYS,ROADS & HIGHWAYS,TAMIL NADU,NATIONAL HIGHWAYS AUTHORITY OF INDIA [NHAI],861.23,140.31,100.0,2008-01-01,2011-01-01,0.0,3.0200000000000102
MINISTRY OF ROAD TRANSPORT & HIGHWAYS,ROADS & HIGHWAYS,MANIPUR,NHIDCL,204.12,0.0,22.5,2025-01-08,2026-01-08,-2.16,0.0
MINISTRY OF ROAD TRANSPORT & HIGHWAYS,ROADS & HIGHWAYS,"MULTI-STATES (GOA, KARNATAKA)",NATIONAL HIGHWAYS AUTHORITY OF INDIA [NHAI],226.76,110.23,82.45,2022-01-11,2024-01-05,0.0,0.4500000000000028
MINISTRY OF ROAD TRANSPORT & HIGHWAYS,ROADS & HIGHWAYS,ASSAM,NHIDCL,1258.13,0.0,11.0,2025-01-04,2027-01-10,0.0,0.0
MINISTRY OF ROAD TRANSPORT & HIGHWAYS,ROADS & HIGHWAYS,ASSAM,NHIDCL,1181.55,0.0,0.0,2025-01-09,2027-01-09,0.0,0.0
MINISTRY OF ROAD TRANSPORT & HIGHWAYS,ROADS & HIGHWAYS,"MULTI-STATES (MAHARASHTRA, TELANGANA)",NATIONAL HIGHWAYS AUTHORITY OF INDIA [NHAI],968.05,600.11,70.02000000000001,2024-01-03,2026-01-03,1.8700000000000043,0.4400000000000545
MINISTRY OF ROAD TRANSPORT & HIGHWAYS,ROADS & HIGHWAYS,BIHAR,NATIONAL HIGHWAYS AUTHORITY OF INDIA [NHAI],488.24,101.05,80.83,2024-01-03,2025-01-08,-6.200000000000003,-0.0100000000000051
MINISTRY OF ROAD TRANSPORT & HIGHWAYS,ROADS & HIGHWAYS,ASSAM,NHIDCL,1716.21,937.33,79.34,2024-01-02,2026-01-08,0.0,19.00999999999999
MINISTRY OF ROAD TRANSPORT & HIGHWAYS,ROADS & HIGHWAYS,MANIPUR,NHIDCL,177.76,2.62,4.45,2025-01-11,2026-01-11,-2.999999999999999,-95.31
MINISTRY OF ROAD TRANSPORT & HIGHWAYS,ROADS & HIGHWAYS,MAHARASHTRA,NATIONAL HIGHWAYS AUTHORITY OF INDIA [NHAI],191.31,28.32,34.050000000000004,2025-01-07,2027-01-07,-2.9399999999999977,-5.649999999999999
MINISTRY OF ROAD TRANSPORT & HIGHWAYS,ROADS & HIGHWAYS,ASSAM,NHIDCL,1256.9,551.61,55.46,2024-01-01,2026-01-07,0.0,0.7000000000000455
MINISTRY OF ROAD TRANSPORT & HIGHWAYS,ROADS & HIGHWAYS,ANDHRA PRADESH,NATIONAL HIGHWAYS AUTHORITY OF INDIA [NHAI],887.28,374.39,99.94,2023-01-11,2025-01-11,0.0,0.0
MINISTRY OF ROAD TRANSPORT & HIGHWAYS,ROADS & HIGHWAYS,MIZORAM,NHIDCL,491.39,34.51,17.86,2025-01-07,2027-01-01,0.0,-203.34
MINISTRY OF ROAD TRANSPORT & HIGHWAYS,ROADS & HIGHWAYS,"MULTI-STATES (MAHARASHTRA, TELANGANA)",NATIONAL HIGHWAYS AUTHORITY OF INDIA [NHAI],1013.33,630.06,100.0,2022-01-10,2024-01-10,0.0,0.0
MINISTRY OF ROAD TRANSPORT & HIGHWAYS,ROADS & HIGHWAYS,MAHARASHTRA,NATIONAL HIGHWAYS AUTHORITY OF INDIA [NHAI],1166.96,979.65,81.54,2021-01-10,2023-01-10,0.0,8.269999999999982
MINISTRY OF ROAD TRANSPORT & HIGHWAYS,ROADS & HIGHWAYS,MIZORAM,NHIDCL,561.91,0.0,17.119999999999997,2025-01-07,2027-01-01,0.0,0.0
MINISTRY OF ROAD TRANSPORT & HIGHWAYS,ROADS & HIGHWAYS,MANIPUR,NHIDCL,241.52,152.86,100.0,2020-01-07,2022-01-06,3.4599999999999937,0.0100000000000193
MINISTRY OF ROAD TRANSPORT & HIGHWAYS,ROADS & HIGHWAYS,MIZORAM,NHIDCL,720.4,40.57,11.86,2025-01-07,2027-01-07,0.0,0.2800000000000011
MINISTRY OF ROAD TRANSPORT & HIGHWAYS,ROADS & HIGHWAYS,HARYANA,NATIONAL HIGHWAYS AUTHORITY OF INDIA [NHAI],1269.5,679.52,64.7,2023-01-02,2025-01-02,1.7000000000000028,0.2100000000000363
MINISTRY OF ROAD TRANSPORT & HIGHWAYS,ROADS & HIGHWAYS,MIZORAM,NHIDCL,595.65,21.02,6.72,2025-01-07,2027-01-01,0.0,0.0
MINISTRY OF ROAD TRANSPORT & HIGHWAYS,ROADS & HIGHWAYS,ANDHRA PRADESH,NATIONAL HIGHWAYS AUTHORITY OF INDIA [NHAI],1346.82,171.28,36.49,2024-01-12,2026-01-12,1.5100000000000051,0.1200000000000045
MINISTRY OF ROAD TRANSPORT & HIGHWAYS,ROADS & HIGHWAYS,"MULTI-STATES (HARYANA, PUNJAB)",NATIONAL HIGHWAYS AUTHORITY OF INDIA [NHAI],1183.7,452.48,100.0,2023-01-06,2025-01-06,0.0,0.0
MINISTRY OF ROAD TRANSPORT & HIGHWAYS,ROADS & HIGHWAYS,MIZORAM,NHIDCL,866.32,0.0,18.9,2025-01-10,2028-01-10,0.0,0.0
MINISTRY OF ROAD TRANSPORT & HIGHWAYS,ROADS & HIGHWAYS,ASSAM,NATIONAL HIGHWAYS AUTHORITY OF INDIA [NHAI],5729.47,3.49,0.0,2026-01-01,2030-01-01,0.0,-324.93
MINISTRY OF ROAD TRANSPORT & HIGHWAYS,ROADS & HIGHWAYS,MANIPUR,NHIDCL,232.99,150.9,100.0,2020-01-07,2022-01-06,3.6500000000000057,1.6899999999999975
MINISTRY OF ROAD TRANSPORT & HIGHWAYS,ROADS & HIGHWAYS,MIZORAM,NHIDCL,875.79,0.0,13.95,2025-01-11,2028-01-11,0.0,0.0
MINISTRY OF ROAD TRANSPORT & HIGHWAYS,ROADS & HIGHWAYS,MIZORAM,NHIDCL,1313.28,0.0,0.0,2025-01-12,2028-01-12,0.0,0.0
MINISTRY OF ROAD TRANSPORT & HIGHWAYS,ROADS & HIGHWAYS,"MULTI-STATES (ARUNACHAL PRADESH, ASSAM)",NHIDCL,665.47,305.63,96.7,2024-01-09,2027-01-03,0.0,10.329999999999984
MINISTRY OF ROAD TRANSPORT & HIGHWAYS,ROADS & HIGHWAYS,UTTAR PRADESH,MORTH,325.24,0.0,99.0,2022-01-11,2024-01-11,1.0,0.0
MINISTRY OF ROAD TRANSPORT & HIGHWAYS,ROADS & HIGHWAYS,MADHYA PRADESH,NATIONAL HIGHWAYS AUTHORITY OF INDIA [NHAI],1123.17,119.13,16.259999999999998,2025-01-08,2027-01-08,0.5399999999999974,24.44
MINISTRY OF ROAD TRANSPORT & HIGHWAYS,ROADS & HIGHWAYS,JAMMU AND KASHMIR,MORTH,642.24,0.0,100.0,2022-01-07,2024-01-07,0.0,0.0
MINISTRY OF POWER,TRANSMISSION & DISTRIBUTION,"MULTI-STATES (MADHYA PRADESH, RAJASTHAN, UTTAR PRADESH)",ADANI TRANSMISSION LIMITED,25000.0,426.05,4.0,2025-01-01,2029-01-07,2.0,196.0
MINISTRY OF ROAD TRANSPORT & HIGHWAYS,ROADS & HIGHWAYS,MEGHALAYA,NHIDCL,525.67,0.0,50.66,2024-01-02,2026-01-08,1.3499999999999943,0.0
MINISTRY OF ROAD TRANSPORT & HIGHWAYS,ROADS & HIGHWAYS,JAMMU AND KASHMIR,MORTH,734.64,0.0,46.39,2024-01-07,2026-01-07,0.980000000000004,0.0
MINISTRY OF POWER,TRANSMISSION & DISTRIBUTION,MADHYA PRADESH,ADANI TRANSMISSION LIMITED,3125.32,317.79,18.0,2025-01-03,2027-01-04,1.0,31.0
MINISTRY OF ROAD TRANSPORT & HIGHWAYS,ROADS & HIGHWAYS,JAMMU AND KASHMIR,MORTH,562.45,137.19,70.35,2024-01-01,2026-01-01,0.3199999999999932,0.1200000000000045
MINISTRY OF ROAD TRANSPORT & HIGHWAYS,ROADS & HIGHWAYS,MEGHALAYA,NHIDCL,445.51,42.36,50.8,2024-01-04,2026-01-04,1.75,0.0399999999999991
MINISTRY OF ROAD TRANSPORT & HIGHWAYS,ROADS & HIGHWAYS,JAMMU AND KASHMIR,MORTH,152.93,75.64,89.51,2021-01-09,2023-01-09,0.5700000000000074,0.0
MINISTRY OF HOUSING & URBAN AFFAIRS,URBAN PUBLIC TRANSPORT,HARYANA,GURUGRAM METRO RAIL LIMITED [GMRL],5452.72,159.67,4.3,2024-01-08,2027-01-07,4.3,67.54999999999998
MINISTRY OF ROAD TRANSPORT & HIGHWAYS,ROADS & HIGHWAYS,KARNATAKA,NATIONAL HIGHWAYS AUTHORITY OF INDIA [NHAI],1386.41,976.79,70.41,2022-01-10,2024-01-10,0.1899999999999977,3.480000000000018
MINISTRY OF ROAD TRANSPORT & HIGHWAYS,ROADS & HIGHWAYS,JAMMU AND KASHMIR,MORTH,796.97,432.45,92.02,2021-01-08,2024-01-08,0.0099999999999909,0.0
MINISTRY OF ROAD TRANSPORT & HIGHWAYS,ROADS & HIGHWAYS,ARUNACHAL PRADESH,NHIDCL,316.73,0.0,1.71,2026-01-02,2028-01-02,-10.03,0.0
MINISTRY OF ROAD TRANSPORT & HIGHWAYS,ROADS & HIGHWAYS,JAMMU AND KASHMIR,MORTH,395.25,144.04,89.16,2022-01-07,2024-01-07,0.1099999999999994,0.0
MINISTRY OF ROAD TRANSPORT & HIGHWAYS,ROADS & HIGHWAYS,TAMIL NADU,NATIONAL HIGHWAYS AUTHORITY OF INDIA [NHAI],2356.19,1011.39,100.0,2018-01-08,2020-01-08,0.0,0.0
MINISTRY OF ROAD TRANSPORT & HIGHWAYS,ROADS & HIGHWAYS,JAMMU AND KASHMIR,MORTH,272.49,157.74,94.0,2022-01-11,2024-01-11,0.0,0.0
MINISTRY OF ROAD TRANSPORT & HIGHWAYS,ROADS & HIGHWAYS,ASSAM,NHIDCL,508.76,58.12,47.34,2024-01-10,2026-01-01,0.0,0.0
MINISTRY OF ROAD TRANSPORT & HIGHWAYS,ROADS & HIGHWAYS,MEGHALAYA,NHIDCL,284.21,0.0,41.42,2024-01-05,2026-01-11,2.6499999999999986,0.0
MINISTRY OF ROAD TRANSPORT & HIGHWAYS,ROADS & HIGHWAYS,WEST BENGAL,MORTH,995.04,494.68,71.61,2023-01-03,2025-01-09,0.5799999999999983,38.19999999999999
MINISTRY OF ROAD TRANSPORT & HIGHWAYS,ROADS & HIGHWAYS,MIZORAM,NHIDCL,500.88,305.45,75.35,2023-01-11,2025-01-05,0.0,0.0
MINISTRY OF ROAD TRANSPORT & HIGHWAYS,ROADS & HIGHWAYS,BIHAR,MORTH,2926.42,0.0,73.69,2021-01-03,2024-01-09,1.1800000000000068,0.0
MINISTRY OF ROAD TRANSPORT & HIGHWAYS,ROADS & HIGHWAYS,UTTAR PRADESH,MORTH,211.09,0.0,100.0,2022-01-08,2024-01-02,0.0,0.0
MINISTRY OF ROAD TRANSPORT & HIGHWAYS,ROADS & HIGHWAYS,ASSAM,NHIDCL,4997.04,2837.17,76.01,2020-01-12,2028-01-09,1.6500000000000057,28.769999999999985
MINISTRY OF ROAD TRANSPORT & HIGHWAYS,ROADS & HIGHWAYS,TELANGANA,MORTH,690.33,0.0,0.0,2026-01-05,2028-01-04,0.0,0.0
MINISTRY OF ROAD TRANSPORT & HIGHWAYS,ROADS & HIGHWAYS,HIMACHAL PRADESH,MORTH,314.32,0.0,70.03,2022-01-10,2025-01-04,2.1099999999999994,0.0
MINISTRY OF ROAD TRANSPORT & HIGHWAYS,ROADS & HIGHWAYS,TAMIL NADU,NATIONAL HIGHWAYS AUTHORITY OF INDIA [NHAI],1163.17,199.66,29.72,2025-01-06,2027-01-06,3.019999999999996,33.28999999999999
MINISTRY OF ROAD TRANSPORT & HIGHWAYS,ROADS & HIGHWAYS,HIMACHAL PRADESH,MORTH,371.93,198.34,93.53,2022-01-06,2024-01-12,2.0400000000000063,0.0
MINISTRY OF ROAD TRANSPORT & HIGHWAYS,ROADS & HIGHWAYS,MAHARASHTRA,MORTH,157.69,0.0,51.0,2026-01-01,2027-01-07,0.0,-0.01
MINISTRY OF ROAD TRANSPORT & HIGHWAYS,ROADS & HIGHWAYS,HIMACHAL PRADESH,MORTH,251.62,75.88,57.63,2023-01-11,2026-01-05,-0.3699999999999903,-0.0100000000000051
MINISTRY OF ROAD TRANSPORT & HIGHWAYS,ROADS & HIGHWAYS,ASSAM,NHIDCL,909.02,638.5,100.0,2023-01-01,2025-01-01,0.0,0.0
MINISTRY OF ROAD TRANSPORT & HIGHWAYS,ROADS & HIGHWAYS,UTTARAKHAND,MORTH,292.76,0.0,72.5,2024-01-05,2026-01-05,-4.170000000000002,0.0
MINISTRY OF ROAD TRANSPORT & HIGHWAYS,ROADS & HIGHWAYS,MADHYA PRADESH,MORTH,461.23,0.0,0.0,2026-01-01,2028-01-01,0.0,0.0
MINISTRY OF ROAD TRANSPORT & HIGHWAYS,ROADS & HIGHWAYS,TAMIL NADU,NATIONAL HIGHWAYS AUTHORITY OF INDIA [NHAI],1319.42,417.73,92.0,2021-01-01,2023-01-01,0.0699999999999931,0.0400000000000204
MINISTRY OF ROAD TRANSPORT & HIGHWAYS,ROADS & HIGHWAYS,UTTARAKHAND,MORTH,338.38,0.0,78.2,2023-01-05,2025-01-05,-1.7999999999999972,0.0
MINISTRY OF ROAD TRANSPORT & HIGHWAYS,ROADS & HIGHWAYS,JAMMU AND KASHMIR,MORTH,823.46,277.76,83.67,2023-01-08,2025-01-08,0.6700000000000017,15.189999999999998
MINISTRY OF ROAD TRANSPORT & HIGHWAYS,ROADS & HIGHWAYS,MIZORAM,NHIDCL,637.06,101.89,99.82,2020-01-03,2023-01-09,0.0,0.0
MINISTRY OF ROAD TRANSPORT & HIGHWAYS,ROADS & HIGHWAYS,JAMMU AND KASHMIR,NHIDCL,497.09,245.25,99.97,2021-01-08,2023-01-02,0.0,5.150000000000006
MINISTRY OF ROAD TRANSPORT & HIGHWAYS,ROADS & HIGHWAYS,JAMMU AND KASHMIR,MORTH,1404.94,118.48,40.0,2024-01-11,2027-01-05,3.5,0.1099999999999994
MINISTRY OF ROAD TRANSPORT & HIGHWAYS,ROADS & HIGHWAYS,UTTARAKHAND,MORTH,573.96,0.0,20.78,2023-01-10,2027-01-10,0.0,0.0
DEPARTMENT OF HIGHER EDUCATION,EDUCATION,ODISHA,NIT ROURKELA,198.97,42.55,43.0,2024-01-01,2026-01-06,-4.0,-9.18
MINISTRY OF ROAD TRANSPORT & HIGHWAYS,ROADS & HIGHWAYS,UTTARAKHAND,MORTH,180.1,0.0,95.0,2019-01-11,2021-01-10,0.0,0.0
MINISTRY OF ROAD TRANSPORT & HIGHWAYS,ROADS & HIGHWAYS,MIZORAM,NHIDCL,605.76,0.01,100.0,2020-01-10,2024-01-04,0.0,0.0
MINISTRY OF ROAD TRANSPORT & HIGHWAYS,ROADS & HIGHWAYS,UTTARAKHAND,MORTH,258.85,0.0,35.6,2022-01-09,2025-01-09,-1.6299999999999957,0.0
MINISTRY OF COAL,COAL,MADHYA PRADESH,NORTHERN COALFIELDS LIMITED [NCL],25560.48,186.68,1.6,2025-01-02,2032-03-01,0.28,60.0
MINISTRY OF ROAD TRANSPORT & HIGHWAYS,ROADS & HIGHWAYS,MIZORAM,NHIDCL,768.76,168.78,98.73,2019-01-12,2023-01-06,0.0,0.0
MINISTRY OF ROAD TRANSPORT & HIGHWAYS,ROADS & HIGHWAYS,UTTARAKHAND,MORTH,603.92,0.0,81.17,2021-01-12,2023-01-12,0.0,0.0
MINISTRY OF ROAD TRANSPORT & HIGHWAYS,ROADS & HIGHWAYS,UTTAR PRADESH,NATIONAL HIGHWAYS AUTHORITY OF INDIA [NHAI],2966.63,866.7,97.35,2017-01-04,2019-01-10,0.0,1.490000000000009
MINISTRY OF HOUSING & URBAN AFFAIRS,URBAN PUBLIC TRANSPORT,DELHI,DELHI METRO RAIL CORPORATION LIMITED [DMRC],12014.91,256.11,5.55,2026-01-01,2028-01-12,0.2099999999999999,238.71
MINISTRY OF ROAD TRANSPORT & HIGHWAYS,ROADS & HIGHWAYS,UTTARAKHAND,MORTH,649.6,0.0,29.72,2024-01-11,2026-01-11,0.0,0.0
MINISTRY OF ROAD TRANSPORT & HIGHWAYS,ROADS & HIGHWAYS,MIZORAM,NHIDCL,867.09,159.47,97.51,2019-01-10,2023-01-04,0.0,0.0
MINISTRY OF ROAD TRANSPORT & HIGHWAYS,ROADS & HIGHWAYS,UTTARAKHAND,MORTH,197.26,0.0,22.0,2025-01-10,2027-01-04,0.0,0.0
MINISTRY OF POWER,TRANSMISSION & DISTRIBUTION,"MULTI-STATES (ANDHRA PRADESH, ODISHA)",POWER GRID CORPORATION OF INDIA LIMITED [POWERGRID],2722.5,13.4,1.0,2026-01-02,2028-01-08,0.0,0.0
MINISTRY OF ROAD TRANSPORT & HIGHWAYS,ROADS & HIGHWAYS,UTTARAKHAND,MORTH,273.76,0.0,96.46,2019-01-01,2021-01-01,0.0,0.0
MINISTRY OF ROAD TRANSPORT & HIGHWAYS,ROADS & HIGHWAYS,MIZORAM,NHIDCL,752.89,125.62,95.35,2019-01-10,2023-01-04,0.0,0.0
MINISTRY OF POWER,TRANSMISSION & DISTRIBUTION,GUJARAT,POWER GRID CORPORATION OF INDIA LIMITED [POWERGRID],319.42,51.1,21.0,2024-01-09,2026-01-03,-10.0,-12.78
MINISTRY OF ROAD TRANSPORT & HIGHWAYS,ROADS & HIGHWAYS,UTTARAKHAND,MORTH,346.5,0.0,100.0,2019-01-01,2021-01-07,0.0,0.0
MINISTRY OF ROAD TRANSPORT & HIGHWAYS,ROADS & HIGHWAYS,TAMIL NADU,NATIONAL HIGHWAYS AUTHORITY OF INDIA [NHAI],1772.13,499.66,95.52,2020-01-12,2022-01-12,3.6799999999999926,0.0600000000000022
MINISTRY OF ROAD TRANSPORT & HIGHWAYS,ROADS & HIGHWAYS,HIMACHAL PRADESH,MORTH,274.36,0.0,22.26,2024-01-06,2027-01-06,0.0,0.0
MINISTRY OF POWER,TRANSMISSION & DISTRIBUTION,KERALA,POWER GRID CORPORATION OF INDIA LIMITED [POWERGRID],173.14,2.08,1.5,2025-01-08,2027-01-08,0.0,0.0
MINISTRY OF ROAD TRANSPORT & HIGHWAYS,ROADS & HIGHWAYS,HIMACHAL PRADESH,MORTH,230.55,15.16,23.24,2023-01-07,2026-01-06,0.0,0.0
MINISTRY OF ROAD TRANSPORT & HIGHWAYS,ROADS & HIGHWAYS,MEGHALAYA,NHIDCL,351.12,0.0,98.72,2023-01-10,2025-01-10,5.659999999999997,0.0
MINISTRY OF POWER,TRANSMISSION & DISTRIBUTION,MAHARASHTRA,ADANI TRANSMISSION LIMITED,2000.0,36.0,5.0,2025-01-05,2028-01-01,0.0,0.0
MINISTRY OF ROAD TRANSPORT & HIGHWAYS,ROADS & HIGHWAYS,HIMACHAL PRADESH,MORTH,314.67,76.97,60.02,2023-01-05,2026-01-05,0.0,0.0
MINISTRY OF POWER,TRANSMISSION & DISTRIBUTION,GUJARAT,ADANI TRANSMISSION LIMITED,19000.0,20.0,1.0,2025-01-12,2029-01-12,0.0,0.0
MINISTRY OF ROAD TRANSPORT & HIGHWAYS,ROADS & HIGHWAYS,UTTAR PRADESH,MORTH,1948.25,0.0,88.9,2021-01-02,2024-01-02,0.9900000000000092,0.0
MINISTRY OF ROAD TRANSPORT & HIGHWAYS,ROADS & HIGHWAYS,ASSAM,NHIDCL,613.89,260.02,84.98,2024-01-11,2026-01-11,6.890000000000001,0.0
MINISTRY OF ROAD TRANSPORT & HIGHWAYS,ROADS & HIGHWAYS,BIHAR,MORTH,1478.4,824.29,96.1,2021-01-06,2024-01-06,1.8999999999999917,0.3600000000000136
MINISTRY OF ROAD TRANSPORT & HIGHWAYS,ROADS & HIGHWAYS,BIHAR,MORTH,1661.25,0.0,6.05,2025-01-09,2028-01-03,0.5300000000000002,0.0
MINISTRY OF CIVIL AVIATION,AVIATION & AVIATION INFRASTRUCTURE,RAJASTHAN,AIRPORT AUTHORITY OF INDIA [AAI],1507.0,46.66,13.1,2025-01-10,2027-01-10,0.2999999999999989,6.259999999999998
MINISTRY OF ROAD TRANSPORT & HIGHWAYS,ROADS & HIGHWAYS,UTTAR PRADESH,MORTH,974.19,0.85,56.00000000000001,2024-01-11,2027-01-05,8.000000000000007,0.03
MINISTRY OF ROAD TRANSPORT & HIGHWAYS,ROADS & HIGHWAYS,BIHAR,NATIONAL HIGHWAYS AUTHORITY OF INDIA [NHAI],2127.86,98.07,89.81,2011-01-01,2013-01-07,0.0,0.0
MINISTRY OF ROAD TRANSPORT & HIGHWAYS,ROADS & HIGHWAYS,HIMACHAL PRADESH,MORTH,870.95,0.0,0.0,2026-01-03,2029-01-03,0.0,0.0
MINISTRY OF POWER,ELECTRICITY GENERATION,MADHYA PRADESH,NATIONAL THERMAL POWER CORPORATION [NTPC],20446.0,1945.1,8.200000000000001,2025-01-05,2030-01-03,0.7000000000000011,223.91999999999985
MINISTRY OF ROAD TRANSPORT & HIGHWAYS,ROADS & HIGHWAYS,NAGALAND,NHIDCL,497.18,0.0,85.67,2023-01-08,2026-01-02,0.0,0.0
MINISTRY OF ROAD TRANSPORT & HIGHWAYS,ROADS & HIGHWAYS,ANDHRA PRADESH,MORTH,244.43,15.38,13.0,2025-01-01,2026-01-07,0.0,3.710000000000001
MINISTRY OF RAILWAYS,RAILWAYS,GUJARAT,WESTERN RAILWAY [WR] - II,1456.77,0.28,0.0,2025-01-12,2028-01-12,0.0,0.28
MINISTRY OF ROAD TRANSPORT & HIGHWAYS,ROADS & HIGHWAYS,ANDHRA PRADESH,MORTH,361.24,114.73,43.22,2023-01-11,2025-01-11,0.0,5.230000000000004
MINISTRY OF ROAD TRANSPORT & HIGHWAYS,ROADS & HIGHWAYS,NAGALAND,NHIDCL,430.24,0.0,87.0,2023-01-08,2026-01-02,0.0,0.0
MINISTRY OF HOUSING & URBAN AFFAIRS,URBAN PUBLIC TRANSPORT,MAHARASHTRA,MAHARASHTRA METRO RAIL CORPORATION LIMITED [MMRCL],3626.24,3.33,1.4500000000000002,2025-01-07,2029-01-07,0.0700000000000002,0.6800000000000002
MINISTRY OF ROAD TRANSPORT & HIGHWAYS,ROADS & HIGHWAYS,ANDHRA PRADESH,MORTH,311.22,195.13,91.25,2022-01-10,2024-01-10,0.0,0.0
MINISTRY OF ROAD TRANSPORT & HIGHWAYS,ROADS & HIGHWAYS,BIHAR,NATIONAL HIGHWAYS AUTHORITY OF INDIA [NHAI],470.5,250.42,68.43,2024-01-08,2026-01-08,-0.4399999999999977,7.399999999999977
MINISTRY OF ROAD TRANSPORT & HIGHWAYS,ROADS & HIGHWAYS,ANDHRA PRADESH,MORTH,349.29,242.08,100.0,2022-01-07,2024-01-07,0.0,0.0600000000000022
MINISTRY OF ROAD TRANSPORT & HIGHWAYS,ROADS & HIGHWAYS,UTTAR PRADESH,NATIONAL HIGHWAYS AUTHORITY OF INDIA [NHAI],1335.45,1021.32,92.89,2022-01-09,2024-01-09,0.0,4.940000000000055
MINISTRY OF ROAD TRANSPORT & HIGHWAYS,ROADS & HIGHWAYS,ANDHRA PRADESH,MORTH,296.66,237.52,91.5,2021-01-09,2023-01-09,0.0,0.0
MINISTRY OF ROAD TRANSPORT & HIGHWAYS,ROADS & HIGHWAYS,ANDHRA PRADESH,MORTH,222.61,122.52,100.0,2021-01-03,2023-01-03,0.0,0.0
MINISTRY OF ROAD TRANSPORT & HIGHWAYS,ROADS & HIGHWAYS,"MULTI-STATES (UTTAR PRADESH, UTTARAKHAND)",NATIONAL HIGHWAYS AUTHORITY OF INDIA [NHAI],2155.95,1482.54,91.6,2023-01-02,2025-01-02,0.0999999999999943,12.990000000000007
MINISTRY OF ROAD TRANSPORT & HIGHWAYS,ROADS & HIGHWAYS,UTTAR PRADESH,MORTH,1348.06,0.0,30.04,2025-01-11,2027-01-11,5.039999999999999,0.0
MINISTRY OF ROAD TRANSPORT & HIGHWAYS,ROADS & HIGHWAYS,MIZORAM,NHIDCL,740.58,432.25,61.34,2021-01-07,2023-01-01,0.0,1.8000000000000114
MINISTRY OF ROAD TRANSPORT & HIGHWAYS,ROADS & HIGHWAYS,UTTAR PRADESH,MORTH,1734.7,0.0,10.0,2025-01-08,2027-01-07,0.0,0.0
MINISTRY OF ROAD TRANSPORT & HIGHWAYS,ROADS & HIGHWAYS,UTTAR PRADESH,NATIONAL HIGHWAYS AUTHORITY OF INDIA [NHAI],1428.19,1221.16,97.5,2022-01-09,2024-01-09,0.0,0.290000000000191
MINISTRY OF ROAD TRANSPORT & HIGHWAYS,ROADS & HIGHWAYS,UTTAR PRADESH,MORTH,701.02,0.0,81.17999999999999,2025-01-01,2026-01-07,0.0,0.0
MINISTRY OF ROAD TRANSPORT & HIGHWAYS,ROADS & HIGHWAYS,PUNJAB,NATIONAL HIGHWAYS AUTHORITY OF INDIA [NHAI],857.91,517.35,67.9,2022-01-06,2024-01-06,0.7999999999999972,0.0099999999999909
MINISTRY OF ROAD TRANSPORT & HIGHWAYS,ROADS & HIGHWAYS,JAMMU AND KASHMIR,NATIONAL HIGHWAYS AUTHORITY OF INDIA [NHAI],295.06,175.97,64.0,2024-01-08,2026-01-08,-0.1800000000000068,-0.1400000000000147
MINISTRY OF ROAD TRANSPORT & HIGHWAYS,ROADS & HIGHWAYS,UTTAR PRADESH,MORTH,2061.86,0.0,30.0,2025-01-12,2028-01-05,5.0,0.0
MINISTRY OF ROAD TRANSPORT & HIGHWAYS,ROADS & HIGHWAYS,MIZORAM,NHIDCL,698.45,557.98,64.78,2021-01-06,2022-01-12,0.0,1.07000000000005
MINISTRY OF ROAD TRANSPORT & HIGHWAYS,ROADS & HIGHWAYS,UTTAR PRADESH,MORTH,172.5,0.0,91.0,2022-01-07,2024-01-07,2.0,0.0
MINISTRY OF RAILWAYS,RAILWAYS,"MULTI-STATES (CHHATTISGARH, MAHARASHTRA)",SOUTH EASTERN CENTRAL RAILWAY,2222.53,0.0,0.0,2025-01-10,2030-01-10,0.0,0.0
MINISTRY OF ROAD TRANSPORT & HIGHWAYS,ROADS & HIGHWAYS,NAGALAND,NHIDCL,442.54,0.0,58.5,2023-01-08,2026-01-02,3.8400000000000034,0.0
MINISTRY OF ROAD TRANSPORT & HIGHWAYS,ROADS & HIGHWAYS,BIHAR,MORTH,3064.45,0.0,15.83,2024-01-05,2027-01-11,5.140000000000001,0.0
MINISTRY OF ROAD TRANSPORT & HIGHWAYS,ROADS & HIGHWAYS,BIHAR,NATIONAL HIGHWAYS AUTHORITY OF INDIA [NHAI],1028.28,831.69,91.03,2018-01-12,2020-01-12,0.0,0.0
MINISTRY OF ROAD TRANSPORT & HIGHWAYS,ROADS & HIGHWAYS,JHARKHAND,MORTH,235.42,0.0,12.0,2026-01-01,2028-01-01,0.0,-0.86
MINISTRY OF ROAD TRANSPORT & HIGHWAYS,ROADS & HIGHWAYS,TAMIL NADU,NATIONAL HIGHWAYS AUTHORITY OF INDIA [NHAI],1499.12,685.7,100.0,2019-01-04,2021-01-04,0.0,3.0200000000000955
MINISTRY OF ROAD TRANSPORT & HIGHWAYS,ROADS & HIGHWAYS,RAJASTHAN,MORTH,278.1,40.2,44.03,2025-01-06,2026-01-12,-9.420000000000002,-42.3
MINISTRY OF ROAD TRANSPORT & HIGHWAYS,ROADS & HIGHWAYS,WEST BENGAL,MORTH,560.79,0.0,4.0,2025-01-12,2027-01-12,0.4999999999999995,0.0
MINISTRY OF ROAD TRANSPORT & HIGHWAYS,ROADS & HIGHWAYS,ANDHRA PRADESH,MORTH,316.06,220.75,100.0,2016-01-05,2018-01-05,0.0,-1.6800000000000068
MINISTRY OF ROAD TRANSPORT & HIGHWAYS,ROADS & HIGHWAYS,ANDHRA PRADESH,MORTH,263.45,151.56,98.4,2017-01-09,2019-01-09,0.0,0.0
MINISTRY OF ROAD TRANSPORT & HIGHWAYS,ROADS & HIGHWAYS,TRIPURA,NHIDCL,431.78,0.0,58.120000000000005,2024-01-07,2026-01-07,0.0,0.0
MINISTRY OF ROAD TRANSPORT & HIGHWAYS,ROADS & HIGHWAYS,HIMACHAL PRADESH,NATIONAL HIGHWAYS AUTHORITY OF INDIA [NHAI],881.74,679.91,90.11,2018-01-11,2021-01-05,0.0,27.870000000000005
MINISTRY OF ROAD TRANSPORT & HIGHWAYS,ROADS & HIGHWAYS,ANDHRA PRADESH,MORTH,350.61,233.92,98.2,2017-01-01,2018-01-07,0.0,0.0
MINISTRY OF ROAD TRANSPORT & HIGHWAYS,ROADS & HIGHWAYS,ANDHRA PRADESH,MORTH,445.22,0.0,98.6,2016-01-09,2018-01-09,0.0,0.0
MINISTRY OF RAILWAYS,RAILWAYS,ODISHA,INDIAN RAILWAY,2864.51,1.06,0.0,2025-01-08,2030-01-08,0.0,1.06
MINISTRY OF ROAD TRANSPORT & HIGHWAYS,ROADS & HIGHWAYS,GUJARAT,NATIONAL HIGHWAYS AUTHORITY OF INDIA [NHAI],1181.34,918.87,86.2,2023-01-03,2025-01-03,1.5,42.620000000000005
MINISTRY OF ROAD TRANSPORT & HIGHWAYS,ROADS & HIGHWAYS,UTTAR PRADESH,MORTH,236.47,0.0,100.0,2022-01-09,2024-01-03,10.0,0.0
MINISTRY OF COAL,ELECTRICITY GENERATION,GUJARAT,NLC INDIA LIMITED [NLCIL],480.68,2.62,1.2,2024-01-04,2026-01-12,0.0,-0.04
MINISTRY OF ROAD TRANSPORT & HIGHWAYS,ROADS & HIGHWAYS,JAMMU AND KASHMIR,MORTH,426.15,97.91,54.89000000000001,2023-01-06,2025-01-06,0.0,0.0
MINISTRY OF ROAD TRANSPORT & HIGHWAYS,ROADS & HIGHWAYS,TRIPURA,NHIDCL,657.21,0.0,60.05,2024-01-09,2026-01-09,2.0999999999999943,0.0
MINISTRY OF COAL,ELECTRICITY GENERATION,GUJARAT,NLC INDIA LIMITED [NLCIL],1221.41,64.03,0.0,2024-01-03,2026-01-12,0.0,0.0
MINISTRY OF ROAD TRANSPORT & HIGHWAYS,ROADS & HIGHWAYS,UTTAR PRADESH,MORTH,1138.72,0.0,30.0,2025-01-06,2027-01-06,3.0,0.0
MINISTRY OF ROAD TRANSPORT & HIGHWAYS,ROADS & HIGHWAYS,TRIPURA,NHIDCL,670.9,0.0,14.099999999999998,2024-01-09,2026-01-09,0.099999999999996,0.0
MINISTRY OF ROAD TRANSPORT & HIGHWAYS,ROADS & HIGHWAYS,UTTAR PRADESH,MORTH,1273.72,0.0,51.0,2025-01-05,2027-01-05,6.630000000000003,0.0
MINISTRY OF RAILWAYS,RAILWAYS,ASSAM,NORTHEAST FRONTIER RAILWAY [NFR],3633.58,0.0,0.0,2025-01-09,2029-01-06,0.0,0.0
MINISTRY OF ROAD TRANSPORT & HIGHWAYS,ROADS & HIGHWAYS,BIHAR,NATIONAL HIGHWAYS AUTHORITY OF INDIA [NHAI],662.44,933.08,88.38000000000001,2019-01-12,2021-01-12,3.1300000000000097,0.0
MINISTRY OF ROAD TRANSPORT & HIGHWAYS,ROADS & HIGHWAYS,BIHAR,MORTH,1110.23,0.0,50.78,2023-01-05,2027-01-05,1.0,0.0
MINISTRY OF HOUSING & URBAN AFFAIRS,URBAN PUBLIC TRANSPORT,MAHARASHTRA,MAHARASHTRA METRO RAIL CORPORATION LIMITED [MMRCL],9857.85,5.49,0.52,2025-01-12,2030-01-12,0.04,1.5500000000000005
MINISTRY OF ROAD TRANSPORT & HIGHWAYS,ROADS & HIGHWAYS,UTTAR PRADESH,MORTH,1708.62,0.0,3.0,2026-01-01,2029-01-01,-2.5,0.0
MINISTRY OF ROAD TRANSPORT & HIGHWAYS,ROADS & HIGHWAYS,TRIPURA,NHIDCL,726.9,213.5,8.95,2024-01-12,2026-01-12,0.3000000000000007,18.75999999999999
MINISTRY OF COAL,COAL,ODISHA,NLC INDIA LIMITED [NLCIL],522.45,324.74,73.65,2023-01-05,2026-01-06,1.0,0.0
MINISTRY OF ROAD TRANSPORT & HIGHWAYS,ROADS & HIGHWAYS,UTTAR PRADESH,MORTH,1653.15,0.0,14.000000000000002,2026-01-01,2028-01-01,-7.059999999999997,0.0
MINISTRY OF ROAD TRANSPORT & HIGHWAYS,ROADS & HIGHWAYS,UTTAR PRADESH,MORTH,1511.57,0.0,34.0,2025-01-03,2027-01-03,2.0,0.0
MINISTRY OF COAL,ELECTRICITY GENERATION,RAJASTHAN,NLC INDIA LIMITED [NLCIL],4147.07,224.77,0.0,2025-01-09,2028-01-03,0.0,0.0
MINISTRY OF ROAD TRANSPORT & HIGHWAYS,ROADS & HIGHWAYS,JHARKHAND,MORTH,300.46,85.48,48.73,2024-01-01,2026-01-01,-3.410000000000004,-0.5899999999999892
MINISTRY OF ROAD TRANSPORT & HIGHWAYS,ROADS & HIGHWAYS,UTTAR PRADESH,MORTH,840.93,185.58,71.0,2024-01-02,2026-01-02,7.0,17.980000000000018
MINISTRY OF ROAD TRANSPORT & HIGHWAYS,ROADS & HIGHWAYS,"MULTI-STATES (ANDHRA PRADESH, TELANGANA)",NATIONAL HIGHWAYS AUTHORITY OF INDIA [NHAI],826.01,103.08,22.58,2025-01-03,2027-01-03,0.5,33.78999999999999
MINISTRY OF ROAD TRANSPORT & HIGHWAYS,ROADS & HIGHWAYS,NAGALAND,NHIDCL,215.79,28.71,100.0,2023-01-08,2025-01-08,0.0,0.0700000000000002
MINISTRY OF ROAD TRANSPORT & HIGHWAYS,ROADS & HIGHWAYS,BIHAR,MORTH,295.24,33.07,83.48,2023-01-07,2025-01-07,1.7800000000000151,0.0
MINISTRY OF ROAD TRANSPORT & HIGHWAYS,ROADS & HIGHWAYS,ODISHA,MORTH,199.5,0.1,0.0,2025-01-04,2027-01-10,0.0,-0.22
MINISTRY OF HEALTH & FAMILY WELFARE,HEALTHCARE,TAMIL NADU,PMSSY AND INSTITUTE OF NATIONAL IMPORTANCE,1264.0,488.26,51.0,2018-01-12,2022-01-08,3.0,3.240000000000009
MINISTRY OF ROAD TRANSPORT & HIGHWAYS,ROADS & HIGHWAYS,TAMIL NADU,NATIONAL HIGHWAYS AUTHORITY OF INDIA [NHAI],3605.73,918.09,88.14,2022-01-07,2024-01-07,4.689999999999998,14.899999999999975
MINISTRY OF ROAD TRANSPORT & HIGHWAYS,ROADS & HIGHWAYS,ODISHA,MORTH,636.1,292.86,56.11000000000001,2024-01-02,2026-01-02,0.0,0.1200000000000045
MINISTRY OF ROAD TRANSPORT & HIGHWAYS,ROADS & HIGHWAYS,RAJASTHAN,MORTH,150.11,12.2,99.0,2022-01-09,2024-01-09,2.0,0.0
MINISTRY OF HEALTH & FAMILY WELFARE,HEALTHCARE,JAMMU AND KASHMIR,PMSSY AND INSTITUTE OF NATIONAL IMPORTANCE,1828.0,1573.15,77.0,2019-01-03,2025-01-12,1.0,28.100000000000136
MINISTRY OF ROAD TRANSPORT & HIGHWAYS,ROADS & HIGHWAYS,ODISHA,NATIONAL HIGHWAYS AUTHORITY OF INDIA [NHAI],920.47,421.58,91.0,2023-01-12,2025-01-12,0.0,8.689999999999998
MINISTRY OF ROAD TRANSPORT & HIGHWAYS,ROADS & HIGHWAYS,RAJASTHAN,MORTH,194.88,48.47,98.58,2022-01-12,2024-01-12,0.0,0.0
MINISTRY OF CIVIL AVIATION,AVIATION & AVIATION INFRASTRUCTURE,RAJASTHAN,AIRPORT AUTHORITY OF INDIA [AAI],887.0,538.0,71.71,2023-01-11,2026-01-03,2.999999999999986,14.389999999999986
MINISTRY OF ROAD TRANSPORT & HIGHWAYS,ROADS & HIGHWAYS,ODISHA,MORTH,168.95,7.96,35.0,2024-01-12,2026-01-12,0.0,-2.6599999999999997
MINISTRY OF ROAD TRANSPORT & HIGHWAYS,ROADS & HIGHWAYS,TAMIL NADU,NATIONAL HIGHWAYS AUTHORITY OF INDIA [NHAI],162.55,48.18,35.809999999999995,2024-01-02,2025-01-08,-2.710000000000008,-4.289999999999999
MINISTRY OF ROAD TRANSPORT & HIGHWAYS,ROADS & HIGHWAYS,ODISHA,MORTH,238.78,6.09,55.00000000000001,2023-01-04,2025-01-10,0.0,0.0
MINISTRY OF CIVIL AVIATION,AVIATION & AVIATION INFRASTRUCTURE,RAJASTHAN,AIRPORT AUTHORITY OF INDIA [AAI],480.0,345.45,97.85,2023-01-05,2026-01-03,0.5,5.490000000000009
MINISTRY OF ROAD TRANSPORT & HIGHWAYS,ROADS & HIGHWAYS,ODISHA,MORTH,324.09,84.57,70.09,2023-01-05,2025-01-05,0.0,0.0
MINISTRY OF ROAD TRANSPORT & HIGHWAYS,ROADS & HIGHWAYS,ODISHA,NATIONAL HIGHWAYS AUTHORITY OF INDIA [NHAI],929.91,365.06,92.3,2023-01-12,2025-01-12,0.0,0.0500000000000113
MINISTRY OF CIVIL AVIATION,AVIATION & AVIATION INFRASTRUCTURE,GUJARAT,AIRPORT AUTHORITY OF INDIA [AAI],1305.0,922.78,84.0,2022-01-07,2026-01-06,2.0,25.959999999999923
MINISTRY OF ROAD TRANSPORT & HIGHWAYS,ROADS & HIGHWAYS,GUJARAT,MORTH,246.6,0.0,35.0,2025-01-01,2027-01-01,0.0,0.0
MINISTRY OF ROAD TRANSPORT & HIGHWAYS,ROADS & HIGHWAYS,ANDHRA PRADESH,MORTH,436.09,221.22,100.0,2022-01-09,2024-01-09,0.0,0.0
MINISTRY OF ROAD TRANSPORT & HIGHWAYS,ROADS & HIGHWAYS,TAMIL NADU,NATIONAL HIGHWAYS AUTHORITY OF INDIA [NHAI],1525.1,360.3,53.56,2022-01-08,2024-01-07,0.0,0.0099999999999909
MINISTRY OF CIVIL AVIATION,AVIATION & AVIATION INFRASTRUCTURE,UTTAR PRADESH,AIRPORT AUTHORITY OF INDIA [AAI],579.0,208.68,41.71,2024-01-07,2026-01-07,1.6799999999999995,11.069999999999991
MINISTRY OF ROAD TRANSPORT & HIGHWAYS,ROADS & HIGHWAYS,CHHATTISGARH,MORTH,161.96,0.0,37.0,2025-01-04,2027-01-04,-5.0,0.0
MINISTRY OF ROAD TRANSPORT & HIGHWAYS,ROADS & HIGHWAYS,MADHYA PRADESH,MORTH,648.05,0.0,50.0,2025-01-02,2027-01-02,0.0,0.0
MINISTRY OF CIVIL AVIATION,AVIATION & AVIATION INFRASTRUCTURE,ANDHRA PRADESH,AIRPORT AUTHORITY OF INDIA [AAI],347.15,189.48,92.0,2023-01-08,2025-01-08,2.0,18.69
MINISTRY OF ROAD TRANSPORT & HIGHWAYS,ROADS & HIGHWAYS,TAMIL NADU,NATIONAL HIGHWAYS AUTHORITY OF INDIA [NHAI],1106.65,590.08,93.04,2022-01-07,2024-01-07,0.0,0.0400000000000773
MINISTRY OF ROAD TRANSPORT & HIGHWAYS,ROADS & HIGHWAYS,MADHYA PRADESH,MORTH,511.83,0.0,94.5,2015-01-08,2017-01-07,0.0,0.0
MINISTRY OF ROAD TRANSPORT & HIGHWAYS,ROADS & HIGHWAYS,WEST BENGAL,NATIONAL HIGHWAYS AUTHORITY OF INDIA [NHAI],352.01,87.2,39.55,2024-01-08,2026-01-02,-2.1200000000000045,-0.2099999999999937
MINISTRY OF CIVIL AVIATION,AVIATION & AVIATION INFRASTRUCTURE,UTTAR PRADESH,AIRPORT AUTHORITY OF INDIA [AAI],2869.65,626.15,29.0,2024-01-07,2027-01-07,2.0,54.110000000000014
MINISTRY OF ROAD TRANSPORT & HIGHWAYS,ROADS & HIGHWAYS,MAHARASHTRA,MORTH,619.55,0.0,8.24,2025-01-10,2027-01-10,2.1900000000000004,0.0
MINISTRY OF HEALTH & FAMILY WELFARE,HEALTHCARE,GUJARAT,PMSSY AND INSTITUTE OF NATIONAL IMPORTANCE,1195.0,777.1,93.85,2019-01-01,2026-01-03,0.1499999999999914,1.5
MINISTRY OF ROAD TRANSPORT & HIGHWAYS,ROADS & HIGHWAYS,TELANGANA,MORTH,283.15,480.38,92.62,2018-01-05,2020-01-05,0.0,0.0
MINISTRY OF ROAD TRANSPORT & HIGHWAYS,ROADS & HIGHWAYS,HARYANA,NATIONAL HIGHWAYS AUTHORITY OF INDIA [NHAI],1866.49,1081.56,99.91,2021-01-12,2023-01-12,0.0,0.0399999999999636
MINISTRY OF ROAD TRANSPORT & HIGHWAYS,ROADS & HIGHWAYS,ODISHA,NATIONAL HIGHWAYS AUTHORITY OF INDIA [NHAI],861.84,390.01,91.0,2023-01-12,2025-01-12,0.0,6.360000000000014
MINISTRY OF PETROLEUM & NATURAL GAS,OIL & GAS,"MULTI-STATES (GUJARAT, HARYANA, PUNJAB, RAJASTHAN)",MINISTRY OF PETROLEUM & NATURAL GAS,7392.0,6357.26,90.2,2011-01-07,2024-01-06,0.0,3.2100000000000364
MINISTRY OF HEALTH & FAMILY WELFARE,HEALTHCARE,DELHI,PMSSY AND INSTITUTE OF NATIONAL IMPORTANCE,4441.0,44.44,56.99999999999999,2022-01-06,2027-01-06,-4.000000000000007,19.76
MINISTRY OF ROAD TRANSPORT & HIGHWAYS,ROADS & HIGHWAYS,TELANGANA,NATIONAL HIGHWAYS AUTHORITY OF INDIA [NHAI],973.45,228.13,43.1,2025-01-03,2027-01-03,0.9500000000000028,0.5099999999999909
MINISTRY OF ROAD TRANSPORT & HIGHWAYS,ROADS & HIGHWAYS,MEGHALAYA,MORTH,302.88,182.58,99.1,2022-01-02,2023-01-08,0.0,0.0
MINISTRY OF PETROLEUM & NATURAL GAS,OIL & GAS,GUJARAT,MINISTRY OF PETROLEUM & NATURAL GAS,18936.0,75091.61,88.8,2020-01-09,2024-01-08,0.5,61512.26
MINISTRY OF ROAD TRANSPORT & HIGHWAYS,ROADS & HIGHWAYS,PUNJAB,NATIONAL HIGHWAYS AUTHORITY OF INDIA [NHAI],1759.82,1250.45,95.8,2022-01-07,2024-01-07,0.0,0.0
MINISTRY OF ROAD TRANSPORT & HIGHWAYS,ROADS & HIGHWAYS,NAGALAND,MORTH,252.2,0.0,44.46,2024-01-06,2026-01-06,0.0,0.0
MINISTRY OF ROAD TRANSPORT & HIGHWAYS,ROADS & HIGHWAYS,"MULTI-STATES (HARYANA, PUNJAB)",NATIONAL HIGHWAYS AUTHORITY OF INDIA [NHAI],1741.86,924.58,98.7,2022-01-05,2024-01-05,0.0,0.07000000000005
MINISTRY OF PETROLEUM & NATURAL GAS,OIL & GAS,BIHAR,MINISTRY OF PETROLEUM & NATURAL GAS,14810.0,74888.74,91.4,2020-01-01,2023-01-04,0.5,62016.7
MINISTRY OF ROAD TRANSPORT & HIGHWAYS,ROADS & HIGHWAYS,RAJASTHAN,MORTH,379.23,179.11,99.0,2021-01-10,2023-01-10,0.0,0.0
MINISTRY OF ROAD TRANSPORT & HIGHWAYS,ROADS & HIGHWAYS,UTTARAKHAND,MORTH,192.54,0.0,99.0,2024-01-02,2025-01-02,0.0,0.0
MINISTRY OF PETROLEUM & NATURAL GAS,OIL & GAS,HARYANA,MINISTRY OF PETROLEUM & NATURAL GAS,34627.0,27014.44,93.6,2021-01-02,2024-01-09,0.3999999999999915,-21.01000000000204
MINISTRY OF ROAD TRANSPORT & HIGHWAYS,ROADS & HIGHWAYS,"MULTI-STATES (ANDHRA PRADESH, TELANGANA)",NATIONAL HIGHWAYS AUTHORITY OF INDIA [NHAI],1183.23,2.01,3.0,2025-01-05,2027-01-05,0.1999999999999997,0.7299999999999998
MINISTRY OF ROAD TRANSPORT & HIGHWAYS,ROADS & HIGHWAYS,UTTARAKHAND,MORTH,192.22,0.0,98.5,2023-01-06,2024-01-06,0.0,0.0
MINISTRY OF ROAD TRANSPORT & HIGHWAYS,ROADS & HIGHWAYS,HARYANA,NATIONAL HIGHWAYS AUTHORITY OF INDIA [NHAI],1306.95,563.2,76.13,2021-01-12,2023-01-12,0.0,0.0
MINISTRY OF PETROLEUM & NATURAL GAS,ENERGY STORAGE,RAJASTHAN,MINISTRYOFPETROLEUMNATURALGAS,43129.0,69996.68,92.1,2017-01-10,2022-01-10,0.1999999999999886,794.4699999999866
MINISTRY OF ROAD TRANSPORT & HIGHWAYS,ROADS & HIGHWAYS,UTTARAKHAND,MORTH,220.89,0.0,8.0,2026-01-01,2027-01-12,0.0,0.0
MINISTRY OF PETROLEUM & NATURAL GAS,OIL & GAS,"MULTI-STATES (KARNATAKA, KERALA, TAMIL NADU)",MINISTRY OF PETROLEUM & NATURAL GAS,2915.0,4798.6,96.8,2009-01-06,2012-01-12,0.2000000000000028,8.300000000000182
MINISTRY OF ROAD TRANSPORT & HIGHWAYS,ROADS & HIGHWAYS,RAJASTHAN,MORTH,186.29,66.7,100.0,2023-01-02,2024-01-08,0.0,0.0
MINISTRY OF ROAD TRANSPORT & HIGHWAYS,ROADS & HIGHWAYS,ODISHA,NATIONAL HIGHWAYS AUTHORITY OF INDIA [NHAI],183.03,89.36,99.0,2021-01-03,2022-01-03,0.0,0.0
MINISTRY OF ROAD TRANSPORT & HIGHWAYS,ROADS & HIGHWAYS,ARUNACHAL PRADESH,MORTH,450.65,308.61,96.61,2020-01-11,2023-01-11,0.0,0.0
MINISTRY OF HEALTH & FAMILY WELFARE,HEALTHCARE,HARYANA,PMSSY AND INSTITUTE OF NATIONAL IMPORTANCE,1299.0,689.42,62.08,2019-01-02,2026-01-12,4.879999999999996,38.0
MINISTRY OF ROAD TRANSPORT & HIGHWAYS,ROADS & HIGHWAYS,HARYANA,NATIONAL HIGHWAYS AUTHORITY OF INDIA [NHAI],1606.27,631.62,79.08,2021-01-12,2023-01-12,0.0,0.0
MINISTRY OF ROAD TRANSPORT & HIGHWAYS,ROADS & HIGHWAYS,WEST BENGAL,MORTH,304.83,0.0,0.0,2025-01-11,2028-01-05,0.0,-0.04
MINISTRY OF ROAD TRANSPORT & HIGHWAYS,ROADS & HIGHWAYS,HARYANA,NATIONAL HIGHWAYS AUTHORITY OF INDIA [NHAI],1533.87,971.09,99.89,2022-01-01,2024-01-01,0.0,0.0199999999999818
MINISTRY OF HEALTH & FAMILY WELFARE,HEALTHCARE,BIHAR,PMSSY AND INSTITUTE OF NATIONAL IMPORTANCE,1264.0,0.0,0.0,2020-01-09,2024-01-09,0.0,0.0
MINISTRY OF ROAD TRANSPORT & HIGHWAYS,ROADS & HIGHWAYS,WEST BENGAL,MORTH,410.83,169.08,66.82000000000001,2024-01-03,2026-01-03,-0.4599999999999937,-5.22999999999999
MINISTRY OF ROAD TRANSPORT & HIGHWAYS,ROADS & HIGHWAYS,ASSAM,MORTH,535.03,181.49,75.64999999999999,2023-01-04,2025-01-04,4.939999999999998,19.930000000000007
MINISTRY OF HEALTH & FAMILY WELFARE,HEALTHCARE,TELANGANA,PMSSY AND INSTITUTE OF NATIONAL IMPORTANCE,1028.0,989.98,87.32,2022-01-07,2026-01-06,0.1099999999999994,0.0
MINISTRY OF ROAD TRANSPORT & HIGHWAYS,ROADS & HIGHWAYS,ASSAM,MORTH,421.15,0.0,18.3,2025-01-04,2026-01-10,0.4000000000000021,0.0
MINISTRY OF HEALTH & FAMILY WELFARE,HEALTHCARE,DELHI,PMSSY AND INSTITUTE OF NATIONAL IMPORTANCE,358.19,53.73,20.0,2025-01-09,2026-01-09,-15.0,0.0
MINISTRY OF CIVIL AVIATION,AVIATION & AVIATION INFRASTRUCTURE,ANDHRA PRADESH,AIRPORT AUTHORITY OF INDIA [AAI],611.8,523.14,87.2,2020-01-09,2022-01-09,0.0,0.0
MINISTRY OF ROAD TRANSPORT & HIGHWAYS,ROADS & HIGHWAYS,MADHYA PRADESH,MORTH,241.23,0.0,29.09,2024-01-01,2025-01-12,-3.4300000000000037,0.0
MINISTRY OF ROAD TRANSPORT & HIGHWAYS,ROADS & HIGHWAYS,ODISHA,MORTH,196.94,51.17,75.0,2022-01-03,2025-01-12,0.0,0.0100000000000051
MINISTRY OF ROAD TRANSPORT & HIGHWAYS,ROADS & HIGHWAYS,ANDHRA PRADESH,NATIONAL HIGHWAYS AUTHORITY OF INDIA [NHAI],1097.57,388.54,82.05,2023-01-08,2025-01-08,11.370000000000005,31.650000000000038
MINISTRY OF ROAD TRANSPORT & HIGHWAYS,ROADS & HIGHWAYS,WEST BENGAL,MORTH,155.87,0.0,16.35,2023-01-08,2025-01-08,-0.4899999999999984,0.0
MINISTRY OF PETROLEUM & NATURAL GAS,ENERGY STORAGE,MAHARASHTRA,MINISTRYOFPETROLEUMNATURALGAS,483.14,360.19,61.8,2023-01-05,2027-01-04,-4.1000000000000085,-0.0899999999999749
MINISTRY OF ROAD TRANSPORT & HIGHWAYS,ROADS & HIGHWAYS,MAHARASHTRA,MORTH,496.64,0.0,70.14,2023-01-07,2024-01-10,0.0,0.0
MINISTRY OF ROAD TRANSPORT & HIGHWAYS,ROADS & HIGHWAYS,MAHARASHTRA,MORTH,984.07,0.0,100.0,2024-01-03,2026-01-08,0.0,0.0
MINISTRY OF PETROLEUM & NATURAL GAS,OIL & GAS,UTTAR PRADESH,MINISTRYOFPETROLEUMNATURALGAS,186.0,95.21,57.99999999999999,2025-01-09,2027-01-09,-2.000000000000007,0.0
MINISTRY OF ROAD TRANSPORT & HIGHWAYS,ROADS & HIGHWAYS,"MULTI-STATES (JHARKHAND, UTTAR PRADESH)",NATIONAL HIGHWAYS AUTHORITY OF INDIA [NHAI],1436.49,830.18,92.02,2023-01-09,2025-01-09,0.0,0.0
MINISTRY OF ROAD TRANSPORT & HIGHWAYS,ROADS & HIGHWAYS,MAHARASHTRA,MORTH,406.54,0.0,95.84,2017-01-09,2019-01-09,0.0,0.0
MINISTRY OF ROAD TRANSPORT & HIGHWAYS,ROADS & HIGHWAYS,MAHARASHTRA,NATIONAL HIGHWAYS AUTHORITY OF INDIA [NHAI],2058.79,630.06,97.7,2022-01-11,2024-01-05,11.700000000000005,0.1799999999999499
MINISTRY OF POWER,ELECTRICITY GENERATION,ARUNACHAL PRADESH,THDC INDIA LIMITED,14105.83,188.14,0.0,2026-01-04,2032-10-01,0.0,0.9799999999999898
MINISTRY OF ROAD TRANSPORT & HIGHWAYS,ROADS & HIGHWAYS,KARNATAKA,MORTH,298.0,175.06,65.0,2021-01-06,2024-01-06,13.0,7.8300000000000125
MINISTRY OF ROAD TRANSPORT & HIGHWAYS,ROADS & HIGHWAYS,JHARKHAND,NATIONAL HIGHWAYS AUTHORITY OF INDIA [NHAI],1129.48,527.11,93.45,2021-01-10,2023-01-10,0.0,0.0
MINISTRY OF ROAD TRANSPORT & HIGHWAYS,ROADS & HIGHWAYS,TELANGANA,MORTH,253.99,0.0,100.0,2017-01-03,2019-01-03,0.0,0.0
MINISTRY OF ROAD TRANSPORT & HIGHWAYS,ROADS & HIGHWAYS,UTTAR PRADESH,NHAI,836.24,808.76,98.92,2021-01-10,2023-01-10,0.0,0.0599999999999454
MINISTRY OF ROAD TRANSPORT & HIGHWAYS,ROADS & HIGHWAYS,MAHARASHTRA,MORTH,809.77,0.0,0.0,2026-01-04,2028-01-04,0.0,0.0
MINISTRY OF ROAD TRANSPORT & HIGHWAYS,ROADS & HIGHWAYS,MAHARASHTRA,NATIONAL HIGHWAYS AUTHORITY OF INDIA [NHAI],3536.9,1793.48,90.86,2022-01-02,2024-01-02,0.0,0.7400000000000091
MINISTRY OF ROAD TRANSPORT & HIGHWAYS,ROADS & HIGHWAYS,"MULTI-STATES (BIHAR, JHARKHAND)",NHAI,1376.56,508.36,91.84,2022-01-08,2024-01-08,0.6800000000000068,14.710000000000036
MINISTRY OF ROAD TRANSPORT & HIGHWAYS,ROADS & HIGHWAYS,MAHARASHTRA,MORTH,574.18,0.07,10.0,2025-01-09,2027-01-03,0.0,0.01
MINISTRY OF ROAD TRANSPORT & HIGHWAYS,ROADS & HIGHWAYS,TELANGANA,MORTH,1297.75,0.0,37.5,2024-01-07,2026-01-07,0.0,0.0
MINISTRY OF ROAD TRANSPORT & HIGHWAYS,ROADS & HIGHWAYS,BIHAR,NHAI,1020.84,480.53,93.13,2022-01-03,2024-01-03,0.0,2.419999999999959
MINISTRY OF ROAD TRANSPORT & HIGHWAYS,ROADS & HIGHWAYS,JHARKHAND,NATIONAL HIGHWAYS AUTHORITY OF INDIA [NHAI],1517.87,992.09,76.95,2023-01-11,2025-01-11,0.0,0.1900000000000545
MINISTRY OF ROAD TRANSPORT & HIGHWAYS,ROADS & HIGHWAYS,TELANGANA,MORTH,545.11,275.13,81.78999999999999,2022-01-07,2024-01-07,1.2000000000000028,1.2300000000000182
MINISTRY OF ROAD TRANSPORT & HIGHWAYS,ROADS & HIGHWAYS,PUNJAB,362420,2175.35,941.19,43.45,2022-01-11,2024-01-11,0.0,0.0
MINISTRY OF ROAD TRANSPORT & HIGHWAYS,ROADS & HIGHWAYS,BIHAR,NHAI,1769.5,574.1,76.01,2022-01-04,2024-01-04,0.9700000000000132,0.0199999999999818
MINISTRY OF ROAD TRANSPORT & HIGHWAYS,ROADS & HIGHWAYS,GOA,MORTH,398.25,0.0,0.5,2026-01-02,2028-01-02,0.0,0.0
MINISTRY OF ROAD TRANSPORT & HIGHWAYS,ROADS & HIGHWAYS,GUJARAT,NATIONAL HIGHWAYS AUTHORITY OF INDIA [NHAI],2594.17,212.88,21.75,2024-01-04,2025-01-10,0.0,0.1200000000000045
MINISTRY OF ROAD TRANSPORT & HIGHWAYS,ROADS & HIGHWAYS,GOA,MORTH,641.46,0.0,96.75,2024-01-04,2026-01-04,6.159999999999997,0.0
MINISTRY OF ROAD TRANSPORT & HIGHWAYS,ROADS & HIGHWAYS,BIHAR,NHAI,537.88,200.58,99.99,2018-01-12,2021-01-05,0.0,-373.32
MINISTRY OF PETROLEUM & NATURAL GAS,OIL & GAS,OFFSHORE,MINISTRY OF PETROLEUM & NATURAL GAS,6684.0,589.63,14.499999999999998,2025-01-08,2027-01-05,3.199999999999997,68.91999999999996
MINISTRY OF ROAD TRANSPORT & HIGHWAYS,ROADS & HIGHWAYS,"MULTI-STATES (ANDHRA PRADESH, TAMIL NADU)",NATIONAL HIGHWAYS AUTHORITY OF INDIA [NHAI],1481.87,711.06,99.02,2022-01-05,2024-01-05,0.0,0.0199999999999818
MINISTRY OF ROAD TRANSPORT & HIGHWAYS,ROADS & HIGHWAYS,MAHARASHTRA,NATIONAL HIGHWAYS AUTHORITY OF INDIA [NHAI],2610.88,621.87,91.5,2022-01-11,2024-01-05,0.0,0.169999999999959
MINISTRY OF PETROLEUM & NATURAL GAS,OIL & GAS,ASSAM,MINISTRY OF PETROLEUM & NATURAL GAS,495.59,20.04,7.8,2025-01-10,2027-01-10,0.0,0.0
MINISTRY OF CIVIL AVIATION,AVIATION & AVIATION INFRASTRUCTURE,GOA,AIRPORT AUTHORITY OF INDIA [AAI],255.69,158.78,100.0,2019-01-12,2021-01-12,0.0,2.0800000000000125
MINISTRY OF ROAD TRANSPORT & HIGHWAYS,ROADS & HIGHWAYS,MADHYA PRADESH,MORTH,329.14,0.0,93.68,2023-01-09,2025-01-09,0.0,0.0
MINISTRY OF CIVIL AVIATION,AVIATION & AVIATION INFRASTRUCTURE,BIHAR,AIRPORT AUTHORITY OF INDIA [AAI],1216.9,1201.92,98.51,2018-01-10,2026-01-05,0.2900000000000062,1.25
MINISTRY OF ROAD TRANSPORT & HIGHWAYS,ROADS & HIGHWAYS,WEST BENGAL,NATIONAL HIGHWAYS AUTHORITY OF INDIA [NHAI],201.1,56.99,52.6,2024-01-07,2026-01-01,-1.4200000000000017,0.0200000000000031
MINISTRY OF ROAD TRANSPORT & HIGHWAYS,ROADS & HIGHWAYS,GUJARAT,MORTH,1295.39,0.0,28.000000000000004,2025-01-08,2028-01-02,2.000000000000004,0.0
MINISTRY OF ROAD TRANSPORT & HIGHWAYS,ROADS & HIGHWAYS,MAHARASHTRA,MORTH,478.83,0.0,95.0,2022-01-03,2024-01-03,0.0,0.0
MINISTRY OF ROAD TRANSPORT & HIGHWAYS,ROADS & HIGHWAYS,ANDHRA PRADESH,NATIONAL HIGHWAYS AUTHORITY OF INDIA [NHAI],1407.33,750.7,99.46,2022-01-10,2024-01-10,0.0,61.21000000000004
MINISTRY OF ROAD TRANSPORT & HIGHWAYS,ROADS & HIGHWAYS,CHHATTISGARH,MORTH,349.03,0.0,97.9,2019-01-01,2021-01-01,0.0,0.0
MINISTRY OF ROAD TRANSPORT & HIGHWAYS,ROADS & HIGHWAYS,ODISHA,MORTH,511.54,0.0,3.0,2025-01-06,2027-01-06,0.0,0.0
MINISTRY OF ROAD TRANSPORT & HIGHWAYS,ROADS & HIGHWAYS,ANDHRA PRADESH,NATIONAL HIGHWAYS AUTHORITY OF INDIA [NHAI],2548.04,1227.08,92.59,2023-01-06,2025-01-06,0.4500000000000028,0.2300000000000182
MINISTRY OF POWER,ELECTRICITY GENERATION,TELANGANA,NATIONAL THERMAL POWER CORPORATION [NTPC],29344.85,729.63,0.13,2026-01-03,2032-01-01,-0.6499999999999999,0.0
MINISTRY OF ROAD TRANSPORT & HIGHWAYS,ROADS & HIGHWAYS,ODISHA,MORTH,499.79,129.74,60.650000000000006,2023-01-06,2025-01-06,0.0,0.0
MINISTRY OF ROAD TRANSPORT & HIGHWAYS,ROADS & HIGHWAYS,WEST BENGAL,NATIONAL HIGHWAYS AUTHORITY OF INDIA [NHAI],622.04,367.17,96.17,2018-01-12,2021-01-12,0.0,27.150000000000038
MINISTRY OF PETROLEUM & NATURAL GAS,OIL & GAS,MAHARASHTRA,MINISTRY OF PETROLEUM & NATURAL GAS,3713.4,1557.5,53.2,2025-01-11,2027-01-03,,
MINISTRY OF ROAD TRANSPORT & HIGHWAYS,ROADS & HIGHWAYS,ODISHA,MORTH,587.1,52.48,23.0,2025-01-01,2027-01-07,2.0,0.0499999999999971
MINISTRY OF RAILWAYS,RAILWAYS,ANDHRA PRADESH,SOUTH CENTRAL RAILWAY [SCR] - II,9889.24,0.01,0.01,2026-01-04,2032-01-01,,
MINISTRY OF ROAD TRANSPORT & HIGHWAYS,ROADS & HIGHWAYS,ODISHA,MORTH,155.97,44.71,25.0,2025-01-05,2027-01-05,0.0,-5.329999999999998
MINISTRY OF ROAD TRANSPORT & HIGHWAYS,ROADS & HIGHWAYS,MIZORAM,MORTH,170.96,0.0,0.0,2026-01-05,2028-01-05,-2.0,0.0
MINISTRY OF ROAD TRANSPORT & HIGHWAYS,ROADS & HIGHWAYS,ODISHA,MORTH,300.33,82.33,100.0,2023-01-05,2025-01-04,0.0,0.0
MINISTRY OF ROAD TRANSPORT & HIGHWAYS,ROADS & HIGHWAYS,MAHARASHTRA,NATIONAL HIGHWAYS AUTHORITY OF INDIA [NHAI],2208.68,874.32,85.79,2023-01-01,2025-01-07,1.5400000000000065,47.21000000000004
MINISTRY OF ROAD TRANSPORT & HIGHWAYS,ROADS & HIGHWAYS,BIHAR,NHAI,2290.72,468.71,100.0,2011-01-05,2013-01-11,0.0,0.0
MINISTRY OF ROAD TRANSPORT & HIGHWAYS,ROADS & HIGHWAYS,ODISHA,MORTH,157.49,33.61,82.0,2023-01-05,2024-01-11,0.0,0.0
MINISTRY OF ROAD TRANSPORT & HIGHWAYS,ROADS & HIGHWAYS,PUNJAB,NATIONAL HIGHWAYS AUTHORITY OF INDIA [NHAI],1368.91,488.23,15.310000000000002,2022-01-12,2024-01-12,0.0,0.2400000000000091
MINISTRY OF ROAD TRANSPORT & HIGHWAYS,ROADS & HIGHWAYS,GUJARAT,MORTH,398.4,0.0,33.0,2025-01-08,2027-01-08,-11.0,0.0
MINISTRY OF ROAD TRANSPORT & HIGHWAYS,ROADS & HIGHWAYS,ANDHRA PRADESH,NATIONAL HIGHWAYS AUTHORITY OF INDIA [NHAI],907.76,450.16,91.97,2023-01-07,2025-01-07,0.5699999999999932,1.6300000000000523
MINISTRY OF ROAD TRANSPORT & HIGHWAYS,ROADS & HIGHWAYS,BIHAR,NHAI,2723.39,929.26,99.45,2010-01-08,2013-01-02,0.0,-1231.5400000000002
MINISTRY OF ROAD TRANSPORT & HIGHWAYS,ROADS & HIGHWAYS,GUJARAT,MORTH,699.19,0.0,24.0,2025-01-09,2027-01-09,0.0,0.0
MINISTRY OF ROAD TRANSPORT & HIGHWAYS,ROADS & HIGHWAYS,MAHARASHTRA,NATIONAL HIGHWAYS AUTHORITY OF INDIA [NHAI],4051.8,905.81,90.7,2022-01-11,2024-01-10,0.0,0.0699999999999363
MINISTRY OF ROAD TRANSPORT & HIGHWAYS,ROADS & HIGHWAYS,GUJARAT,MORTH,151.13,0.0,98.0,2024-01-03,2026-01-03,0.0,0.0
MINISTRY OF ROAD TRANSPORT & HIGHWAYS,ROADS & HIGHWAYS,UTTARAKHAND,MORTH,247.41,110.98,73.5,2018-01-05,2020-01-05,0.0,0.0
MINISTRY OF ROAD TRANSPORT & HIGHWAYS,ROADS & HIGHWAYS,PUNJAB,NATIONAL HIGHWAYS AUTHORITY OF INDIA [NHAI],1895.74,751.95,31.08,2023-01-03,2025-01-03,0.0,0.0
MINISTRY OF PETROLEUM & NATURAL GAS,OIL & GAS,"MULTI-STATES (KARNATAKA, MAHARASHTRA)",MINISTRY OF PETROLEUM & NATURAL GAS,5535.0,4327.39,47.0,2006-01-01,,0.0,-65.1899999999996
MINISTRY OF RAILWAYS,RAILWAYS,GUJARAT,WESTERN RAILWAY [WR] - II,2526.47,0.0,0.0,2025-01-09,2028-01-09,0.0,0.0
MINISTRY OF RAILWAYS,RAILWAYS,JHARKHAND,EAST CENTRAL RAILWAY [ECR] - I,349.22,145.57,72.0,2022-01-11,2025-01-12,12.0,-17.349999999999994
"MINISTRY OF PORTS, SHIPPING AND WATERWAYS",SHIPPING,GUJARAT,DEENDAYAL PORT TRUST [DPT],171.0,149.5,91.0,2021-01-09,2023-01-09,-1.0,0.0
MINISTRY OF ROAD TRANSPORT & HIGHWAYS,ROADS & HIGHWAYS,HARYANA,NATIONAL HIGHWAYS AUTHORITY OF INDIA [NHAI],401.74,105.22,50.64999999999999,2025-01-05,2027-01-05,-5.400000000000006,-11.210000000000008
MINISTRY OF RAILWAYS,RAILWAYS,CHHATTISGARH,RAIL VIKAS NIGAM LIMITED,1516.45,2143.72,98.0,2009-01-11,2025-01-03,0.0,19.39999999999964
MINISTRY OF ROAD TRANSPORT & HIGHWAYS,ROADS & HIGHWAYS,ANDHRA PRADESH,NATIONAL HIGHWAYS AUTHORITY OF INDIA [NHAI],685.99,466.29,79.0,2024-01-02,2026-01-02,0.0,6.129999999999996
"MINISTRY OF PORTS, SHIPPING AND WATERWAYS",INLAND WATERWAYS,"MULTI-STATES (BIHAR, JHARKHAND, UTTAR PRADESH, WEST BENGAL)",INLAND WATERWAYS AUTHORITY OF INDIA [IWAI],5369.18,4028.82,81.97,2018-01-02,2023-01-12,0.769999999999996,38.76000000000022
MINISTRY OF POWER,TRANSMISSION & DISTRIBUTION,ARUNACHAL PRADESH,POWER GRID CORPORATION OF INDIA LIMITED [POWERGRID],209.38,3.14,1.5,2025-01-08,2028-01-02,-0.0599999999999998,0.0
MINISTRY OF RAILWAYS,RAILWAYS,DELHI,NORTHERN RAILWAYS,446.21,556.36,80.0,2013-01-03,2020-01-03,0.0,-9.340000000000032
"DEPARTMENT OF WATER RESOURCES, RIVER DEVELOPMENT & GR",WATER RESOURCES,"MULTI-STATES (MADHYA PRADESH, UTTAR PRADESH)","DEPARTMENT OF WATER RESOURCES, RIVER DEVELOPMENT, ",21030.0,8530.86,0.0,2022-01-03,2029-01-03,0.0,0.0
MINISTRY OF ROAD TRANSPORT & HIGHWAYS,ROADS & HIGHWAYS,"MULTI-STATES (HARYANA, RAJASTHAN)",NATIONAL HIGHWAYS AUTHORITY OF INDIA [NHAI],409.64,198.94,88.9,2022-01-12,2024-01-06,1.7600000000000051,3.1399999999999864
MINISTRY OF RAILWAYS,RAILWAYS,"MULTI-STATES (CHHATTISGARH, ODISHA)",SECR,1281.81,128.07,4.0,2024-01-09,2028-01-03,0.0,0.0
"DEPARTMENT OF WATER RESOURCES, RIVER DEVELOPMENT & GR",WATER RESOURCES,ANDHRA PRADESH,WATER RESOURCES-AP,10151.04,27061.89,86.14,2009-01-11,2022-01-04,0.0,387.119999999999
MINISTRY OF POWER,TRANSMISSION & DISTRIBUTION,GUJARAT,POWER GRID CORPORATION OF INDIA LIMITED [POWERGRID],488.29,5.86,2.7,2025-01-02,2026-01-11,-1.7999999999999998,-3.9
MINISTRY OF ROAD TRANSPORT & HIGHWAYS,ROADS & HIGHWAYS,ANDHRA PRADESH,NATIONAL HIGHWAYS AUTHORITY OF INDIA [NHAI],609.43,535.32,81.81,2023-01-09,2025-01-09,3.1899999999999977,30.160000000000025
MINISTRY OF RAILWAYS,RAILWAYS,RAJASTHAN,NORTH WESTERN RAILWAY [NWR],468.64,195.42,94.0,2024-01-01,2026-01-06,-1.0,-2.420000000000016
"DEPARTMENT OF WATER RESOURCES, RIVER DEVELOPMENT & GR",WATER RESOURCES,"MULTI-STATES (BIHAR, JHARKHAND)","DEPARTMENT OF WATER RESOURCES, RIVER DEVELOPMENT & GR",1622.27,172.97,44.0,2021-01-01,2021-01-03,6.0,0.0
MINISTRY OF ROAD TRANSPORT & HIGHWAYS,ROADS & HIGHWAYS,GUJARAT,NATIONAL HIGHWAYS AUTHORITY OF INDIA [NHAI],1181.76,1206.44,97.99,2021-01-12,2023-01-12,0.0699999999999931,2.1100000000001278
MINISTRY OF RAILWAYS,RAILWAYS,RAJASTHAN,NORTH WESTERN RAILWAY [NWR],189.21,55.58,1.0,2025-01-04,2028-01-03,-1.0,0.0
"DEPARTMENT OF WATER RESOURCES, RIVER DEVELOPMENT & GR",WATER RESOURCES,PUNJAB,DEPARTMENT OF WATER RESOURCES-PB,2285.81,2201.94,88.0,2018-01-04,2022-01-06,0.0,0.0
MINISTRY OF POWER,TRANSMISSION & DISTRIBUTION,GUJARAT,ADANI TRANSMISSION LIMITED,4000.0,553.0,19.0,2024-01-10,2026-01-10,1.0,16.0
MINISTRY OF ROAD TRANSPORT & HIGHWAYS,ROADS & HIGHWAYS,GUJARAT,NATIONAL HIGHWAYS AUTHORITY OF INDIA [NHAI],1034.04,1009.77,100.0,2021-01-07,2023-01-07,0.0,54.02999999999997
MINISTRY OF RAILWAYS,RAILWAYS,"MULTI-STATES (MADHYA PRADESH, RAJASTHAN)",NORTH WESTERN RAILWAY [NWR],2417.24,7.35,8.0,2023-01-05,2028-01-03,0.0,0.1599999999999992
"DEPARTMENT OF WATER RESOURCES, RIVER DEVELOPMENT & GR",WATER RESOURCES,PUNJAB,DEPARTMENT OF WATER RESOURCES-PB,1441.26,2337.42,95.0,2018-01-04,2021-01-06,5.0,115.07999999999991
MINISTRY OF ROAD TRANSPORT & HIGHWAYS,ROADS & HIGHWAYS,WEST BENGAL,NATIONAL HIGHWAYS AUTHORITY OF INDIA [NHAI],1212.56,321.57,38.85,2024-01-06,2026-01-12,1.5,18.95999999999998
MINISTRY OF RAILWAYS,RAILWAYS,RAJASTHAN,NORTH WESTERN RAILWAY [NWR],166.33,112.55,15.0,2024-01-04,2027-01-03,0.0,0.0
"DEPARTMENT OF WATER RESOURCES, RIVER DEVELOPMENT & GR",WATER RESOURCES,UTTAR PRADESH,IRRIGATION & WATER RESOURCES-UP,1060.67,4575.74,82.39,2008-01-04,2019-01-12,0.0,0.0
MINISTRY OF ROAD TRANSPORT & HIGHWAYS,ROADS & HIGHWAYS,ASSAM,NHIDCL,356.65,0.0,20.45,2023-01-12,2026-01-12,0.0,0.0
MINISTRY OF ROAD TRANSPORT & HIGHWAYS,ROADS & HIGHWAYS,GUJARAT,NATIONAL HIGHWAYS AUTHORITY OF INDIA [NHAI],1415.34,1427.49,100.0,2022-01-01,2024-01-01,0.0,72.55999999999995
MINISTRY OF HOUSING & URBAN AFFAIRS,CONSTRUCTION,TELANGANA,CENTRAL PUBLIC WORKS DEPARTMENT - CPWD,644.0,161.57,22.0,2024-01-11,2027-01-09,1.0,0.0
MINISTRY OF RAILWAYS,RAILWAYS,UTTAR PRADESH,M/S SRC COMPANY INFRA PRIVATE LIMITED,180.66,65.5,27.54,2025-01-02,2027-01-01,-0.0100000000000015,-0.0400000000000062
"DEPARTMENT OF WATER RESOURCES, RIVER DEVELOPMENT & GR",WATER RESOURCES,TELANGANA,IRRIGATION AND CAD-TG,1402.0,1839.76,100.0,2008-01-01,2019-01-12,0.0,0.0
"MINISTRY OF PORTS, SHIPPING AND WATERWAYS",SHIPPING,ODISHA,PARADIP PORT TRUST [PPT],3004.63,2220.12,72.0,2023-01-01,2027-01-12,2.0,103.0
MINISTRY OF ROAD TRANSPORT & HIGHWAYS,ROADS & HIGHWAYS,GUJARAT,NATIONAL HIGHWAYS AUTHORITY OF INDIA [NHAI],466.8,554.37,89.5,2024-01-08,2025-01-06,5.349999999999994,0.4400000000000545
MINISTRY OF ROAD TRANSPORT & HIGHWAYS,ROADS & HIGHWAYS,TAMIL NADU,NATIONAL HIGHWAYS AUTHORITY OF INDIA [NHAI],1388.59,209.2,22.8,2023-01-11,2026-01-05,0.870000000000001,8.949999999999989
MINISTRY OF MINES,CONSTRUCTION,WEST BENGAL,CENTRAL PUBLIC WORKS DEPARTMENT [CPWD],255.37,98.92,64.0,2020-01-02,2026-01-08,0.0,0.0
DEPARTMENT FOR PROMOTION OF INDUSTRY & INTERNAL TRADE,REAL ESTATE,KERALA,NATIONAL INDUSTRIAL CORRIDOR DEVELOPMENT CORPORATION,3805.0,0.0,3.5000000000000004,2025-01-10,2029-01-04,2.5000000000000004,0.0
MINISTRY OF RAILWAYS,RAILWAYS,UTTAR PRADESH,NORTH CENTRAL RAILWAY,1423.96,151.57,18.5,2025-01-01,2028-01-03,1.5,28.47999999999999
MINISTRY OF ROAD TRANSPORT & HIGHWAYS,ROADS & HIGHWAYS,MAHARASHTRA,NATIONAL HIGHWAYS AUTHORITY OF INDIA [NHAI],907.03,545.2,87.5,2019-01-02,2022-01-02,0.2299999999999897,6.440000000000055
MINISTRY OF COAL,COAL,CHHATTISGARH,SECL - CIL,4516.88,834.14,23.75,2024-01-11,2030-01-03,1.75,17.08000000000004
DEPARTMENT FOR PROMOTION OF INDUSTRY & INTERNAL TRADE,REAL ESTATE,ANDHRA PRADESH,NATIONAL INDUSTRIAL CORRIDOR DEVELOPMENT CORPORATION,2139.44,857.05,40.6,2024-01-02,2027-01-02,1.4600000000000009,42.78999999999997
MINISTRY OF COAL,COAL,CHHATTISGARH,SOUTH EASTERN COALFIELDS LIMITED [SECL],382.61,135.58,21.29,2025-01-01,2029-01-03,0.0,-3.25
MINISTRY OF ROAD TRANSPORT & HIGHWAYS,ROADS & HIGHWAYS,ANDHRA PRADESH,NATIONAL HIGHWAYS AUTHORITY OF INDIA [NHAI],645.63,604.48,90.98,2023-01-08,2025-01-08,0.480000000000004,9.389999999999986
MINISTRY OF COAL,ELECTRICITY GENERATION,GUJARAT,NLC INDIA LIMITED [NLCIL],383.84,329.59,52.0,2024-01-01,2025-01-06,1.0,1.0299999999999727
DEPARTMENT FOR PROMOTION OF INDUSTRY & INTERNAL TRADE,REAL ESTATE,KARNATAKA,NATIONAL HIGHWAYS & INFRASTRUCTURE DEVELOPMENT CORPORATION LTD. [NHIDCL],1701.81,300.46,23.89,2023-01-02,2026-01-09,0.7100000000000009,22.10999999999996
MINISTRY OF ROAD TRANSPORT & HIGHWAYS,ROADS & HIGHWAYS,MAHARASHTRA,NATIONAL HIGHWAYS AUTHORITY OF INDIA [NHAI],604.59,54.16,18.85,2025-01-06,2026-01-06,-4.109999999999999,-12.13000000000001
MINISTRY OF PETROLEUM & NATURAL GAS,OIL & GAS,WEST BENGAL,MINISTRY OF PETROLEUM & NATURAL GAS,1740.0,2370.4,95.0,2017-01-03,2020-01-12,0.2999999999999971,6.800000000000182
DEPARTMENT OF TELECOMMUNICATIONS,TELECOMMUNICATION,"MULTI-STATES (ANDHRA PRADESH, CHHATTISGARH, JHARKHAND, MAHARASHTRA, ODISHA)",DEPARTMENT OF TELECOMMUNICATIONS [DOT],3685.0,1100.41,81.2,2022-01-05,2023-01-11,-1.7999999999999972,-357.0999999999999
MINISTRY OF PETROLEUM & NATURAL GAS,OIL & GAS,BIHAR,MINISTRYOFPETROLEUMNATURALGAS,340.15,172.18,53.0,2023-01-10,2027-01-03,-2.000000000000007,-7.370000000000003
MINISTRY OF ROAD TRANSPORT & HIGHWAYS,ROADS & HIGHWAYS,DELHI,NATIONAL HIGHWAYS AUTHORITY OF INDIA [NHAI],2089.94,1809.77,99.99,2021-01-10,2023-01-10,0.0,6.039999999999964
MINISTRY OF POWER,TRANSMISSION & DISTRIBUTION,JHARKHAND,POWER GRID CORPORATION OF INDIA LIMITED [POWERGRID],1842.25,1648.05,96.2,2012-01-02,2026-01-03,0.2000000000000028,0.0
DEPARTMENT OF TELECOMMUNICATIONS,TELECOMMUNICATION,"MULTI-STATES (ANDHRA PRADESH, BIHAR, CHHATTISGARH, JHARKHAND, MADHYA PRADESH, MAHARASHTRA, ODISHA, TELANGANA, UTTAR PRADESH, WEST BENGAL)",DEPARTMENT OF TELECOMMUNICATIONS [DOT],1577.57,480.91,88.0,2021-01-09,2023-01-03,0.0,-220.74999999999997
MINISTRY OF ROAD TRANSPORT & HIGHWAYS,ROADS & HIGHWAYS,ANDHRA PRADESH,NATIONAL HIGHWAYS AUTHORITY OF INDIA [NHAI],348.72,184.68,78.95,2018-01-12,2020-01-12,1.0200000000000102,0.0
MINISTRY OF HOUSING & URBAN AFFAIRS,URBAN PUBLIC TRANSPORT,MAHARASHTRA,MAHARASHTRA METRO RAIL CORPORATION LIMITED [MMRCL],12200.1,83.69,8.74,2024-01-09,2029-01-09,0.4900000000000002,2.0600000000000023
DEPARTMENT OF TELECOMMUNICATIONS,TELECOMMUNICATION,MEGHALAYA,DEPARTMENT OF TELECOMMUNICATIONS,971.96,167.23,99.84,2020-01-09,2022-01-03,0.0,-65.56
MINISTRY OF RAILWAYS,RAILWAYS,UTTAR PRADESH,EAST CENTRAL RAILWAY [ECR] - I,199.96,7.67,0.6,2024-01-05,2027-01-02,0.0,0.0
MINISTRY OF ROAD TRANSPORT & HIGHWAYS,ROADS & HIGHWAYS,GUJARAT,NATIONAL HIGHWAYS AUTHORITY OF INDIA [NHAI],907.39,345.88,48.0,2025-01-01,2027-01-01,1.6099999999999994,0.0099999999999909
MINISTRY OF STEEL,STEEL,WEST BENGAL,STEEL AUTHORITY OF INDIA LIMITED [SAIL],2518.39,389.09,23.6,2025-01-02,2028-01-07,1.1000000000000014,13.439999999999998
DEPARTMENT OF TELECOMMUNICATIONS,TELECOMMUNICATION,"MULTI-STATES (ARUNACHAL PRADESH, ASSAM)",DEPARTMENT OF TELECOMMUNICATIONS,1255.49,237.98,99.6,2021-01-10,2023-01-04,0.1699999999999875,-94.45000000000002
MINISTRY OF RAILWAYS,RAILWAYS,WEST BENGAL,SOUTH EASTERN RAILWAY - JH,226.87,86.69,50.0,2024-01-12,2026-01-10,0.0,0.0
MINISTRY OF ROAD TRANSPORT & HIGHWAYS,ROADS & HIGHWAYS,ANDHRA PRADESH,NATIONAL HIGHWAYS AUTHORITY OF INDIA [NHAI],977.33,64.78,5.0,2026-01-02,2028-01-02,1.0,0.0799999999999983
DEPARTMENT OF TELECOMMUNICATIONS,TELECOMMUNICATION,PAN INDIA,DEPARTMENT OF TELECOMMUNICATIONS [DOT],28466.0,8471.19,98.34,2020-01-11,2024-01-03,0.1099999999999994,0.0
MINISTRY OF RAILWAYS,RAILWAYS,MAHARASHTRA,CENTRALRAILWAY,362.81,0.48,0.0,2024-01-10,2028-01-03,0.0,0.0
MINISTRY OF RAILWAYS,RAILWAYS,MAHARASHTRA,CENTRALRAILWAY,338.33,29.33,24.0,2025-01-01,2028-01-07,-36.0,-26.5
MINISTRY OF ROAD TRANSPORT & HIGHWAYS,ROADS & HIGHWAYS,GUJARAT,NATIONAL HIGHWAYS AUTHORITY OF INDIA [NHAI],1298.0,1024.93,100.0,2022-01-01,2024-01-01,0.0,12.480000000000018
DEPARTMENT OF TELECOMMUNICATIONS,TELECOMMUNICATION,"MULTI-STATES (ANDHRA PRADESH, BIHAR, CHHATTISGARH, JHARKHAND, MADHYA PRADESH, MAHARASHTRA, ODISHA, TELANGANA, UTTAR PRADESH, WEST BENGAL)",DEPARTMENT OF TELECOMMUNICATIONS [DOT],1884.6,376.8,98.28,2024-01-05,2025-01-05,0.2800000000000011,0.0
"DEPARTMENT OF WATER RESOURCES, RIVER DEVELOPMENT & GR",WATER RESOURCES,TELANGANA,IRRIGATION AND CAD-TG,8200.71,4784.54,87.7,2006-01-04,2019-01-12,0.0,0.0
MINISTRY OF PETROLEUM & NATURAL GAS,OIL & GAS,CHHATTISGARH,MINISTRY OF PETROLEUM & NATURAL GAS,557.04,8.76,2.2,2022-01-06,2030-01-06,0.0,0.0
MINISTRY OF ROAD TRANSPORT & HIGHWAYS,ROADS & HIGHWAYS,JAMMU AND KASHMIR,NATIONAL HIGHWAYS AUTHORITY OF INDIA [NHAI],2714.95,1655.87,89.37,2022-01-09,2024-01-09,0.5,2.3299999999999272
MINISTRY OF PETROLEUM & NATURAL GAS,OIL & GAS,TELANGANA,MINISTRYOFPETROLEUMNATURALGAS,215.0,45.93,25.3,2025-01-03,2027-01-09,-0.8000000000000007,-0.0600000000000022
"DEPARTMENT OF WATER RESOURCES, RIVER DEVELOPMENT & GR",WATER RESOURCES,KARNATAKA,WATER RESOURCES-KA,770.16,1515.6,99.32,2014-01-04,2019-01-12,0.0,0.0
MINISTRY OF ROAD TRANSPORT & HIGHWAYS,ROADS & HIGHWAYS,TELANGANA,NATIONAL HIGHWAYS AUTHORITY OF INDIA [NHAI],1127.9,110.98,9.2,2024-01-12,2026-01-12,0.1999999999999993,0.1200000000000045
MINISTRY OF PETROLEUM & NATURAL GAS,OIL & GAS,"MULTI-STATES (ASSAM, BIHAR, WEST BENGAL)",MINISTRY OF PETROLEUM & NATURAL GAS,680.0,8.55,26.0,2024-01-12,2029-01-12,2.0,0.3600000000000012
"DEPARTMENT OF WATER RESOURCES, RIVER DEVELOPMENT & GR",WATER RESOURCES,JHARKHAND,DEPARTMENT OF WATER RESOURCES-JH,3807.77,6040.27,70.0,2012-01-01,2019-01-12,0.0,40.470000000000255
MINISTRY OF PETROLEUM & NATURAL GAS,OIL & GAS,WEST BENGAL,INDIAN OIL CORPORATION LIMITED [IOCL],267.0,2.29,12.7,2024-01-09,2029-01-03,-1.6000000000000014,-0.1200000000000001
MINISTRY OF ROAD TRANSPORT & HIGHWAYS,ROADS & HIGHWAYS,PUNJAB,NATIONAL HIGHWAYS AUTHORITY OF INDIA [NHAI],2165.23,422.45,32.690000000000005,2023-01-04,2026-01-04,0.9200000000000051,26.20999999999998
MINISTRY OF PETROLEUM & NATURAL GAS,ENERGY STORAGE,MIZORAM,MINISTRY OF PETROLEUM & NATURAL GAS,225.71,30.4,32.5,2024-01-07,2028-01-10,-0.5,-0.4400000000000013
"DEPARTMENT OF WATER RESOURCES, RIVER DEVELOPMENT & GR",WATER RESOURCES,GUJARAT,"NARMADA AND WATER RESOURCES, WATER SUPPLY AND KALPSAR DEPARTMENT-GJ",20718.17,31943.15,93.7,1996-04-01,2019-01-12,0.0,82.29000000000087
MINISTRY OF PETROLEUM & NATURAL GAS,OIL & GAS,MADHYA PRADESH,MINISTRY OF PETROLEUM & NATURAL GAS,1792.0,488.0,68.2,2024-01-05,2027-01-01,3.0,0.0
MINISTRY OF ROAD TRANSPORT & HIGHWAYS,ROADS & HIGHWAYS,PUNJAB,NATIONAL HIGHWAYS AUTHORITY OF INDIA [NHAI],1734.18,470.92,27.05,2024-01-01,2025-01-12,0.0,0.0
"DEPARTMENT OF WATER RESOURCES, RIVER DEVELOPMENT & GR",WATER RESOURCES,ASSAM,"DEPARTMENT OF WATER RESOURCES, RIVER DEVELOPMENT & GR",256.16,44.7,55.44,1996-12-01,2022-01-12,0.0,0.0
MINISTRY OF RAILWAYS,RAILWAYS,JHARKHAND,EAST CENTRAL RAILWAY [ECR] - I,2887.11,0.1,0.0,2025-01-06,2029-01-12,0.0,0.1
MINISTRY OF PETROLEUM & NATURAL GAS,OIL & GAS,ASSAM,MINISTRY OF PETROLEUM & NATURAL GAS,635.28,543.0,69.0,2022-01-12,2025-01-12,8.399999999999999,89.33999999999997
MINISTRY OF ROAD TRANSPORT & HIGHWAYS,ROADS & HIGHWAYS,PUNJAB,NATIONAL HIGHWAYS AUTHORITY OF INDIA [NHAI],2177.54,1004.28,62.99,2022-01-07,2024-01-07,0.0,0.0
MINISTRY OF PETROLEUM & NATURAL GAS,ENERGY STORAGE,"MULTI-STATES (ASSAM, BIHAR, JHARKHAND, ODISHA, WEST BENGAL)",MINISTRY OF PETROLEUM & NATURAL GAS,10228.0,10987.22,92.7,2019-01-01,2024-01-07,0.2999999999999971,74.79999999999927
MINISTRY OF PETROLEUM & NATURAL GAS,OIL & GAS,WEST BENGAL,MINISTRY OF PETROLEUM & NATURAL GAS,484.0,311.17,88.0,2021-01-11,2025-01-12,-0.2999999999999971,-4.229999999999961
MINISTRY OF ROAD TRANSPORT & HIGHWAYS,ROADS & HIGHWAYS,TELANGANA,NATIONAL HIGHWAYS AUTHORITY OF INDIA [NHAI],1092.88,304.91,70.76,2024-01-04,2026-01-04,5.079999999999998,0.0200000000000386
MINISTRY OF PETROLEUM & NATURAL GAS,OIL & GAS,KERALA,MINISTRY OF PETROLEUM & NATURAL GAS,1130.0,284.58,41.0,2024-01-09,2028-01-08,4.799999999999997,15.599999999999966
MINISTRY OF PETROLEUM & NATURAL GAS,OIL & GAS,"MULTI-STATES (ARUNACHAL PRADESH, ASSAM, MANIPUR, MEGHALAYA, MIZORAM, NAGALAND, SIKKIM, TRIPURA, WEST BENGAL)",MINISTRY OF PETROLEUM & NATURAL GAS,9265.0,6895.77,88.0,2020-01-04,2024-01-03,0.4000000000000057,17.800000000000182
MINISTRY OF PETROLEUM & NATURAL GAS,ENERGY STORAGE,GUJARAT,MINISTRY OF PETROLEUM & NATURAL GAS,356.86,161.02,67.0,2023-01-05,2026-01-07,-0.5,-2.769999999999982
MINISTRY OF ROAD TRANSPORT & HIGHWAYS,ROADS & HIGHWAYS,PUNJAB,NATIONAL HIGHWAYS AUTHORITY OF INDIA [NHAI],1851.47,1370.36,73.32,2022-01-07,2024-01-07,0.059999999999988,21.45999999999981
MINISTRY OF PETROLEUM & NATURAL GAS,OIL & GAS,"MULTI-STATES (ODISHA, WEST BENGAL)",MINISTRY OF PETROLEUM & NATURAL GAS,1030.65,922.0,94.0,2020-01-03,2022-01-11,0.2999999999999971,5.100000000000023
DEPARTMENT OF HIGHER EDUCATION,EDUCATION,CHHATTISGARH,"INDIAN INSTITUTE OF TECHNOLOGY, BHILAI",1188.97,0.0,0.0,2026-01-01,2028-01-10,0.0,0.0
MINISTRY OF ROAD TRANSPORT & HIGHWAYS,ROADS & HIGHWAYS,TELANGANA,NATIONAL HIGHWAYS AUTHORITY OF INDIA [NHAI],1105.25,108.59,6.460000000000001,2025-01-07,2027-01-07,,
DEPARTMENT OF HIGHER EDUCATION,EDUCATION,KERALA,INDIAN INSTITUTE OF TECHNOLOGY PALAKKAD,1527.0,9.8,0.0,2026-01-01,2028-01-10,0.0,0.0
MINISTRY OF PETROLEUM & NATURAL GAS,ENERGY STORAGE,"MULTI-STATES (ANDHRA PRADESH, ODISHA)",MINISTRY OF PETROLEUM & NATURAL GAS,2658.34,2315.2,97.8,2019-01-09,2022-01-07,0.2000000000000028,0.0
"DEPARTMENT OF WATER RESOURCES, RIVER DEVELOPMENT & GR",WATER RESOURCES,MAHARASHTRA,DEPARTMENT OF WATER RESOURCES-MH - II,1058.99,1634.36,89.57000000000001,1996-04-01,2019-01-12,0.0,76.53999999999996
MINISTRY OF PETROLEUM & NATURAL GAS,OIL & GAS,ODISHA,MINISTRY OF PETROLEUM & NATURAL GAS,514.91,21.98,5.9,2022-01-02,2031-01-12,0.0,-0.0999999999999978
MINISTRY OF ROAD TRANSPORT & HIGHWAYS,ROADS & HIGHWAYS,JAMMU AND KASHMIR,NATIONAL HIGHWAYS AUTHORITY OF INDIA [NHAI],2894.74,847.67,64.68,2023-01-06,2025-01-06,2.680000000000007,36.67999999999995
"DEPARTMENT OF WATER RESOURCES, RIVER DEVELOPMENT & GR",WATER RESOURCES,MAHARASHTRA,DEPARTMENT OF WATER RESOURCES-MH - II,7196.47,14374.0,72.65,2008-01-04,2019-01-12,0.0,34.63999999999942
MINISTRY OF ROAD TRANSPORT & HIGHWAYS,ROADS & HIGHWAYS,PUNJAB,NATIONAL HIGHWAYS AUTHORITY OF INDIA [NHAI],809.51,501.76,66.9,2023-01-06,2025-01-06,0.9099999999999966,2.2199999999999704
MINISTRY OF COAL,COAL,JHARKHAND,BHARAT COKING COAL LIMITED [BCCL],5940.47,274.27,28.000000000000004,2025-01-07,2028-01-12,2.000000000000004,11.439999999999998
MINISTRY OF ROAD TRANSPORT & HIGHWAYS,ROADS & HIGHWAYS,UTTAR PRADESH,NATIONAL HIGHWAYS AUTHORITY OF INDIA [NHAI],1081.39,441.91,76.0,2022-01-03,2024-01-03,0.0,22.77000000000004
"DEPARTMENT OF WATER RESOURCES, RIVER DEVELOPMENT & GR",WATER RESOURCES,ODISHA,IRRIGATION AND CAD-TG,989.43,2804.16,79.5,2004-01-01,2019-01-12,0.0,0.0
"DEPARTMENT OF WATER RESOURCES, RIVER DEVELOPMENT & GR",WATER RESOURCES,MAHARASHTRA,DEPARTMENT OF WATER RESOURCES-MH,1923.81,1949.56,49.5,2017-01-01,2027-01-07,0.0,0.0
DEPARTMENT FOR PROMOTION OF INDUSTRY & INTERNAL TRADE,REAL ESTATE,ANDHRA PRADESH,NICDC,2786.0,260.49,10.27,2025-01-10,2028-01-10,4.129999999999999,148.49
"DEPARTMENT OF WATER RESOURCES, RIVER DEVELOPMENT & GR",WATER RESOURCES,ODISHA,"DEPARTMENT OF WATER RESOURCES, RIVER DEVELOPMENT & GR",3055.88,8289.65,95.5,1998-01-01,2019-01-12,0.0,228.82999999999996
MINISTRY OF ROAD TRANSPORT & HIGHWAYS,ROADS & HIGHWAYS,UTTAR PRADESH,NATIONAL HIGHWAYS AUTHORITY OF INDIA [NHAI],1972.94,769.45,94.14,2023-01-02,2025-01-07,0.0,3.160000000000082
DEPARTMENT FOR PROMOTION OF INDUSTRY & INTERNAL TRADE,REAL ESTATE,ANDHRA PRADESH,NICDC,2136.0,39.75,5.07,2025-01-10,2028-01-10,2.0700000000000003,0.0
MINISTRY OF ROAD TRANSPORT & HIGHWAYS,ROADS & HIGHWAYS,PUNJAB,NATIONAL HIGHWAYS AUTHORITY OF INDIA [NHAI],1003.38,599.6,79.39,2023-01-06,2025-01-06,0.3999999999999915,8.759999999999991
"DEPARTMENT OF WATER RESOURCES, RIVER DEVELOPMENT & GR",WATER RESOURCES,MANIPUR,WATER RESOURCES DEPARTMENT-MN,1449.44,1848.17,99.0,1997-04-01,2019-01-12,0.0999999999999943,10.259999999999993
MINISTRY OF COAL,ELECTRICITY GENERATION,GUJARAT,NLC INDIA LIMITED [NLCIL],3335.85,2254.57,60.0,2024-01-06,2026-01-06,20.0,83.41000000000031
MINISTRY OF COAL,COAL,JHARKHAND,NLC INDIA LIMITED [NLCIL],1354.2,227.34,40.0,2023-01-12,2029-01-03,0.0,85.36000000000001
"DEPARTMENT OF WATER RESOURCES, RIVER DEVELOPMENT & GR",WATER RESOURCES,CHHATTISGARH,"DEPARTMENT OF WATER RESOURCES, RIVER DEVELOPMENT & GR",382.29,249.06,86.31,2009-01-12,2025-01-12,0.0,0.0
MINISTRY OF ROAD TRANSPORT & HIGHWAYS,ROADS & HIGHWAYS,GOA,MORTH,746.75,0.0,0.0,2026-01-04,2028-01-10,0.0,0.0
MINISTRY OF ROAD TRANSPORT & HIGHWAYS,ROADS & HIGHWAYS,UTTAR PRADESH,NATIONAL HIGHWAYS AUTHORITY OF INDIA [NHAI],2471.56,1178.84,99.8,2022-01-11,2025-01-05,0.0,0.0
MINISTRY OF ROAD TRANSPORT & HIGHWAYS,ROADS & HIGHWAYS,JAMMU AND KASHMIR,NATIONAL HIGHWAYS AUTHORITY OF INDIA [NHAI],975.38,564.48,66.69,2023-01-11,2025-01-11,4.280000000000001,0.2699999999999818
"DEPARTMENT OF WATER RESOURCES, RIVER DEVELOPMENT & GR",WATER RESOURCES,MAHARASHTRA,DEPARTMENT OF WATER RESOURCES-MH - II,211.46,879.16,74.0,2009-01-04,2019-01-12,1.4099999999999966,253.1
MINISTRY OF POWER,TRANSMISSION & DISTRIBUTION,MADHYA PRADESH,POWER GRID CORPORATION OF INDIA LIMITED [POWERGRID],319.0,12.76,2.5,2025-01-10,2028-01-03,0.0,-3.540000000000001
MINISTRY OF ROAD TRANSPORT & HIGHWAYS,ROADS & HIGHWAYS,TELANGANA,NATIONAL HIGHWAYS AUTHORITY OF INDIA [NHAI],1183.71,83.68,0.0,2025-01-06,2027-01-06,0.0,0.0
MINISTRY OF POWER,TRANSMISSION & DISTRIBUTION,KARNATAKA,POWER GRID CORPORATION OF INDIA LIMITED [POWERGRID],379.0,17.06,2.5,2025-01-09,2027-01-09,0.0,0.0
"DEPARTMENT OF WATER RESOURCES, RIVER DEVELOPMENT & GR",WATER RESOURCES,MAHARASHTRA,DEPARTMENT OF WATER RESOURCES-MH - II,255.97,1516.11,65.0,2008-01-04,2019-01-12,0.0,0.0
"MINISTRY OF PORTS, SHIPPING AND WATERWAYS",SHIPPING,KARNATAKA,NEW MANGALORE PORT AUTHORITY,153.23,65.47,60.0,2024-01-06,2027-01-03,-35.0,-31.980000000000004
MINISTRY OF ROAD TRANSPORT & HIGHWAYS,ROADS & HIGHWAYS,JAMMU AND KASHMIR,NATIONAL HIGHWAYS AUTHORITY OF INDIA [NHAI],1821.72,1171.13,94.14,2022-01-09,2024-01-09,0.0,-3.449999999999818
"DEPARTMENT OF WATER RESOURCES, RIVER DEVELOPMENT & GR",WATER RESOURCES,UTTAR PRADESH,"DEPARTMENT OF WATER RESOURCES, RIVER DEVELOPMENT & GR",219.9,115.2,31.5,2007-01-12,2025-01-12,0.0,0.0
MINISTRY OF POWER,TRANSMISSION & DISTRIBUTION,"MULTI-STATES (ANDHRA PRADESH, KARNATAKA)",STERLITE POWER,4535.99,1057.57,50.0,2025-01-03,2027-01-03,10.0,379.9999999999999
"DEPARTMENT OF WATER RESOURCES, RIVER DEVELOPMENT & GR",WATER RESOURCES,MAHARASHTRA,DEPARTMENT OF WATER RESOURCES-MH - II,210.45,1734.71,98.1,2010-01-01,2019-01-12,0.0,0.0
MINISTRY OF POWER,TRANSMISSION & DISTRIBUTION,"MULTI-STATES (BIHAR, UTTAR PRADESH)",POWER GRID CORPORATION OF INDIA LIMITED [POWERGRID],2368.0,35.52,2.03,2025-01-10,2027-01-10,0.0299999999999998,0.0
MINISTRY OF ROAD TRANSPORT & HIGHWAYS,ROADS & HIGHWAYS,TELANGANA,NATIONAL HIGHWAYS AUTHORITY OF INDIA [NHAI],1129.33,79.95,6.329999999999999,2025-01-06,2027-01-06,0.0299999999999993,1.0100000000000051
MINISTRY OF POWER,TRANSMISSION & DISTRIBUTION,"MULTI-STATES (KARNATAKA, MAHARASHTRA)",POWER GRID CORPORATION OF INDIA LIMITED [POWERGRID],1007.0,20.14,2.5,2025-01-10,2027-01-10,0.0,0.0
MINISTRY OF POWER,TRANSMISSION & DISTRIBUTION,GUJARAT,POWER GRID CORPORATION OF INDIA LIMITED [POWERGRID],581.74,11.63,2.0,2025-01-03,2026-01-12,0.5,4.550000000000001
MINISTRY OF ROAD TRANSPORT & HIGHWAYS,ROADS & HIGHWAYS,MAHARASHTRA,MORTH,680.43,0.0,98.37,2018-01-10,2021-01-04,0.0,0.0
MINISTRY OF ROAD TRANSPORT & HIGHWAYS,ROADS & HIGHWAYS,JHARKHAND,NATIONAL HIGHWAYS AUTHORITY OF INDIA [NHAI],1436.8,200.87,27.6,2024-01-10,2026-01-10,1.0,0.0
MINISTRY OF ROAD TRANSPORT & HIGHWAYS,ROADS & HIGHWAYS,MAHARASHTRA,MORTH,354.21,0.0,58.14,2025-01-10,2027-01-04,-8.299999999999997,0.0
MINISTRY OF ROAD TRANSPORT & HIGHWAYS,ROADS & HIGHWAYS,KARNATAKA,MORTH,333.96,48.88,31.0,2025-01-06,2027-01-06,-5.0,-14.689999999999998
MINISTRY OF ROAD TRANSPORT & HIGHWAYS,ROADS & HIGHWAYS,KARNATAKA,MORTH,350.69,191.38,81.62,2023-01-01,2025-01-01,3.5400000000000063,0.0
MINISTRY OF ROAD TRANSPORT & HIGHWAYS,ROADS & HIGHWAYS,ANDAMAN & NICOBAR,NHIDCL,183.56,0.0,47.28,2024-01-05,2025-01-10,-2.8699999999999903,0.0
MINISTRY OF ROAD TRANSPORT & HIGHWAYS,ROADS & HIGHWAYS,ASSAM,NHIDCL,478.3,0.0,96.79,2024-01-02,2024-01-08,0.0,0.0
MINISTRY OF ROAD TRANSPORT & HIGHWAYS,ROADS & HIGHWAYS,KARNATAKA,MORTH,264.14,3.58,0.0,2022-01-11,2024-01-05,0.0,0.0
MINISTRY OF ROAD TRANSPORT & HIGHWAYS,ROADS & HIGHWAYS,ANDAMAN & NICOBAR,NHIDCL,207.45,0.0,78.01,2024-01-03,2025-01-09,-3.3100000000000023,0.0
MINISTRY OF ROAD TRANSPORT & HIGHWAYS,ROADS & HIGHWAYS,KARNATAKA,MORTH,516.96,105.08,98.0,2021-01-12,2025-01-12,23.0,0.0
MINISTRY OF ROAD TRANSPORT & HIGHWAYS,ROADS & HIGHWAYS,HIMACHAL PRADESH,NATIONAL HIGHWAYS AUTHORITY OF INDIA [NHAI],1464.12,851.56,100.0,2018-01-01,2020-01-07,0.0,2.8999999999999773
MINISTRY OF ROAD TRANSPORT & HIGHWAYS,ROADS & HIGHWAYS,ARUNACHAL PRADESH,MORTH,496.47,165.43,51.370000000000005,2021-01-12,2024-01-12,0.0,0.0
MINISTRY OF ROAD TRANSPORT & HIGHWAYS,ROADS & HIGHWAYS,DADRA & NAGAR HAVELI AND DAMAN & DIU,MORTH,198.06,73.03,52.0,2024-01-02,2026-01-02,-28.0,-2.9200000000000017
MINISTRY OF ROAD TRANSPORT & HIGHWAYS,ROADS & HIGHWAYS,ASSAM,NHIDCL,385.57,145.89,100.0,2023-01-01,2024-01-07,0.0,0.0
MINISTRY OF ROAD TRANSPORT & HIGHWAYS,ROADS & HIGHWAYS,ASSAM,MORTH,173.65,8.07,20.0,2025-01-02,2026-01-08,0.0,0.0
MINISTRY OF ROAD TRANSPORT & HIGHWAYS,ROADS & HIGHWAYS,ODISHA,NATIONAL HIGHWAYS AUTHORITY OF INDIA [NHAI],882.45,183.2,32.0,2024-01-11,2026-01-10,0.0,19.329999999999984
MINISTRY OF ROAD TRANSPORT & HIGHWAYS,ROADS & HIGHWAYS,MADHYA PRADESH,MORTH,275.4,0.0,53.0,2024-01-11,2026-01-05,-1.25,0.0
MINISTRY OF ROAD TRANSPORT & HIGHWAYS,ROADS & HIGHWAYS,ASSAM,NHIDCL,274.34,93.43,100.0,2024-01-09,2025-01-03,0.0,2.8300000000000125
MINISTRY OF ROAD TRANSPORT & HIGHWAYS,ROADS & HIGHWAYS,MADHYA PRADESH,MORTH,315.55,0.0,25.3,2024-01-11,2026-01-11,-14.720000000000002,0.0
MINISTRY OF COAL,COAL,CHHATTISGARH,SECL - CIL,1859.19,0.45,0.0,2024-01-12,2033-03-01,0.0,0.0
MINISTRY OF ROAD TRANSPORT & HIGHWAYS,ROADS & HIGHWAYS,HIMACHAL PRADESH,NATIONAL HIGHWAYS AUTHORITY OF INDIA [NHAI],3419.95,1923.02,95.65,2018-01-03,2021-01-09,0.0300000000000011,0.0199999999999818
MINISTRY OF ROAD TRANSPORT & HIGHWAYS,ROADS & HIGHWAYS,ANDHRA PRADESH,MORTH,439.82,199.72,82.0,2022-01-05,2024-01-05,0.0,20.889999999999983
MINISTRY OF COAL,COAL,CHHATTISGARH,SECL - CIL,2415.91,2.35,0.01,2025-01-09,2032-03-01,0.0,0.0
MINISTRY OF ROAD TRANSPORT & HIGHWAYS,ROADS & HIGHWAYS,JAMMU AND KASHMIR,MORTH,224.44,0.0,3.0,2026-01-01,2028-01-01,0.0,0.0
MINISTRY OF ROAD TRANSPORT & HIGHWAYS,ROADS & HIGHWAYS,ASSAM,NHIDCL,599.0,405.1,100.0,2016-01-12,2019-01-06,0.0,0.0800000000000409
MINISTRY OF ROAD TRANSPORT & HIGHWAYS,ROADS & HIGHWAYS,UTTARAKHAND,MORTH,346.82,0.0,30.29,2025-01-10,2028-01-04,-1.4600000000000009,0.0
MINISTRY OF ROAD TRANSPORT & HIGHWAYS,ROADS & HIGHWAYS,UTTAR PRADESH,NATIONAL HIGHWAYS AUTHORITY OF INDIA [NHAI],1602.48,1215.08,99.11,2022-01-09,2024-01-09,0.0,0.0399999999999636
MINISTRY OF ROAD TRANSPORT & HIGHWAYS,ROADS & HIGHWAYS,UTTARAKHAND,MORTH,452.81,0.0,42.0,2025-01-01,2027-01-01,0.0,0.0
MINISTRY OF ROAD TRANSPORT & HIGHWAYS,ROADS & HIGHWAYS,HIMACHAL PRADESH,NATIONAL HIGHWAYS AUTHORITY OF INDIA [NHAI],191.11,182.2,100.0,2022-01-06,2024-01-06,0.0,0.0300000000000011
MINISTRY OF ROAD TRANSPORT & HIGHWAYS,ROADS & HIGHWAYS,CHHATTISGARH,NATIONAL HIGHWAYS AUTHORITY OF INDIA [NHAI],865.1,587.71,93.1,2020-01-12,2022-01-12,0.0,0.0300000000000864
MINISTRY OF ROAD TRANSPORT & HIGHWAYS,ROADS & HIGHWAYS,UTTARAKHAND,MORTH,299.31,0.0,2.0,2025-01-12,2027-01-12,0.0,0.0
MINISTRY OF ROAD TRANSPORT & HIGHWAYS,ROADS & HIGHWAYS,ASSAM,NHIDCL,386.51,352.16,97.13,2017-01-10,2020-01-04,0.0,0.0
MINISTRY OF ROAD TRANSPORT & HIGHWAYS,ROADS & HIGHWAYS,ANDAMAN & NICOBAR,NHIDCL,262.96,0.0,12.64,2024-01-05,2026-01-02,-0.3399999999999998,0.0
MINISTRY OF ROAD TRANSPORT & HIGHWAYS,ROADS & HIGHWAYS,MAHARASHTRA,MORTH,163.86,0.0,42.78,2023-01-11,2025-01-05,0.0,0.0
MINISTRY OF ROAD TRANSPORT & HIGHWAYS,ROADS & HIGHWAYS,CHHATTISGARH,NATIONAL HIGHWAYS AUTHORITY OF INDIA [NHAI],444.21,394.65,100.0,2022-01-09,2024-01-03,0.0,0.0
MINISTRY OF ROAD TRANSPORT & HIGHWAYS,ROADS & HIGHWAYS,ASSAM,NHIDCL,187.09,0.0,0.0,2024-01-10,2025-01-10,0.0,0.0
MINISTRY OF ROAD TRANSPORT & HIGHWAYS,ROADS & HIGHWAYS,CHHATTISGARH,MORTH,199.05,28.95,32.87,2025-01-05,2026-01-10,-0.7100000000000009,-24.01
MINISTRY OF ROAD TRANSPORT & HIGHWAYS,ROADS & HIGHWAYS,PUNJAB,NATIONAL HIGHWAYS AUTHORITY OF INDIA [NHAI],1641.75,1041.24,33.07,2022-01-11,2024-01-10,0.6000000000000014,33.690000000000055
MINISTRY OF ROAD TRANSPORT & HIGHWAYS,ROADS & HIGHWAYS,CHHATTISGARH,MORTH,225.41,70.96,56.99999999999999,2024-01-07,2026-01-01,-3.000000000000007,-6.5
MINISTRY OF ROAD TRANSPORT & HIGHWAYS,ROADS & HIGHWAYS,TAMIL NADU,NATIONAL HIGHWAYS AUTHORITY OF INDIA [NHAI],2565.63,1088.33,99.8,2022-01-01,2024-01-01,0.0,3.899999999999864
MINISTRY OF ROAD TRANSPORT & HIGHWAYS,ROADS & HIGHWAYS,"MULTI-STATES (ANDHRA PRADESH, KARNATAKA)",NATIONAL HIGHWAYS AUTHORITY OF INDIA [NHAI],1410.01,241.42,98.92,2022-01-10,2024-01-10,0.4500000000000028,0.0099999999999909
MINISTRY OF ROAD TRANSPORT & HIGHWAYS,ROADS & HIGHWAYS,CHHATTISGARH,MORTH,397.44,24.33,17.25,2025-01-05,2027-01-05,-9.010000000000002,-32.620000000000005
MINISTRY OF ROAD TRANSPORT & HIGHWAYS,ROADS & HIGHWAYS,ASSAM,NHIDCL,438.44,0.0,95.86,2024-01-02,2024-01-08,0.0,0.0
MINISTRY OF ROAD TRANSPORT & HIGHWAYS,ROADS & HIGHWAYS,CHHATTISGARH,MORTH,286.0,78.7,60.0,2024-01-07,2026-01-01,0.0,-8.840000000000003
MINISTRY OF ROAD TRANSPORT & HIGHWAYS,ROADS & HIGHWAYS,MAHARASHTRA,NATIONAL HIGHWAYS AUTHORITY OF INDIA [NHAI],1711.38,979.26,99.38,2022-01-03,2024-01-03,0.0,0.0
MINISTRY OF ROAD TRANSPORT & HIGHWAYS,ROADS & HIGHWAYS,CHHATTISGARH,MORTH,351.19,11.48,11.0,2024-01-01,2025-01-07,0.0,-0.1500000000000003
MINISTRY OF ROAD TRANSPORT & HIGHWAYS,ROADS & HIGHWAYS,ASSAM,NHIDCL,358.72,0.07,99.05,2024-01-02,2024-01-08,0.0,0.0
MINISTRY OF ROAD TRANSPORT & HIGHWAYS,ROADS & HIGHWAYS,GUJARAT,NHAI,1185.69,1000.72,97.6,2022-01-02,2024-01-02,0.5999999999999943,9.639999999999986
MINISTRY OF ROAD TRANSPORT & HIGHWAYS,ROADS & HIGHWAYS,MADHYA PRADESH,MORTH,365.21,0.0,88.0,2023-01-05,2025-01-05,0.0,0.0
MINISTRY OF ROAD TRANSPORT & HIGHWAYS,ROADS & HIGHWAYS,"MULTI-STATES (PUDUCHERRY, TAMIL NADU)",NATIONAL HIGHWAYS AUTHORITY OF INDIA [NHAI],2899.77,1206.31,84.2,2020-01-10,2022-01-10,1.9000000000000057,4.710000000000036
MINISTRY OF ROAD TRANSPORT & HIGHWAYS,ROADS & HIGHWAYS,MADHYA PRADESH,MORTH,386.49,164.43,64.71000000000001,2023-01-02,2025-01-02,0.0,0.0
MINISTRY OF PETROLEUM & NATURAL GAS,OIL & GAS,HARYANA,IOCL,359.0,33.94,38.2,2025-01-05,2027-01-04,-1.3999999999999986,-6.920000000000002
MINISTRY OF ROAD TRANSPORT & HIGHWAYS,ROADS & HIGHWAYS,MADHYA PRADESH,MORTH,425.97,0.0,29.74,2025-01-12,2027-01-06,-1.5500000000000045,0.0
MINISTRY OF ROAD TRANSPORT & HIGHWAYS,ROADS & HIGHWAYS,ASSAM,NHIDCL,467.79,72.13,0.0,2024-01-10,2025-01-09,0.0,0.0
MINISTRY OF ROAD TRANSPORT & HIGHWAYS,ROADS & HIGHWAYS,UTTAR PRADESH,MORTH,168.05,0.0,1.5,2026-01-05,2027-01-10,-0.5,0.0
MINISTRY OF ROAD TRANSPORT & HIGHWAYS,ROADS & HIGHWAYS,GUJARAT,MORTH,173.06,22.53,67.0,2024-01-02,2025-01-08,0.0,0.0
MINISTRY OF ROAD TRANSPORT & HIGHWAYS,ROADS & HIGHWAYS,"MULTI-STATES (ANDHRA PRADESH, ODISHA)",NATIONAL HIGHWAYS AUTHORITY OF INDIA [NHAI],1216.12,697.87,99.63,2022-01-03,2024-01-03,3.3999999999999915,14.82000000000005
MINISTRY OF ROAD TRANSPORT & HIGHWAYS,ROADS & HIGHWAYS,TELANGANA,MORTH,295.47,375.14,82.76,2015-01-02,2017-01-02,0.0,0.0
MINISTRY OF ROAD TRANSPORT & HIGHWAYS,ROADS & HIGHWAYS,PUNJAB,MORTH,152.58,0.0,100.0,2023-01-10,2025-01-04,0.0,0.0
MINISTRY OF ROAD TRANSPORT & HIGHWAYS,ROADS & HIGHWAYS,PUNJAB,MORTH,263.19,0.0,83.0,2023-01-10,2025-01-04,0.0,0.0
MINISTRY OF PETROLEUM & NATURAL GAS,OIL & GAS,UTTAR PRADESH,MINISTRYOFPETROLEUMNATURALGAS,202.0,129.69,57.99999999999999,2025-01-09,2027-01-09,-2.000000000000007,-1.1100000000000136
MINISTRY OF ROAD TRANSPORT & HIGHWAYS,ROADS & HIGHWAYS,UTTAR PRADESH,NATIONAL HIGHWAYS AUTHORITY OF INDIA [NHAI],649.44,0.09,6.7,2025-01-09,2027-01-09,0.0999999999999996,0.0
MINISTRY OF ROAD TRANSPORT & HIGHWAYS,ROADS & HIGHWAYS,TELANGANA,MORTH,192.67,141.81,96.0,2018-01-06,2019-01-12,0.0,0.0
MINISTRY OF ROAD TRANSPORT & HIGHWAYS,ROADS & HIGHWAYS,TELANGANA,MORTH,605.08,585.2,99.9,2017-01-11,2019-01-10,0.0,0.0
MINISTRY OF ROAD TRANSPORT & HIGHWAYS,ROADS & HIGHWAYS,WEST BENGAL,NHIDCL,152.27,0.0,29.33,2025-01-06,2027-01-06,-2.8800000000000026,0.0
MINISTRY OF ROAD TRANSPORT & HIGHWAYS,ROADS & HIGHWAYS,KARNATAKA,MORTH,445.62,0.0,85.0,2024-01-03,2026-01-03,-5.0,0.0
MINISTRY OF ROAD TRANSPORT & HIGHWAYS,ROADS & HIGHWAYS,BIHAR,NHAI,768.35,410.57,99.5,2023-01-12,2025-01-12,0.0999999999999943,0.0199999999999818
MINISTRY OF ROAD TRANSPORT & HIGHWAYS,ROADS & HIGHWAYS,MADHYA PRADESH,MORTH,492.12,0.0,88.0,2024-01-01,2026-01-07,0.5,0.0
MINISTRY OF ROAD TRANSPORT & HIGHWAYS,ROADS & HIGHWAYS,ARUNACHAL PRADESH,NHIDCL,1718.59,178.84,82.28,2018-01-03,2022-01-03,0.2399999999999948,0.0099999999999909
MINISTRY OF ROAD TRANSPORT & HIGHWAYS,ROADS & HIGHWAYS,UTTAR PRADESH,NATIONAL HIGHWAYS AUTHORITY OF INDIA [NHAI],955.34,283.62,66.35,2024-01-01,2026-01-01,2.1499999999999915,14.620000000000005
MINISTRY OF ROAD TRANSPORT & HIGHWAYS,ROADS & HIGHWAYS,"MULTI-STATES (BIHAR, UTTAR PRADESH)",NATIONAL HIGHWAYS AUTHORITY OF INDIA [NHAI],1493.5,576.71,84.5,2023-01-08,2025-01-08,6.3500000000000085,36.71000000000004
MINISTRY OF ROAD TRANSPORT & HIGHWAYS,ROADS & HIGHWAYS,UTTAR PRADESH,MORTH,262.37,115.39,92.0,2023-01-03,2024-01-09,0.0,2.930000000000007
MINISTRY OF ROAD TRANSPORT & HIGHWAYS,ROADS & HIGHWAYS,CHHATTISGARH,MORTH,278.97,201.05,90.0,2022-01-05,2024-01-05,0.0,0.0
MINISTRY OF ROAD TRANSPORT & HIGHWAYS,ROADS & HIGHWAYS,WEST BENGAL,NHIDCL,345.38,395.8,95.72,2020-01-10,2022-01-04,1.0100000000000051,0.0
MINISTRY OF ROAD TRANSPORT & HIGHWAYS,ROADS & HIGHWAYS,HIMACHAL PRADESH,NATIONAL HIGHWAYS AUTHORITY OF INDIA [NHAI],1002.11,580.32,60.06,2022-01-05,2024-01-05,0.0,43.280000000000086
MINISTRY OF ROAD TRANSPORT & HIGHWAYS,ROADS & HIGHWAYS,MAHARASHTRA,MORTH,316.44,0.0,37.0,2024-01-03,2025-01-09,5.030000000000001,0.0
MINISTRY OF ROAD TRANSPORT & HIGHWAYS,ROADS & HIGHWAYS,UTTAR PRADESH,MORTH,283.86,31.97,44.0,2025-01-02,2027-01-02,1.0,7.469999999999999
MINISTRY OF ROAD TRANSPORT & HIGHWAYS,ROADS & HIGHWAYS,BIHAR,NATIONAL HIGHWAYS AUTHORITY OF INDIA [NHAI],1182.94,843.24,99.95,2017-01-06,2019-01-12,0.0,0.0
MINISTRY OF ROAD TRANSPORT & HIGHWAYS,ROADS & HIGHWAYS,SIKKIM,NHIDCL,264.84,61.27,100.0,2021-01-04,2023-01-04,0.0,-9.43
MINISTRY OF ROAD TRANSPORT & HIGHWAYS,ROADS & HIGHWAYS,UTTAR PRADESH,MORTH,1086.3,0.0,5.0,2025-01-11,2027-01-11,1.0,0.0
MINISTRY OF ROAD TRANSPORT & HIGHWAYS,ROADS & HIGHWAYS,UTTAR PRADESH,NATIONAL HIGHWAYS AUTHORITY OF INDIA [NHAI],575.66,371.98,99.33,2022-01-10,2024-01-10,0.0,0.160000000000025
MINISTRY OF ROAD TRANSPORT & HIGHWAYS,ROADS & HIGHWAYS,KARNATAKA,NATIONAL HIGHWAYS AUTHORITY OF INDIA [NHAI],2082.69,730.48,99.7,2017-01-08,2019-01-08,0.0,-1512.23
MINISTRY OF ROAD TRANSPORT & HIGHWAYS,ROADS & HIGHWAYS,MADHYA PRADESH,MORTH,158.36,0.0,60.0,2023-01-10,2025-01-10,0.0,0.0
MINISTRY OF ROAD TRANSPORT & HIGHWAYS,ROADS & HIGHWAYS,RAJASTHAN,MORTH,334.64,0.0,68.0,2024-01-10,2026-01-10,0.0,0.0
MINISTRY OF ROAD TRANSPORT & HIGHWAYS,ROADS & HIGHWAYS,MAHARASHTRA,NATIONAL HIGHWAYS AUTHORITY OF INDIA [NHAI],1774.03,809.19,93.75,2022-01-11,2024-01-11,0.0,59.360000000000014
MINISTRY OF ROAD TRANSPORT & HIGHWAYS,ROADS & HIGHWAYS,WEST BENGAL,NHIDCL,311.02,6.11,95.72,2020-01-10,2023-01-04,0.1200000000000045,0.0
MINISTRY OF ROAD TRANSPORT & HIGHWAYS,ROADS & HIGHWAYS,KERALA,MORTH,294.28,0.0,98.0,2017-01-08,2019-01-08,0.0,0.0
MINISTRY OF ROAD TRANSPORT & HIGHWAYS,ROADS & HIGHWAYS,GUJARAT,NATIONAL HIGHWAYS AUTHORITY OF INDIA [NHAI],1185.66,53.18,100.0,2017-01-02,2019-01-08,0.0,0.0
MINISTRY OF ROAD TRANSPORT & HIGHWAYS,ROADS & HIGHWAYS,SIKKIM,MORTH,385.15,0.0,90.0,2022-01-05,2024-01-05,0.0,0.0
MINISTRY OF ROAD TRANSPORT & HIGHWAYS,ROADS & HIGHWAYS,GUJARAT,NATIONAL HIGHWAYS AUTHORITY OF INDIA [NHAI],603.08,624.41,99.71,2021-01-03,2022-01-09,0.0,0.0
MINISTRY OF ROAD TRANSPORT & HIGHWAYS,ROADS & HIGHWAYS,BIHAR,NATIONAL HIGHWAYS AUTHORITY OF INDIA [NHAI],897.45,897.13,97.85,2021-01-04,2023-01-07,0.0,0.0399999999999636
MINISTRY OF ROAD TRANSPORT & HIGHWAYS,ROADS & HIGHWAYS,GUJARAT,NATIONAL HIGHWAYS AUTHORITY OF INDIA [NHAI],750.53,363.42,97.93,2017-01-03,2019-01-09,0.0,0.0099999999999909
MINISTRY OF ROAD TRANSPORT & HIGHWAYS,ROADS & HIGHWAYS,NAGALAND,MORTH,297.25,149.19,100.0,2022-01-07,2024-01-07,0.0,0.0
MINISTRY OF ROAD TRANSPORT & HIGHWAYS,ROADS & HIGHWAYS,SIKKIM,NHIDCL,264.84,0.0,86.04,2023-01-01,2024-01-07,-0.9899999999999948,-0.17
MINISTRY OF ROAD TRANSPORT & HIGHWAYS,ROADS & HIGHWAYS,GUJARAT,NATIONAL HIGHWAYS AUTHORITY OF INDIA [NHAI],877.71,630.52,100.0,2017-01-02,2019-01-08,0.0,-378.25
MINISTRY OF ROAD TRANSPORT & HIGHWAYS,ROADS & HIGHWAYS,BIHAR,MORTH,226.16,0.0,50.0,2024-01-08,2026-01-02,6.0,0.0
MINISTRY OF ROAD TRANSPORT & HIGHWAYS,ROADS & HIGHWAYS,BIHAR,MORTH,624.43,153.21,94.0,2023-01-05,2024-01-11,3.0,0.0
MINISTRY OF ROAD TRANSPORT & HIGHWAYS,ROADS & HIGHWAYS,KARNATAKA,NATIONAL HIGHWAYS AUTHORITY OF INDIA [NHAI],1519.72,36.7,100.0,2016-01-02,2018-01-08,0.0,0.3400000000000034
MINISTRY OF ROAD TRANSPORT & HIGHWAYS,ROADS & HIGHWAYS,ANDHRA PRADESH,MORTH,244.83,0.0,99.64,2024-01-03,2025-01-09,0.0,0.0
MINISTRY OF ROAD TRANSPORT & HIGHWAYS,ROADS & HIGHWAYS,MAHARASHTRA,MORTH,386.16,30.86,58.42,2025-01-03,2026-01-09,-4.079999999999998,-26.200000000000003
MINISTRY OF ROAD TRANSPORT & HIGHWAYS,ROADS & HIGHWAYS,UTTARAKHAND,NATIONAL HIGHWAYS AUTHORITY OF INDIA [NHAI],1602.89,590.01,79.25,2022-01-10,2024-01-10,2.510000000000005,1.0699999999999363
MINISTRY OF ROAD TRANSPORT & HIGHWAYS,ROADS & HIGHWAYS,JHARKHAND,MORTH,315.21,129.54,87.0,2023-01-01,2024-01-07,0.0,0.0
MINISTRY OF ROAD TRANSPORT & HIGHWAYS,ROADS & HIGHWAYS,TELANGANA,NATIONAL HIGHWAYS AUTHORITY OF INDIA [NHAI],177.18,8.31,100.0,2014-01-03,2023-01-02,0.0,0.0099999999999997
MINISTRY OF ROAD TRANSPORT & HIGHWAYS,ROADS & HIGHWAYS,MADHYA PRADESH,MORTH,851.4,0.0,0.0,2026-01-03,2028-01-03,0.0,0.0
MINISTRY OF ROAD TRANSPORT & HIGHWAYS,ROADS & HIGHWAYS,MADHYA PRADESH,MORTH,179.18,71.77,67.0,2023-01-06,2024-01-12,0.0,0.0
MINISTRY OF ROAD TRANSPORT & HIGHWAYS,ROADS & HIGHWAYS,MAHARASHTRA,MORTH,213.33,0.0,95.88,2023-01-04,2024-01-09,0.0,0.0
MINISTRY OF ROAD TRANSPORT & HIGHWAYS,ROADS & HIGHWAYS,KARNATAKA,NATIONAL HIGHWAYS AUTHORITY OF INDIA [NHAI],1214.3,527.99,72.77,2019-01-03,2021-01-09,0.0,30.56
MINISTRY OF ROAD TRANSPORT & HIGHWAYS,ROADS & HIGHWAYS,RAJASTHAN,NATIONAL HIGHWAYS AUTHORITY OF INDIA [NHAI],353.3,180.55,82.61,2024-01-07,2026-01-07,-3.5700000000000074,-4.289999999999992
MINISTRY OF ROAD TRANSPORT & HIGHWAYS,ROADS & HIGHWAYS,MAHARASHTRA,MORTH,657.16,0.0,79.44,2025-01-05,2027-01-05,7.239999999999995,0.0
MINISTRY OF ROAD TRANSPORT & HIGHWAYS,ROADS & HIGHWAYS,MAHARASHTRA,NATIONAL HIGHWAYS AUTHORITY OF INDIA [NHAI],1471.32,927.1,86.2,2021-01-09,2023-01-09,0.0,0.0
MINISTRY OF ROAD TRANSPORT & HIGHWAYS,ROADS & HIGHWAYS,MAHARASHTRA,MORTH,183.41,64.87,95.0,2025-01-01,2026-01-07,-3.0,0.0
MINISTRY OF ROAD TRANSPORT & HIGHWAYS,ROADS & HIGHWAYS,HIMACHAL PRADESH,MORTH,345.89,146.64,98.16,2021-01-09,2023-01-09,0.0,0.0
MINISTRY OF ROAD TRANSPORT & HIGHWAYS,ROADS & HIGHWAYS,UTTAR PRADESH,NATIONAL HIGHWAYS AUTHORITY OF INDIA [NHAI],706.41,515.53,97.2,2022-01-01,2024-01-01,0.0,0.0
MINISTRY OF ROAD TRANSPORT & HIGHWAYS,ROADS & HIGHWAYS,UTTAR PRADESH,NATIONAL HIGHWAYS AUTHORITY OF INDIA [NHAI],578.02,438.88,100.0,2022-01-12,2024-01-06,0.0,0.0099999999999909
MINISTRY OF ROAD TRANSPORT & HIGHWAYS,ROADS & HIGHWAYS,ARUNACHAL PRADESH,NHIDCL,184.89,0.0,99.69,2020-01-10,2022-01-04,0.0,0.0
MINISTRY OF ROAD TRANSPORT & HIGHWAYS,ROADS & HIGHWAYS,ANDHRA PRADESH,MORTH,808.7,0.0,18.72,2025-01-08,2027-01-08,0.0,0.0
MINISTRY OF ROAD TRANSPORT & HIGHWAYS,ROADS & HIGHWAYS,ASSAM,NHIDCL,279.01,0.0,94.73,2024-01-02,2024-01-08,0.0,0.0
MINISTRY OF ROAD TRANSPORT & HIGHWAYS,ROADS & HIGHWAYS,UTTAR PRADESH,NATIONAL HIGHWAYS AUTHORITY OF INDIA [NHAI],838.68,560.48,99.2,2023-01-02,2025-01-02,0.0,0.0
MINISTRY OF ROAD TRANSPORT & HIGHWAYS,ROADS & HIGHWAYS,ANDHRA PRADESH,MORTH,1019.97,0.0,26.07,2025-01-08,2027-01-08,5.439999999999998,0.0
MINISTRY OF ROAD TRANSPORT & HIGHWAYS,ROADS & HIGHWAYS,UTTAR PRADESH,MORTH,515.69,118.71,52.0,2024-01-08,2026-01-02,6.0,14.149999999999991
MINISTRY OF ROAD TRANSPORT & HIGHWAYS,ROADS & HIGHWAYS,ANDHRA PRADESH,NATIONAL HIGHWAYS AUTHORITY OF INDIA [NHAI],166.52,98.26,100.0,2023-01-07,2025-01-01,0.0,-0.2599999999999909
MINISTRY OF ROAD TRANSPORT & HIGHWAYS,ROADS & HIGHWAYS,ARUNACHAL PRADESH,NHIDCL,228.72,0.0,99.52,2020-01-10,2022-01-04,0.0,0.0
MINISTRY OF ROAD TRANSPORT & HIGHWAYS,ROADS & HIGHWAYS,UTTAR PRADESH,MORTH,225.17,0.0,73.0,2024-01-01,2025-01-06,0.0,0.0
MINISTRY OF ROAD TRANSPORT & HIGHWAYS,ROADS & HIGHWAYS,WEST BENGAL,NHIDCL,295.97,0.39,96.99,2020-01-10,2023-01-04,0.0799999999999983,0.0
MINISTRY OF ROAD TRANSPORT & HIGHWAYS,ROADS & HIGHWAYS,ODISHA,NATIONAL HIGHWAYS AUTHORITY OF INDIA [NHAI],789.0,572.17,86.0,2020-01-02,2022-01-08,0.0,0.0799999999999272
MINISTRY OF ROAD TRANSPORT & HIGHWAYS,ROADS & HIGHWAYS,UTTAR PRADESH,MORTH,509.65,106.67,56.00000000000001,2024-01-03,2025-01-09,0.0,8.200000000000003
MINISTRY OF ROAD TRANSPORT & HIGHWAYS,ROADS & HIGHWAYS,UTTAR PRADESH,NATIONAL HIGHWAYS AUTHORITY OF INDIA [NHAI],1101.79,357.18,63.51,2023-01-11,2025-01-11,0.0,10.629999999999995
MINISTRY OF ROAD TRANSPORT & HIGHWAYS,ROADS & HIGHWAYS,UTTAR PRADESH,MORTH,189.31,0.0,50.0,2023-01-11,2025-01-05,0.779999999999994,0.0
MINISTRY OF ROAD TRANSPORT & HIGHWAYS,ROADS & HIGHWAYS,ODISHA,NATIONAL HIGHWAYS AUTHORITY OF INDIA [NHAI],795.18,403.24,99.0,2019-01-02,2021-01-08,0.0,0.2599999999999909
MINISTRY OF ROAD TRANSPORT & HIGHWAYS,ROADS & HIGHWAYS,MAHARASHTRA,MORTH,328.11,0.0,34.150000000000006,2024-01-02,2025-01-08,0.0,0.0
MINISTRY OF ROAD TRANSPORT & HIGHWAYS,ROADS & HIGHWAYS,WEST BENGAL,NHIDCL,402.94,0.0,98.54,2019-01-10,2022-01-04,0.0,0.0
MINISTRY OF ROAD TRANSPORT & HIGHWAYS,ROADS & HIGHWAYS,TAMIL NADU,NATIONAL HIGHWAYS AUTHORITY OF INDIA [NHAI],1853.16,24.3,0.0,2026-01-05,2028-01-05,0.0,-134.95999999999998
MINISTRY OF ROAD TRANSPORT & HIGHWAYS,ROADS & HIGHWAYS,TAMIL NADU,NATIONAL HIGHWAYS AUTHORITY OF INDIA [NHAI],1376.1,133.97,37.27,2024-01-12,2026-01-12,2.770000000000003,0.1999999999999886
MINISTRY OF HOUSING & URBAN AFFAIRS,REAL ESTATE,GUJARAT,MINISTRY OF HOUSING AND URBAN AFFAIRS,539.0,623.44,98.5,2016-01-06,2022-01-07,0.0,0.0
MINISTRY OF ROAD TRANSPORT & HIGHWAYS,ROADS & HIGHWAYS,ANDHRA PRADESH,MORTH,1318.59,341.52,79.5,2023-01-11,2025-01-11,0.0,0.0
MINISTRY OF ROAD TRANSPORT & HIGHWAYS,ROADS & HIGHWAYS,ODISHA,MORTH,186.52,42.93,60.0,2024-01-02,2026-01-02,0.0,0.1000000000000014
MINISTRY OF ROAD TRANSPORT & HIGHWAYS,ROADS & HIGHWAYS,RAJASTHAN,MORTH,170.49,0.0,0.0,2026-01-03,2027-01-09,-11.0,0.0
MINISTRY OF ROAD TRANSPORT & HIGHWAYS,ROADS & HIGHWAYS,MAHARASHTRA,MORTH,195.38,0.0,80.0,2023-01-01,2024-01-07,0.0,0.0
MINISTRY OF ROAD TRANSPORT & HIGHWAYS,ROADS & HIGHWAYS,MAHARASHTRA,NATIONAL HIGHWAYS AUTHORITY OF INDIA [NHAI],1985.38,463.4,79.97999999999999,2023-01-05,2025-01-05,0.7999999999999972,73.71999999999997
MINISTRY OF ROAD TRANSPORT & HIGHWAYS,ROADS & HIGHWAYS,BIHAR,MORTH,780.77,0.04,99.74,2016-01-10,2019-01-10,0.0,0.0
MINISTRY OF ROAD TRANSPORT & HIGHWAYS,ROADS & HIGHWAYS,GUJARAT,NHAI,1555.2,1135.14,81.6,2022-01-12,2024-01-08,4.399999999999992,50.940000000000055
MINISTRY OF ROAD TRANSPORT & HIGHWAYS,ROADS & HIGHWAYS,UTTARAKHAND,MORTH,251.88,0.0,99.0,2023-01-01,2025-01-07,0.0,0.0
"MINISTRY OF PORTS, SHIPPING AND WATERWAYS",SHIPPING,WEST BENGAL,SYAMA PRASAD MOOKERJEE PORT KOLKATA,832.25,0.0,0.0,2027-01-02,2028-01-08,,
MINISTRY OF POWER,TRANSMISSION & DISTRIBUTION,KARNATAKA,POWER GRID CORPORATION OF INDIA LIMITED [POWERGRID],1111.0,5.5,1.0,2026-01-02,2028-01-02,0.0,0.0
MINISTRY OF ROAD TRANSPORT & HIGHWAYS,ROADS & HIGHWAYS,UTTARAKHAND,MORTH,418.89,422.72,95.0,2018-01-02,2020-01-02,0.0,0.0
MINISTRY OF ROAD TRANSPORT & HIGHWAYS,ROADS & HIGHWAYS,RAJASTHAN,NATIONAL HIGHWAYS AUTHORITY OF INDIA [NHAI],1854.68,1424.12,95.08,2021-01-07,2024-01-01,1.6400000000000006,37.6099999999999
MINISTRY OF ROAD TRANSPORT & HIGHWAYS,ROADS & HIGHWAYS,BIHAR,MORTH,201.08,0.01,60.0,2024-01-07,2026-01-07,2.000000000000007,0.0
MINISTRY OF POWER,TRANSMISSION & DISTRIBUTION,MAHARASHTRA,POWER GRID CORPORATION OF INDIA LIMITED [POWERGRID],1420.0,2.84,0.5,2026-01-03,2028-01-03,0.0,0.0
MINISTRY OF ROAD TRANSPORT & HIGHWAYS,ROADS & HIGHWAYS,UTTARAKHAND,MORTH,282.08,166.13,100.0,2017-01-06,2019-01-06,0.0,0.0
MINISTRY OF ROAD TRANSPORT & HIGHWAYS,ROADS & HIGHWAYS,MAHARASHTRA,NATIONAL HIGHWAYS AUTHORITY OF INDIA [NHAI],1939.23,483.41,67.57,2023-01-05,2025-01-05,1.1199999999999903,24.470000000000027
MINISTRY OF ROAD TRANSPORT & HIGHWAYS,ROADS & HIGHWAYS,CHHATTISGARH,MORTH,322.4,1.1,66.0,2025-01-03,2027-01-03,-4.0,-0.0399999999999998
MINISTRY OF PETROLEUM & NATURAL GAS,OIL & GAS,ANDHRA PRADESH,MINISTRY OF PETROLEUM AND NATURAL GAS,258.34,4.65,14.2,2025-01-09,2028-01-03,-1.5,-2.47
MINISTRY OF ROAD TRANSPORT & HIGHWAYS,ROADS & HIGHWAYS,CHHATTISGARH,MORTH,200.67,14.99,0.0,2024-01-12,2026-01-06,0.0,14.99
MINISTRY OF ROAD TRANSPORT & HIGHWAYS,ROADS & HIGHWAYS,CHHATTISGARH,MORTH,188.8,102.56,97.0,2019-01-05,2020-01-11,0.0,0.0
MINISTRY OF PETROLEUM & NATURAL GAS,OIL & GAS,MAHARASHTRA,MINISTRY OF PETROLEUM & NATURAL GAS,260.2,0.0,0.0,2025-01-04,2027-01-04,0.0,0.0
MINISTRY OF ROAD TRANSPORT & HIGHWAYS,ROADS & HIGHWAYS,RAJASTHAN,NATIONAL HIGHWAYS AUTHORITY OF INDIA [NHAI],1272.97,1091.86,95.25,2021-01-05,2023-01-05,0.0,0.1999999999998181
MINISTRY OF ROAD TRANSPORT & HIGHWAYS,ROADS & HIGHWAYS,UTTARAKHAND,MORTH,344.73,0.0,23.380000000000003,2025-01-10,2028-01-04,-30.36,0.0
MINISTRY OF ROAD TRANSPORT & HIGHWAYS,ROADS & HIGHWAYS,UTTARAKHAND,MORTH,237.79,79.56,100.0,2017-01-11,2019-01-11,0.0,0.0
MINISTRY OF PETROLEUM & NATURAL GAS,OIL & GAS,MAHARASHTRA,MINISTRY OF PETROLEUM & NATURAL GAS,844.0,0.61,6.7,2025-01-06,2028-01-03,0.6000000000000005,0.0
MINISTRY OF ROAD TRANSPORT & HIGHWAYS,ROADS & HIGHWAYS,GUJARAT,MORTH,530.2,58.29,90.0,2024-01-06,2026-01-06,10.0,0.0
MINISTRY OF ROAD TRANSPORT & HIGHWAYS,ROADS & HIGHWAYS,GUJARAT,MORTH,211.28,0.0,99.55,2018-01-11,2020-01-11,0.0,0.0
MINISTRY OF PETROLEUM & NATURAL GAS,OIL & GAS,MAHARASHTRA,MINISTRY OF PETROLEUM & NATURAL GAS,13626.0,63.9,5.3,2025-01-05,2029-01-09,0.8999999999999995,8.5
MINISTRY OF ROAD TRANSPORT & HIGHWAYS,ROADS & HIGHWAYS,RAJASTHAN,NATIONAL HIGHWAYS AUTHORITY OF INDIA [NHAI],736.75,400.32,99.0,2022-01-08,2024-01-08,0.0,0.1499999999999772
MINISTRY OF ROAD TRANSPORT & HIGHWAYS,ROADS & HIGHWAYS,MAHARASHTRA,MORTH,631.76,187.58,78.2,2025-01-05,2027-01-05,3.660000000000011,0.0
MINISTRY OF ROAD TRANSPORT & HIGHWAYS,ROADS & HIGHWAYS,RAJASTHAN,NATIONAL HIGHWAYS AUTHORITY OF INDIA [NHAI],1119.35,975.7,99.8,2021-01-05,2023-01-05,0.0,0.0
MINISTRY OF ROAD TRANSPORT & HIGHWAYS,ROADS & HIGHWAYS,UTTAR PRADESH,MORTH,309.63,37.26,26.0,2024-01-11,2026-01-11,1.0,4.859999999999999
MINISTRY OF ROAD TRANSPORT & HIGHWAYS,ROADS & HIGHWAYS,TAMIL NADU,NATIONAL HIGHWAYS AUTHORITY OF INDIA [NHAI],467.99,451.47,97.92,2022-01-09,2024-01-09,0.0,0.6100000000000136
MINISTRY OF ROAD TRANSPORT & HIGHWAYS,ROADS & HIGHWAYS,GUJARAT,NATIONAL HIGHWAYS AUTHORITY OF INDIA [NHAI],1263.38,865.87,100.0,2021-01-11,2023-01-11,0.0,0.0
MINISTRY OF ROAD TRANSPORT & HIGHWAYS,ROADS & HIGHWAYS,UTTAR PRADESH,MORTH,296.02,0.0,33.0,2025-01-01,2027-01-01,-2.0,0.0
MINISTRY OF ROAD TRANSPORT & HIGHWAYS,ROADS & HIGHWAYS,GUJARAT,NATIONAL HIGHWAYS AUTHORITY OF INDIA [NHAI],3834.24,197.13,4.8500000000000005,2024-01-08,2026-01-03,0.0,0.0
MINISTRY OF ROAD TRANSPORT & HIGHWAYS,ROADS & HIGHWAYS,MAHARASHTRA,MORTH,1142.62,0.0,97.5,2018-01-02,2020-01-02,0.0,0.0
MINISTRY OF ROAD TRANSPORT & HIGHWAYS,ROADS & HIGHWAYS,MAHARASHTRA,MORTH,1006.99,0.0,80.06,2017-01-11,2019-01-11,0.0,0.0
MINISTRY OF ROAD TRANSPORT & HIGHWAYS,ROADS & HIGHWAYS,GUJARAT,NATIONAL HIGHWAYS AUTHORITY OF INDIA [NHAI],1710.3,2158.87,97.05,2021-01-11,2023-01-11,0.0,0.0
MINISTRY OF ROAD TRANSPORT & HIGHWAYS,ROADS & HIGHWAYS,UTTARAKHAND,NHAI,742.43,0.52,0.0,2025-01-12,2027-01-11,0.0,0.07
MINISTRY OF ROAD TRANSPORT & HIGHWAYS,ROADS & HIGHWAYS,MAHARASHTRA,MORTH,1117.75,287.96,90.14,2017-01-11,2019-01-11,0.0,0.0
MINISTRY OF ROAD TRANSPORT & HIGHWAYS,ROADS & HIGHWAYS,JHARKHAND,NATIONAL HIGHWAYS AUTHORITY OF INDIA [NHAI],1274.82,86.46,7.41,2026-01-01,2028-01-01,2.41,44.63
MINISTRY OF ROAD TRANSPORT & HIGHWAYS,ROADS & HIGHWAYS,ANDHRA PRADESH,MORTH,159.66,59.26,100.0,2024-01-03,2026-01-03,0.0,0.0
MINISTRY OF ROAD TRANSPORT & HIGHWAYS,ROADS & HIGHWAYS,UTTARAKHAND,NHAI,720.67,2.6,1.0,2026-01-02,2028-01-08,-4.0200000000000005,-0.1
MINISTRY OF ROAD TRANSPORT & HIGHWAYS,ROADS & HIGHWAYS,GUJARAT,NATIONAL HIGHWAYS AUTHORITY OF INDIA [NHAI],2271.86,2574.42,98.9,2021-01-12,2023-01-12,0.0,0.0
MINISTRY OF ROAD TRANSPORT & HIGHWAYS,ROADS & HIGHWAYS,KARNATAKA,MORTH,204.42,0.0,0.0,2025-01-07,2027-01-01,-20.0,0.0
MINISTRY OF ROAD TRANSPORT & HIGHWAYS,ROADS & HIGHWAYS,GUJARAT,NATIONAL HIGHWAYS AUTHORITY OF INDIA [NHAI],1324.84,1275.92,91.34,2019-01-11,2021-01-10,0.0,27.170000000000076
MINISTRY OF ROAD TRANSPORT & HIGHWAYS,ROADS & HIGHWAYS,UTTARAKHAND,NHAI,715.97,159.18,54.86,2025-01-04,2027-01-04,-3.230000000000004,-19.849999999999994
MINISTRY OF ROAD TRANSPORT & HIGHWAYS,ROADS & HIGHWAYS,KARNATAKA,MORTH,314.55,0.0,0.0,2026-01-01,2027-01-07,-10.0,-4.03
MINISTRY OF ROAD TRANSPORT & HIGHWAYS,ROADS & HIGHWAYS,KARNATAKA,MORTH,398.48,211.59,93.25,2023-01-02,2025-01-02,0.0,0.0
MINISTRY OF ROAD TRANSPORT & HIGHWAYS,ROADS & HIGHWAYS,GUJARAT,NATIONAL HIGHWAYS AUTHORITY OF INDIA [NHAI],894.01,457.06,98.79,2018-01-02,2020-01-07,0.0,0.0099999999999909
MINISTRY OF ROAD TRANSPORT & HIGHWAYS,ROADS & HIGHWAYS,UTTARAKHAND,NHAI,1092.9,736.07,93.9,2023-01-02,2025-01-02,0.0,20.71000000000004
MINISTRY OF ROAD TRANSPORT & HIGHWAYS,ROADS & HIGHWAYS,KARNATAKA,MORTH,718.52,308.84,83.0,2023-01-03,2025-01-03,1.0,0.0
MINISTRY OF ROAD TRANSPORT & HIGHWAYS,ROADS & HIGHWAYS,UTTAR PRADESH,MORTH,274.06,0.0,91.85,2024-01-03,2025-01-09,0.0,0.0
MINISTRY OF ROAD TRANSPORT & HIGHWAYS,ROADS & HIGHWAYS,"MULTI-STATES (HIMACHAL PRADESH, UTTARAKHAND)",NHAI,524.54,254.27,94.25,2023-01-05,2025-01-05,0.0,0.3900000000000148
MINISTRY OF ROAD TRANSPORT & HIGHWAYS,ROADS & HIGHWAYS,BIHAR,MORTH,566.1,253.68,95.01,2022-01-11,2024-01-11,0.0100000000000051,2.5600000000000023
MINISTRY OF ROAD TRANSPORT & HIGHWAYS,ROADS & HIGHWAYS,BIHAR,MORTH,477.54,311.39,95.66,2023-01-02,2025-01-01,0.0,0.0
MINISTRY OF ROAD TRANSPORT & HIGHWAYS,ROADS & HIGHWAYS,BIHAR,NHAI,1659.81,547.01,78.09,2022-01-03,2024-01-03,0.0,40.68000000000001
MINISTRY OF ROAD TRANSPORT & HIGHWAYS,ROADS & HIGHWAYS,GUJARAT,NATIONAL HIGHWAYS AUTHORITY OF INDIA [NHAI],162.73,174.82,100.0,2022-01-04,2023-01-09,0.0,0.0
MINISTRY OF ROAD TRANSPORT & HIGHWAYS,ROADS & HIGHWAYS,WEST BENGAL,MORTH,271.17,209.23,84.78,2016-01-11,2018-01-11,0.1800000000000068,0.0
MINISTRY OF ROAD TRANSPORT & HIGHWAYS,ROADS & HIGHWAYS,GUJARAT,NHAI,1644.85,990.1,100.0,2021-01-05,2023-01-05,0.0,26.44000000000005
MINISTRY OF ROAD TRANSPORT & HIGHWAYS,ROADS & HIGHWAYS,BIHAR,MORTH,1408.85,0.0,97.0,2016-01-11,2019-01-11,0.0,0.0
MINISTRY OF ROAD TRANSPORT & HIGHWAYS,ROADS & HIGHWAYS,GUJARAT,NATIONAL HIGHWAYS AUTHORITY OF INDIA [NHAI],698.4,418.41,100.0,2021-01-03,2022-01-09,0.0,0.0
MINISTRY OF ROAD TRANSPORT & HIGHWAYS,ROADS & HIGHWAYS,TAMIL NADU,MORTH,238.97,119.33,94.0,2024-01-09,2026-01-08,1.0,0.0
MINISTRY OF ROAD TRANSPORT & HIGHWAYS,ROADS & HIGHWAYS,TELANGANA,MORTH,516.17,0.0,47.2,2025-01-10,2027-01-10,4.07,0.0
MINISTRY OF ROAD TRANSPORT & HIGHWAYS,ROADS & HIGHWAYS,MAHARASHTRA,MORTH,533.76,0.0,65.57,2025-01-05,2027-01-05,-3.3800000000000097,0.0
MINISTRY OF ROAD TRANSPORT & HIGHWAYS,ROADS & HIGHWAYS,BIHAR,NATIONAL HIGHWAYS AUTHORITY OF INDIA [NHAI],1309.47,812.81,100.0,2018-01-08,2022-01-02,0.0,0.0
MINISTRY OF ROAD TRANSPORT & HIGHWAYS,ROADS & HIGHWAYS,TELANGANA,MORTH,626.76,16.13,52.32,2018-01-07,2020-01-07,0.6199999999999974,0.0
MINISTRY OF ROAD TRANSPORT & HIGHWAYS,ROADS & HIGHWAYS,KARNATAKA,MORTH,177.94,111.41,83.0,2023-01-02,2025-01-02,8.0,2.4799999999999898
MINISTRY OF ROAD TRANSPORT & HIGHWAYS,ROADS & HIGHWAYS,SIKKIM,NHIDCL,816.79,32.28,63.24999999999999,2020-01-12,2023-01-12,2.3699999999999903,0.0
MINISTRY OF ROAD TRANSPORT & HIGHWAYS,ROADS & HIGHWAYS,MAHARASHTRA,NATIONAL HIGHWAYS AUTHORITY OF INDIA [NHAI],1411.71,1047.2,97.4,2021-01-09,2023-01-09,0.0,0.0099999999999909
MINISTRY OF ROAD TRANSPORT & HIGHWAYS,ROADS & HIGHWAYS,KARNATAKA,MORTH,471.62,80.08,64.33,2024-01-09,2026-01-04,-5.210000000000008,-11.659999999999997
MINISTRY OF ROAD TRANSPORT & HIGHWAYS,ROADS & HIGHWAYS,UTTAR PRADESH,NATIONAL HIGHWAYS AUTHORITY OF INDIA [NHAI],197.6,37.94,15.05,2025-01-09,2027-01-03,-2.169999999999998,-15.590000000000003
MINISTRY OF ROAD TRANSPORT & HIGHWAYS,ROADS & HIGHWAYS,KARNATAKA,MORTH,170.34,106.88,92.65,2022-01-08,2024-01-02,0.0,0.0
MINISTRY OF ROAD TRANSPORT & HIGHWAYS,ROADS & HIGHWAYS,MAHARASHTRA,NATIONAL HIGHWAYS AUTHORITY OF INDIA [NHAI],1709.56,1125.89,98.52,2022-01-05,2024-01-05,0.0,0.0
MINISTRY OF ROAD TRANSPORT & HIGHWAYS,ROADS & HIGHWAYS,KERALA,NATIONAL HIGHWAYS AUTHORITY OF INDIA [NHAI],3635.64,595.69,44.34,2022-01-07,2025-01-01,0.0,22.38000000000011
MINISTRY OF ROAD TRANSPORT & HIGHWAYS,ROADS & HIGHWAYS,TELANGANA,MORTH,216.53,156.4,92.1,2021-01-06,2023-01-06,0.0,2.3499999999999943
MINISTRY OF ROAD TRANSPORT & HIGHWAYS,ROADS & HIGHWAYS,NAGALAND,MORTH,192.93,99.65,0.0,2023-01-06,2025-01-06,0.0,0.0
MINISTRY OF ROAD TRANSPORT & HIGHWAYS,ROADS & HIGHWAYS,SIKKIM,NHIDCL,410.6,0.0,81.89,2021-01-02,2024-01-02,0.0600000000000022,0.0
MINISTRY OF ROAD TRANSPORT & HIGHWAYS,ROADS & HIGHWAYS,KERALA,NATIONAL HIGHWAYS AUTHORITY OF INDIA [NHAI],2641.37,931.86,81.8,2022-01-10,2025-01-03,0.0,40.46000000000004
MINISTRY OF ROAD TRANSPORT & HIGHWAYS,ROADS & HIGHWAYS,ODISHA,MORTH,154.49,22.32,72.0,2023-01-06,2024-01-12,0.0,0.0
MINISTRY OF ROAD TRANSPORT & HIGHWAYS,ROADS & HIGHWAYS,BIHAR,MORTH,179.86,0.0,0.05,2025-01-01,2026-01-07,0.0,0.0
MINISTRY OF ROAD TRANSPORT & HIGHWAYS,ROADS & HIGHWAYS,KERALA,NATIONAL HIGHWAYS AUTHORITY OF INDIA [NHAI],3041.65,1104.11,86.65,2021-01-10,2024-01-01,0.0,97.08999999999992
MINISTRY OF ROAD TRANSPORT & HIGHWAYS,ROADS & HIGHWAYS,"MULTI-STATES (PUDUCHERRY, TAMIL NADU)",NATIONAL HIGHWAYS AUTHORITY OF INDIA [NHAI],1358.31,524.89,98.32,2021-01-11,2023-01-11,0.0,0.0699999999999363
MINISTRY OF ROAD TRANSPORT & HIGHWAYS,ROADS & HIGHWAYS,BIHAR,MORTH,178.85,0.0,98.65,2016-01-05,2018-01-05,0.0,0.0
MINISTRY OF ROAD TRANSPORT & HIGHWAYS,ROADS & HIGHWAYS,BIHAR,MORTH,369.77,0.0,98.78,2016-01-06,2018-01-12,0.0,0.0
MINISTRY OF ROAD TRANSPORT & HIGHWAYS,ROADS & HIGHWAYS,"MULTI-STATES (KARNATAKA, KERALA)",NATIONAL HIGHWAYS AUTHORITY OF INDIA [NHAI],1981.07,1060.64,100.0,2021-01-11,2024-01-05,0.7999999999999972,0.1500000000000909
MINISTRY OF ROAD TRANSPORT & HIGHWAYS,ROADS & HIGHWAYS,BIHAR,MORTH,553.3,0.0,99.0,2016-01-05,2018-01-11,0.0,0.0
MINISTRY OF ROAD TRANSPORT & HIGHWAYS,ROADS & HIGHWAYS,UTTAR PRADESH,MORTH,185.09,175.09,100.0,2022-01-03,2023-01-09,0.0,0.0
MINISTRY OF ROAD TRANSPORT & HIGHWAYS,ROADS & HIGHWAYS,SIKKIM,NHIDCL,493.42,0.0,78.83,2021-01-05,2024-01-05,1.759999999999991,0.0
MINISTRY OF ROAD TRANSPORT & HIGHWAYS,ROADS & HIGHWAYS,UTTAR PRADESH,MORTH,319.96,0.0,95.0,2020-01-10,2022-01-04,0.0,0.0
MINISTRY OF ROAD TRANSPORT & HIGHWAYS,ROADS & HIGHWAYS,MAHARASHTRA,NATIONAL HIGHWAYS AUTHORITY OF INDIA [NHAI],1252.92,482.38,80.78,2019-01-01,2021-01-07,4.180000000000007,0.1200000000000045
MINISTRY OF ROAD TRANSPORT & HIGHWAYS,ROADS & HIGHWAYS,PUNJAB,MORTH,546.67,0.0,45.0,2025-01-05,2026-01-11,0.0,0.0
MINISTRY OF ROAD TRANSPORT & HIGHWAYS,ROADS & HIGHWAYS,ARUNACHAL PRADESH,NHIDCL,353.9,0.0,18.63,2025-01-06,2027-01-12,-0.9200000000000016,0.0
MINISTRY OF ROAD TRANSPORT & HIGHWAYS,ROADS & HIGHWAYS,RAJASTHAN,MORTH,411.44,66.63,91.04,2022-01-05,2024-01-05,3.440000000000012,0.0
MINISTRY OF ROAD TRANSPORT & HIGHWAYS,ROADS & HIGHWAYS,DELHI,NATIONAL HIGHWAYS AUTHORITY OF INDIA [NHAI],2144.67,3106.86,98.8,2020-01-09,2022-01-09,0.0,9.519999999999982
MINISTRY OF ROAD TRANSPORT & HIGHWAYS,ROADS & HIGHWAYS,"MULTI-STATES (PUDUCHERRY, TAMIL NADU)",NATIONAL HIGHWAYS AUTHORITY OF INDIA [NHAI],1588.4,448.72,98.75,2021-01-11,2023-01-11,0.0,43.24000000000001
MINISTRY OF ROAD TRANSPORT & HIGHWAYS,ROADS & HIGHWAYS,KARNATAKA,NATIONAL HIGHWAYS AUTHORITY OF INDIA [NHAI],2104.7,795.13,73.9,2023-01-04,2025-01-10,0.0,15.32000000000005
MINISTRY OF ROAD TRANSPORT & HIGHWAYS,ROADS & HIGHWAYS,KARNATAKA,MORTH,538.71,0.28,6.0,2026-01-02,2028-01-02,0.0,-14.35
MINISTRY OF ROAD TRANSPORT & HIGHWAYS,ROADS & HIGHWAYS,SIKKIM,NHIDCL,230.45,0.0,83.74000000000001,2020-01-10,2023-01-04,3.280000000000016,0.0
MINISTRY OF ROAD TRANSPORT & HIGHWAYS,ROADS & HIGHWAYS,TELANGANA,MORTH,298.0,234.7,95.6,2017-01-02,2019-01-02,0.0,0.0
MINISTRY OF ROAD TRANSPORT & HIGHWAYS,ROADS & HIGHWAYS,TELANGANA,MORTH,359.0,0.0,99.92,2017-01-05,2019-01-05,0.0,0.0
MINISTRY OF ROAD TRANSPORT & HIGHWAYS,ROADS & HIGHWAYS,KARNATAKA,NATIONAL HIGHWAYS AUTHORITY OF INDIA [NHAI],1444.5,872.45,97.75,2021-01-03,2023-01-03,0.4500000000000028,-18.09999999999991
MINISTRY OF ROAD TRANSPORT & HIGHWAYS,ROADS & HIGHWAYS,TELANGANA,MORTH,230.03,0.0,0.0,2018-01-06,2019-01-11,0.0,0.0
MINISTRY OF ROAD TRANSPORT & HIGHWAYS,ROADS & HIGHWAYS,ASSAM,NHIDCL,693.97,296.96,100.0,2020-01-09,2022-01-04,0.0,0.0
MINISTRY OF ROAD TRANSPORT & HIGHWAYS,ROADS & HIGHWAYS,TELANGANA,MORTH,317.19,175.28,88.0,2022-01-07,2024-01-07,1.0,0.0200000000000102
MINISTRY OF ROAD TRANSPORT & HIGHWAYS,ROADS & HIGHWAYS,KARNATAKA,NATIONAL HIGHWAYS AUTHORITY OF INDIA [NHAI],1505.85,656.52,99.97,2019-01-10,2021-01-10,0.0,0.0
MINISTRY OF ROAD TRANSPORT & HIGHWAYS,ROADS & HIGHWAYS,ANDHRA PRADESH,MORTH,317.22,0.0,73.46000000000001,2023-01-05,2025-01-05,0.0,0.0
MINISTRY OF ROAD TRANSPORT & HIGHWAYS,ROADS & HIGHWAYS,ASSAM,NHIDCL,693.97,37.6,93.23,2020-01-12,2022-01-06,0.0,0.0
MINISTRY OF ROAD TRANSPORT & HIGHWAYS,ROADS & HIGHWAYS,KARNATAKA,NATIONAL HIGHWAYS AUTHORITY OF INDIA [NHAI],1364.14,614.73,100.0,2019-01-10,2021-01-10,0.0,62.63999999999999
MINISTRY OF ROAD TRANSPORT & HIGHWAYS,ROADS & HIGHWAYS,ANDHRA PRADESH,MORTH,529.54,0.0,69.62,2021-01-11,2023-01-11,0.0,0.0
MINISTRY OF ROAD TRANSPORT & HIGHWAYS,ROADS & HIGHWAYS,BIHAR,NATIONAL HIGHWAYS AUTHORITY OF INDIA [NHAI],664.02,352.28,97.71,2016-01-10,2019-01-04,0.039999999999992,0.5099999999999909
MINISTRY OF ROAD TRANSPORT & HIGHWAYS,ROADS & HIGHWAYS,ANDHRA PRADESH,MORTH,292.63,0.0,90.97,2024-01-12,2026-01-12,8.400000000000006,0.0
MINISTRY OF ROAD TRANSPORT & HIGHWAYS,ROADS & HIGHWAYS,"MULTI-STATES (UTTAR PRADESH, UTTARAKHAND)",NATIONAL HIGHWAYS AUTHORITY OF INDIA [NHAI],1659.12,842.68,97.64,2018-01-01,2020-01-07,-2.2099999999999937,-698.3100000000001
MINISTRY OF ROAD TRANSPORT & HIGHWAYS,ROADS & HIGHWAYS,ANDHRA PRADESH,MORTH,691.81,0.0,42.28,2025-01-09,2027-01-09,1.7899999999999991,0.0
MINISTRY OF ROAD TRANSPORT & HIGHWAYS,ROADS & HIGHWAYS,HARYANA,NATIONAL HIGHWAYS AUTHORITY OF INDIA [NHAI],1741.45,461.41,94.41,2023-01-08,2025-01-08,2.799999999999997,0.160000000000025
MINISTRY OF ROAD TRANSPORT & HIGHWAYS,ROADS & HIGHWAYS,MIZORAM,NHIDCL,781.85,20.78,4.71,2024-01-12,2026-01-12,0.0,0.1400000000000005
MINISTRY OF ROAD TRANSPORT & HIGHWAYS,ROADS & HIGHWAYS,ANDHRA PRADESH,MORTH,776.17,0.0,23.380000000000003,2025-01-07,2027-01-07,2.4400000000000013,0.0
MINISTRY OF ROAD TRANSPORT & HIGHWAYS,ROADS & HIGHWAYS,KARNATAKA,MORTH,157.32,103.33,69.0,2019-01-05,2021-01-11,1.0,0.0
MINISTRY OF ROAD TRANSPORT & HIGHWAYS,ROADS & HIGHWAYS,ODISHA,NATIONAL HIGHWAYS AUTHORITY OF INDIA [NHAI],991.41,500.25,99.66,2018-01-03,2020-01-09,0.0,0.75
MINISTRY OF ROAD TRANSPORT & HIGHWAYS,ROADS & HIGHWAYS,ANDHRA PRADESH,MORTH,242.0,78.49,95.94,2024-01-02,2025-01-11,0.0,0.0
MINISTRY OF ROAD TRANSPORT & HIGHWAYS,ROADS & HIGHWAYS,BIHAR,NATIONAL HIGHWAYS AUTHORITY OF INDIA [NHAI],491.04,345.21,95.72,2022-01-06,2024-01-12,1.8400000000000036,2.25
MINISTRY OF ROAD TRANSPORT & HIGHWAYS,ROADS & HIGHWAYS,ANDHRA PRADESH,MORTH,290.15,140.23,91.9,2017-01-05,2019-01-05,0.0,0.0
MINISTRY OF ROAD TRANSPORT & HIGHWAYS,ROADS & HIGHWAYS,KARNATAKA,NATIONAL HIGHWAYS AUTHORITY OF INDIA [NHAI],688.0,586.06,82.34,2021-01-01,2023-01-01,0.0,0.0
MINISTRY OF ROAD TRANSPORT & HIGHWAYS,ROADS & HIGHWAYS,TELANGANA,MORTH,322.81,148.48,98.14,2018-01-09,2020-01-09,0.0,0.0
MINISTRY OF ROAD TRANSPORT & HIGHWAYS,ROADS & HIGHWAYS,TELANGANA,MORTH,220.28,0.0,97.74,2018-01-05,2019-01-11,0.0,0.0
MINISTRY OF ROAD TRANSPORT & HIGHWAYS,ROADS & HIGHWAYS,SIKKIM,NHIDCL,292.8,1.91,65.12,2020-01-10,2022-01-05,0.019999999999996,0.0
MINISTRY OF ROAD TRANSPORT & HIGHWAYS,ROADS & HIGHWAYS,ODISHA,NATIONAL HIGHWAYS AUTHORITY OF INDIA [NHAI],791.17,727.42,99.95,2022-01-03,2024-01-03,0.0,0.0499999999999545
MINISTRY OF ROAD TRANSPORT & HIGHWAYS,ROADS & HIGHWAYS,TELANGANA,MORTH,294.13,239.25,88.22,2018-01-06,2019-01-11,0.0,0.0
MINISTRY OF ROAD TRANSPORT & HIGHWAYS,ROADS & HIGHWAYS,TELANGANA,MORTH,300.0,175.1,99.2,2017-01-05,2019-01-05,0.0,0.0
MINISTRY OF ROAD TRANSPORT & HIGHWAYS,ROADS & HIGHWAYS,"MULTI-STATES (ANDHRA PRADESH, TELANGANA)",NATIONAL HIGHWAYS AUTHORITY OF INDIA [NHAI],1227.57,527.81,68.53,2023-01-01,2025-01-01,3.2900000000000063,3.769999999999982
MINISTRY OF ROAD TRANSPORT & HIGHWAYS,ROADS & HIGHWAYS,"MULTI-STATES (HARYANA, PUNJAB)",NATIONAL HIGHWAYS AUTHORITY OF INDIA [NHAI],1491.72,721.14,74.98,2023-01-05,2025-01-05,3.870000000000005,77.02999999999997
MINISTRY OF ROAD TRANSPORT & HIGHWAYS,ROADS & HIGHWAYS,MAHARASHTRA,NATIONAL HIGHWAYS AUTHORITY OF INDIA [NHAI],1524.71,813.35,99.76,2022-01-05,2024-01-05,0.0,0.0
