PROJECT_ID,REPORT_MONTH,COST_OVERRUN_PCT,SCHEDULE_CHANGE_DAYS,DELAY_INDICATOR
108841.0,JUNE,0.0,,0
108841.0,JULY,0.0,,0
124199.0,JULY,0.0,,0
171218.0,JULY,0.0,,0
175860.0,JULY,0.0,,0
210914.0,JULY,0.0,,0
222253.0,JUNE,0.0,,0
222253.0,JULY,0.0,,0
240484.0,JULY,0.0,,0
245986.0,JULY,0.0,,0
298178.0,JULY,0.0,,0
317725.0,JULY,0.0,,0
364934.0,JULY,0.0,,0
400005.0,APRIL,0.0,1095.0,1
400006.0,APRIL,0.0,367.0,1
400006.0,MAY,0.0,367.0,1
400006.0,JUNE,0.0,367.0,1
400006.0,JULY,0.0,367.0,1
400010.0,APRIL,33.33333333333333,1824.0,1
400010.0,MAY,33.33333333333333,1824.0,1
400010.0,JUNE,33.33333333333333,1824.0,1
400010.0,JULY,33.33333333333333,1824.0,1
400012.0,APRIL,0.0,1820.0,1
400012.0,MAY,0.0,1820.0,1
400012.0,JUNE,0.0,1820.0,1
400012.0,JULY,0.0,1824.0,1
400013.0,APRIL,16.355069159446725,728.0,1
400013.0,MAY,-41.507827937376504,1093.0,1
400013.0,JUNE,-41.507827937376504,1093.0,1
400013.0,JULY,-41.50767593859249,1093.0,1
400018.0,APRIL,0.0,,0
400018.0,MAY,0.0,,0
400018.0,JUNE,0.0,,0
400018.0,JULY,0.0,,0
400019.0,APRIL,137.60654273885865,362.0,1
400019.0,MAY,137.60654273885865,362.0,1
400019.0,JUNE,137.60654273885865,362.0,1
400022.0,APRIL,0.0,0.0,0
400022.0,MAY,0.0,0.0,0
400022.0,JUNE,0.0,0.0,0
400022.0,JULY,14.30164403145103,0.0,0
400023.0,APRIL,0.0,-365.0,0
400023.0,MAY,0.0,730.0,1
400023.0,JUNE,0.0,730.0,1
400023.0,JULY,0.0,730.0,1
400033.0,APRIL,0.0,,0
400033.0,MAY,0.0,,0
400033.0,JUNE,0.0,,0
400033.0,JULY,0.0,,0
400035.0,APRIL,0.0,362.0,1
400035.0,MAY,0.0,362.0,1
400043.0,APRIL,0.0,0.0,0
400043.0,MAY,0.0,363.0,1
400043.0,JUNE,0.0,363.0,1
400043.0,JULY,0.0,363.0,1
400045.0,APRIL,0.0,-2.0,0
400045.0,MAY,0.0,-2.0,0
400045.0,JUNE,0.0,-2.0,0
400045.0,JULY,0.0,-2.0,0
400047.0,APRIL,0.0,731.0,1
400047.0,MAY,0.0,731.0,1
400047.0,JUNE,0.0,731.0,1
400047.0,JULY,0.0,731.0,1
400048.0,APRIL,0.0,1090.0,1
400048.0,MAY,0.0,1090.0,1
400048.0,JUNE,0.0,1090.0,1
400048.0,JULY,0.0,1090.0,1
400062.0,APRIL,0.0,,0
400062.0,MAY,0.0,,0
400062.0,JUNE,0.0,,0
400062.0,JULY,0.0,,0
400073.0,APRIL,0.0,,0
400073.0,MAY,0.0,,0
400073.0,JUNE,0.0,,0
400073.0,JULY,0.0,,0
400074.0,APRIL,0.0,,0
400074.0,MAY,0.0,,0
400074.0,JUNE,0.0,,0
400074.0,JULY,0.0,,0
400078.0,APRIL,0.0,725.0,1
400078.0,MAY,0.0,725.0,1
400078.0,JUNE,0.0,725.0,1
400081.0,APRIL,-32.51403797147175,731.0,1
400081.0,MAY,-32.51403797147175,731.0,1
400081.0,JUNE,-32.51403797147175,731.0,1
400081.0,JULY,-32.51403797147175,731.0,1
400087.0,APRIL,52.163996251256165,0.0,0
400087.0,MAY,52.163996251256165,0.0,0
400087.0,JUNE,52.163996251256165,0.0,0
400087.0,JULY,52.163996251256165,,0
400093.0,APRIL,0.0,2548.0,1
400095.0,APRIL,0.0,2551.0,1
400096.0,APRIL,0.0,2916.0,1
400097.0,APRIL,32.82813196966801,2548.0,1
400100.0,APRIL,189.8286361705141,2551.0,1
400100.0,MAY,189.8286361705141,2551.0,1
400100.0,JUNE,189.8286361705141,2551.0,1
400100.0,JULY,189.8286361705141,2551.0,1
400101.0,APRIL,75.48375732870333,2913.0,1
400101.0,MAY,75.48375732870333,2913.0,1
400101.0,JUNE,75.48375732870333,2913.0,1
400101.0,JULY,75.48375732870333,2913.0,1
400102.0,APRIL,29.03563229320908,2192.0,1
400102.0,MAY,29.03563229320908,2192.0,1
400102.0,JUNE,29.03563229320908,2192.0,1
400102.0,JULY,29.03563229320908,2192.0,1
400103.0,APRIL,346.1871854578232,2557.0,1
400103.0,MAY,346.1871854578232,2557.0,1
400103.0,JUNE,346.1871854578232,2557.0,1
400103.0,JULY,346.1871854578232,2557.0,1
400105.0,APRIL,54.239914599080564,1467.0,1
400107.0,APRIL,0.0,1461.0,1
400109.0,APRIL,4.759041116888924,2192.0,1
400111.0,APRIL,58.06248233580449,2551.0,1
400111.0,MAY,58.06248233580449,2551.0,1
400111.0,JUNE,58.06248233580449,2551.0,1
400111.0,JULY,58.06248233580449,2551.0,1
400112.0,APRIL,0.0,,0
400115.0,APRIL,18.949975367162438,2548.0,1
400115.0,MAY,18.949975367162438,2548.0,1
400115.0,JUNE,18.949975367162438,2548.0,1
400115.0,JULY,18.949975367162438,2548.0,1
400116.0,APRIL,13.87544237887971,2557.0,1
400116.0,MAY,13.87544237887971,2557.0,1
400116.0,JUNE,13.87544237887971,2557.0,1
400116.0,JULY,13.87544237887971,2557.0,1
400119.0,APRIL,5.804700550664591,2926.0,1
400119.0,MAY,5.804700550664591,2928.0,1
400119.0,JUNE,5.804700550664591,2928.0,1
400119.0,JULY,5.804700550664591,2928.0,1
400120.0,APRIL,0.0,2195.0,1
400120.0,MAY,0.0,2195.0,1
400120.0,JUNE,0.0,2192.0,1
400120.0,JULY,0.0,2195.0,1
400121.0,APRIL,0.0,,0
400121.0,MAY,0.0,,0
400121.0,JUNE,0.0,,0
400121.0,JULY,0.0,,0
400136.0,APRIL,0.0,,0
400136.0,MAY,0.0,,0
400136.0,JUNE,0.0,,0
400136.0,JULY,0.0,,0
400138.0,APRIL,0.0,,0
400138.0,MAY,0.0,,0
400138.0,JUNE,0.0,,0
400138.0,JULY,0.0,,0
400139.0,APRIL,-27.36859220031124,,0
400139.0,MAY,-27.36859220031124,,0
400139.0,JUNE,-27.36859220031124,,0
400139.0,JULY,0.0,,0
400141.0,APRIL,38.371922983183026,1455.0,1
400141.0,MAY,38.371922983183026,1455.0,1
400141.0,JUNE,38.371922983183026,1455.0,1
400141.0,JULY,38.371922983183026,1455.0,1
400142.0,APRIL,0.0,,0
400142.0,MAY,0.0,,0
400142.0,JUNE,0.0,,0
400142.0,JULY,0.0,,0
400144.0,APRIL,0.0,,0
400144.0,MAY,0.0,,0
400144.0,JUNE,0.0,,0
400144.0,JULY,0.0,,0
400148.0,APRIL,0.0,2191.0,1
400148.0,MAY,0.0,2191.0,1
400148.0,JUNE,0.0,2191.0,1
400148.0,JULY,0.0,2191.0,1
400149.0,APRIL,0.0,,0
400149.0,MAY,0.0,,0
400149.0,JUNE,0.0,,0
400149.0,JULY,0.0,,0
400150.0,APRIL,0.0,,0
400150.0,MAY,0.0,,0
400150.0,JUNE,0.0,,0
400150.0,JULY,0.0,,0
400151.0,APRIL,0.0,,0
400151.0,MAY,0.0,,0
400151.0,JUNE,0.0,,0
400151.0,JULY,0.0,,0
400153.0,APRIL,0.0,,0
400153.0,MAY,0.0,,0
400153.0,JUNE,0.0,,0
400153.0,JULY,0.0,,0
400154.0,APRIL,0.0,,0
400154.0,MAY,0.0,,0
400154.0,JUNE,0.0,,0
400154.0,JULY,0.0,,0
400155.0,APRIL,0.0,,0
400155.0,MAY,0.0,,0
400155.0,JUNE,0.0,,0
400155.0,JULY,0.0,,0
400156.0,APRIL,0.0,,0
400156.0,MAY,0.0,,0
400156.0,JUNE,0.0,,0
400156.0,JULY,0.0,,0
400160.0,APRIL,0.0,4018.0,1
400160.0,MAY,0.0,4018.0,1
400160.0,JUNE,0.0,4018.0,1
400160.0,JULY,0.0,4018.0,1
400162.0,APRIL,0.0,1461.0,1
400162.0,MAY,0.0,1461.0,1
400162.0,JUNE,0.0,1461.0,1
400162.0,JULY,0.0,1461.0,1
400165.0,APRIL,0.0,,0
400165.0,MAY,0.0,,0
400165.0,JUNE,0.0,,0
400165.0,JULY,0.0,,0
400166.0,APRIL,0.0,,0
400166.0,MAY,0.0,,0
400166.0,JUNE,0.0,,0
400166.0,JULY,0.0,,0
400167.0,APRIL,0.0,9.0,1
400167.0,MAY,0.0,9.0,1
400167.0,JUNE,0.0,9.0,1
400167.0,JULY,0.0,9.0,1
400168.0,APRIL,27.95271115152893,730.0,1
400168.0,MAY,27.95271115152893,732.0,1
400168.0,JUNE,27.95271115152893,732.0,1
400168.0,JULY,27.95271115152893,732.0,1
400169.0,APRIL,33.974612934408825,369.0,1
400169.0,MAY,33.974612934408825,369.0,1
400169.0,JUNE,33.974612934408825,369.0,1
400169.0,JULY,33.974612934408825,372.0,1
400171.0,APRIL,0.0,1106.0,1
400171.0,MAY,0.0,1106.0,1
400171.0,JUNE,0.0,1106.0,1
400171.0,JULY,0.0,1106.0,1
400172.0,APRIL,0.0,730.0,1
400172.0,MAY,0.0,730.0,1
400172.0,JUNE,0.0,730.0,1
400172.0,JULY,0.0,730.0,1
400173.0,APRIL,0.0,1461.0,1
400173.0,MAY,0.0,1461.0,1
400173.0,JUNE,0.0,1461.0,1
400173.0,JULY,0.0,1461.0,1
400174.0,APRIL,69.4664461658978,3648.0,1
400174.0,MAY,69.4664461658978,3648.0,1
400174.0,JUNE,69.4664461658978,-4.0,0
400174.0,JULY,69.4664461658978,-4.0,0
400177.0,APRIL,0.0,365.0,1
400177.0,MAY,0.0,365.0,1
400177.0,JUNE,0.0,730.0,1
400177.0,JULY,0.0,730.0,1
400178.0,APRIL,0.0,,0
400178.0,MAY,0.0,,0
400178.0,JUNE,0.0,,0
400178.0,JULY,0.0,,0
400180.0,APRIL,0.0,1461.0,1
400180.0,MAY,0.0,1461.0,1
400180.0,JUNE,0.0,1461.0,1
400180.0,JULY,0.0,1461.0,1
400181.0,APRIL,-0.0019893371528588574,,0
400181.0,MAY,-0.0019893371528588574,,0
400181.0,JUNE,-0.0019893371528588574,,0
400181.0,JULY,-0.0019893371528588574,,0
400182.0,APRIL,-0.0018685302141318633,1096.0,1
400183.0,APRIL,0.0,,0
400183.0,MAY,0.0,,0
400183.0,JUNE,0.0,,0
400183.0,JULY,0.0,,0
400185.0,APRIL,-27.42713745768573,,0
400185.0,MAY,-27.42713745768573,,0
400185.0,JUNE,-27.42713745768573,,0
400185.0,JULY,-27.42713745768573,,0
400186.0,APRIL,-0.0013349708976332173,,0
400186.0,MAY,-0.0013349708976332173,,0
400186.0,JUNE,-0.0013349708976332173,,0
400186.0,JULY,-0.0013349708976332173,,0
400187.0,APRIL,0.0,,0
400187.0,MAY,0.0,,0
400187.0,JUNE,0.0,,0
400187.0,JULY,0.0,,0
400188.0,APRIL,-0.0273972602739726,0.0,0
400188.0,MAY,-0.0273972602739726,0.0,0
400188.0,JUNE,-0.0273972602739726,0.0,0
400188.0,JULY,-0.0273972602739726,0.0,0
400192.0,APRIL,0.0,0.0,0
400192.0,MAY,0.0,0.0,0
400192.0,JUNE,0.0,0.0,0
400192.0,JULY,0.0,7.0,1
400203.0,APRIL,44.61517476960303,-4.0,0
400203.0,MAY,44.61517476960303,-4.0,0
400203.0,JUNE,44.61517476960303,-4.0,0
400203.0,JULY,44.61517476960303,-4.0,0
400204.0,APRIL,0.0,0.0,0
400204.0,MAY,0.0,0.0,0
400204.0,JUNE,0.0,0.0,0
400204.0,JULY,0.0,0.0,0
400205.0,APRIL,0.0,0.0,0
400205.0,MAY,0.0,0.0,0
400205.0,JUNE,0.0,0.0,0
400205.0,JULY,0.0,0.0,0
400220.0,APRIL,24.322749590834693,2925.0,1
400220.0,MAY,24.322749590834693,2925.0,1
400220.0,JUNE,24.322749590834693,2925.0,1
400220.0,JULY,24.322749590834693,2925.0,1
400223.0,APRIL,37.58765778401122,365.0,1
400223.0,MAY,37.58765778401122,365.0,1
400223.0,JUNE,37.58765778401122,365.0,1
400223.0,JULY,145.2384291725105,1095.0,1
400231.0,APRIL,0.00014698878769848307,,0
400231.0,MAY,0.00014698878769848307,,0
400231.0,JUNE,0.00014698878769848307,,0
400231.0,JULY,0.0,,0
400232.0,APRIL,0.0,0.0,0
400232.0,MAY,0.0,0.0,0
400232.0,JUNE,0.0,0.0,0
400232.0,JULY,-0.16498316498316803,0.0,0
400247.0,APRIL,0.0,366.0,1
400247.0,MAY,0.0,366.0,1
400247.0,JUNE,0.0,366.0,1
400247.0,JULY,115.39099999999998,366.0,1
400253.0,APRIL,38.8696647928378,365.0,1
400253.0,MAY,38.8696647928378,365.0,1
400253.0,JUNE,38.8696647928378,365.0,1
400254.0,APRIL,0.0,1087.0,1
400254.0,MAY,0.0,1087.0,1
400254.0,JUNE,0.0,1087.0,1
400254.0,JULY,9.147170837867247,1087.0,1
400259.0,APRIL,26.355451391708932,2184.0,1
400261.0,APRIL,8.752946218127276,1460.0,1
400261.0,MAY,8.752946218127276,1462.0,1
400261.0,JUNE,8.752946218127276,1462.0,1
400261.0,JULY,8.752946218127276,1462.0,1
400271.0,APRIL,0.0,374.0,1
400271.0,MAY,0.0,374.0,1
400271.0,JUNE,0.0,374.0,1
400273.0,APRIL,29.68881412952061,2556.0,1
400273.0,MAY,29.68881412952061,2556.0,1
400273.0,JUNE,29.68881412952061,2556.0,1
400273.0,JULY,58.01682085786375,2556.0,1
400275.0,APRIL,0.0,1089.0,1
400275.0,MAY,0.0,1089.0,1
400275.0,JUNE,0.0,1089.0,1
400275.0,JULY,0.009363811622146669,4377.0,1
400277.0,APRIL,0.0,730.0,1
400277.0,MAY,0.0,730.0,1
400277.0,JUNE,0.0,730.0,1
400280.0,APRIL,0.0013623978201622487,2.0,1
400280.0,MAY,0.0013623978201622487,2.0,1
400280.0,JUNE,0.0013623978201622487,2.0,1
400280.0,JULY,0.0013623978201622487,2.0,1
400291.0,APRIL,13.152926368785401,2558.0,1
400291.0,MAY,13.152926368785401,2558.0,1
400291.0,JUNE,13.152926368785401,2558.0,1
400291.0,JULY,13.152926368785401,2558.0,1
400298.0,APRIL,156.5743944636678,363.0,1
400298.0,MAY,156.5743944636678,363.0,1
400298.0,JUNE,156.5743944636678,363.0,1
400298.0,JULY,155.45112456747404,363.0,1
400299.0,APRIL,41.981897175959446,367.0,1
400299.0,MAY,41.981897175959446,373.0,1
400299.0,JUNE,41.981897175959446,373.0,1
400299.0,JULY,41.981897175959446,373.0,1
400301.0,APRIL,155.45722713864308,3294.0,1
400301.0,MAY,155.45722713864308,3294.0,1
400301.0,JUNE,155.45722713864308,3294.0,1
400301.0,JULY,155.45722713864308,3294.0,1
400312.0,APRIL,0.0,,0
400312.0,MAY,0.0,,0
400312.0,JUNE,0.0,,0
400312.0,JULY,0.0,,0
400315.0,APRIL,0.0,,0
400315.0,MAY,0.0,,0
400315.0,JUNE,0.0,,0
400315.0,JULY,0.0,,0
400321.0,APRIL,0.0,1095.0,1
400321.0,MAY,0.0,1095.0,1
400321.0,JUNE,0.0,1095.0,1
400321.0,JULY,0.0,1095.0,1
400352.0,APRIL,0.0,,0
400352.0,MAY,0.0,,0
400352.0,JUNE,0.0,,0
400352.0,JULY,0.0,,0
400353.0,APRIL,0.0,,0
400353.0,MAY,0.0,,0
400353.0,JUNE,0.0,,0
400353.0,JULY,0.0,,0
400354.0,APRIL,0.0,,0
400354.0,MAY,0.0,,0
400354.0,JUNE,0.0,,0
400354.0,JULY,0.0,,0
400369.0,APRIL,0.0,1096.0,1
400369.0,MAY,0.0,1096.0,1
400369.0,JUNE,0.0,1096.0,1
400369.0,JULY,0.0,1096.0,1
400382.0,APRIL,0.0,,0
400382.0,MAY,0.0,,0
400382.0,JUNE,0.0,,0
400392.0,APRIL,0.0,,0
400392.0,MAY,0.0,,0
400392.0,JUNE,0.0,,0
400392.0,JULY,0.0,,0
400416.0,APRIL,42.49183169967326,365.0,1
400416.0,MAY,42.49183169967326,730.0,1
400416.0,JUNE,42.49183169967326,730.0,1
400416.0,JULY,42.49183169967326,730.0,1
400424.0,APRIL,0.0,1461.0,1
400424.0,MAY,0.0,1461.0,1
400424.0,JUNE,0.0,1461.0,1
400424.0,JULY,0.0,1461.0,1
400425.0,APRIL,0.0,2562.0,1
400425.0,MAY,0.0,2562.0,1
400425.0,JUNE,0.0,2563.0,1
400425.0,JULY,0.0,2563.0,1
400426.0,APRIL,104.70167424421987,3287.0,1
400426.0,MAY,104.70167424421987,3287.0,1
400426.0,JUNE,104.70167424421987,3287.0,1
400426.0,JULY,104.70167424421987,3287.0,1
425828.0,JULY,0.0,,0
437130.0,JULY,0.0,,0
462136.0,JULY,0.0,,0
476006.0,JULY,0.0,,0
478482.0,JULY,0.0,,0
505491.0,JULY,0.0,,0
547243.0,JULY,0.0,,0
589703.0,JULY,0.0,,0
601812.0,APRIL,0.0,,0
601812.0,MAY,0.0,,0
601812.0,JUNE,0.0,,0
601812.0,JULY,0.0,,0
602096.0,APRIL,314.86286320686423,5840.0,1
602096.0,MAY,314.86286320686423,5840.0,1
602096.0,JUNE,314.86286320686423,5840.0,1
602096.0,JULY,314.86349960940794,6203.0,1
602098.0,APRIL,17.880592097521948,736.0,1
602098.0,MAY,17.880592097521948,736.0,1
602098.0,JUNE,17.880592097521948,736.0,1
602098.0,JULY,17.880592097521948,736.0,1
602099.0,APRIL,15.864563960153877,1091.0,1
602099.0,MAY,15.864563960153877,1092.0,1
602099.0,JUNE,15.864563960153877,1092.0,1
602099.0,JULY,15.864563960153877,1094.0,1
602181.0,APRIL,0.0,1105.0,1
602181.0,MAY,0.0,1105.0,1
602181.0,JUNE,0.0,1105.0,1
602181.0,JULY,0.0,1833.0,1
602182.0,APRIL,3.137118099645935e-05,0.0,0
602182.0,MAY,3.137118099645935e-05,0.0,0
602182.0,JUNE,3.137118099645935e-05,0.0,0
602182.0,JULY,0.0,0.0,0
602184.0,APRIL,107.37277832455278,3647.0,1
602184.0,MAY,107.37277832455278,3647.0,1
602184.0,JUNE,107.37277832455278,3647.0,1
602184.0,JULY,107.37277832455278,3653.0,1
602185.0,APRIL,266.2625923438549,5845.0,1
602185.0,MAY,266.2625923438549,5848.0,1
602185.0,JUNE,266.2625923438549,5845.0,1
602185.0,JULY,266.2625923438549,5848.0,1
602195.0,APRIL,65.91967049619853,1823.0,1
602195.0,MAY,65.91967049619853,2185.0,1
602195.0,JUNE,65.91967049619853,2185.0,1
602195.0,JULY,65.91967049619853,2185.0,1
602223.0,APRIL,92.0175331586187,3278.0,1
602223.0,MAY,92.0175331586187,3278.0,1
602223.0,JUNE,92.0175331586187,3278.0,1
602223.0,JULY,92.0175331586187,3278.0,1
602525.0,APRIL,56.90103203601525,2200.0,1
602525.0,MAY,56.90103203601525,2200.0,1
602525.0,JUNE,56.90103203601525,2200.0,1
602525.0,JULY,56.90103203601525,2200.0,1
602532.0,APRIL,26.15478625521563,1099.0,1
602532.0,MAY,26.15478625521563,1099.0,1
602532.0,JUNE,26.15478625521563,1099.0,1
602532.0,JULY,26.15478625521563,1099.0,1
602535.0,APRIL,0.0,739.0,1
602535.0,MAY,0.0,739.0,1
602535.0,JUNE,0.0,739.0,1
602535.0,JULY,0.0,739.0,1
602538.0,APRIL,6.653809064609451,735.0,1
602538.0,MAY,6.653809064609451,735.0,1
602538.0,JUNE,6.653809064609451,735.0,1
602538.0,JULY,6.653809064609451,739.0,1
602579.0,APRIL,31.77968577720855,735.0,1
602579.0,MAY,31.77968577720855,735.0,1
602579.0,JUNE,31.77968577720855,735.0,1
602579.0,JULY,31.779302602046723,735.0,1
602582.0,APRIL,126.9299533409887,722.0,1
602582.0,MAY,126.9299533409887,722.0,1
602582.0,JUNE,126.9299533409887,722.0,1
602582.0,JULY,156.30623428347164,722.0,1
602593.0,APRIL,158.57414280664548,,0
602593.0,MAY,158.57414280664548,,0
602593.0,JUNE,158.57414280664548,,0
602593.0,JULY,139.99812212796044,1465.0,1
602792.0,APRIL,0.0,369.0,1
602792.0,MAY,0.0,369.0,1
602792.0,JUNE,0.0,369.0,1
602792.0,JULY,0.0,369.0,1
602797.0,APRIL,0.0,0.0,0
602797.0,MAY,0.0,0.0,0
602797.0,JUNE,0.0,0.0,0
602797.0,JULY,72.84897322589032,0.0,0
602961.0,APRIL,5.903957783641161,363.0,1
602961.0,MAY,5.903957783641161,365.0,1
602961.0,JUNE,5.903957783641161,365.0,1
602961.0,JULY,5.903957783641161,365.0,1
603210.0,MAY,0.0,,0
603210.0,JUNE,0.0,,0
603210.0,JULY,0.0,,0
603293.0,APRIL,56.17529880478087,-10924.0,0
603293.0,MAY,56.17529880478087,-10924.0,0
603293.0,JUNE,56.17529880478087,-10924.0,0
603293.0,JULY,56.17529880478087,-10924.0,0
603945.0,APRIL,427.3177786007796,2551.0,1
603945.0,MAY,427.3177786007796,2551.0,1
603945.0,JUNE,427.3177786007796,2551.0,1
603945.0,JULY,427.3177786007796,2551.0,1
604791.0,APRIL,81.90198932557011,1092.0,1
604791.0,MAY,104.6983664887595,1092.0,1
604791.0,JUNE,104.6983664887595,1092.0,1
604791.0,JULY,104.6983664887595,1092.0,1
604795.0,APRIL,15.117162761241293,1099.0,1
604795.0,MAY,15.117162761241293,1099.0,1
604795.0,JUNE,15.117162761241293,1099.0,1
604795.0,JULY,15.117162761241293,,0
604833.0,APRIL,38.500088857295175,366.0,1
604833.0,MAY,38.500088857295175,366.0,1
604833.0,JUNE,38.500088857295175,366.0,1
604833.0,JULY,38.500088857295175,731.0,1
604852.0,APRIL,0.0,0.0,0
604852.0,MAY,0.0,0.0,0
604852.0,JUNE,0.0,0.0,0
604852.0,JULY,0.0,,0
604853.0,APRIL,40.231557359089194,1459.0,1
604853.0,MAY,40.231557359089194,1821.0,1
604853.0,JUNE,40.231557359089194,1821.0,1
604853.0,JULY,40.231557359089194,1821.0,1
604859.0,APRIL,-14.646867077145961,738.0,1
604859.0,MAY,-14.646867077145961,738.0,1
604859.0,JUNE,-14.646867077145961,738.0,1
604859.0,JULY,-14.646867077145961,738.0,1
604863.0,APRIL,6.44750329477229,2196.0,1
604863.0,MAY,6.44750329477229,2196.0,1
604863.0,JUNE,6.44750329477229,2196.0,1
604863.0,JULY,6.44750329477229,2202.0,1
605155.0,APRIL,0.0,722.0,1
605155.0,MAY,0.0,722.0,1
605155.0,JUNE,0.0,722.0,1
605155.0,JULY,0.0,722.0,1
605156.0,APRIL,94.83421969753488,373.0,1
605156.0,MAY,94.83421969753488,737.0,1
605156.0,JUNE,94.83421969753488,737.0,1
605156.0,JULY,94.83421969753488,737.0,1
605292.0,APRIL,0.0,1099.0,1
605292.0,MAY,0.0,1101.0,1
605292.0,JUNE,0.0,1101.0,1
605292.0,JULY,11.067727024776783,1101.0,1
606013.0,APRIL,0.0,725.0,1
606013.0,MAY,0.0,725.0,1
606013.0,JUNE,0.0,725.0,1
606013.0,JULY,0.0,725.0,1
606112.0,APRIL,0.0,732.0,1
606112.0,MAY,0.0,732.0,1
606112.0,JUNE,0.0,732.0,1
606112.0,JULY,0.0,732.0,1
606431.0,APRIL,20.959809230463513,1461.0,1
606431.0,MAY,20.959809230463513,1461.0,1
606431.0,JUNE,20.959809230463513,1461.0,1
606431.0,JULY,20.959809230463513,1461.0,1
606479.0,APRIL,0.0,1455.0,1
606479.0,MAY,0.0,1455.0,1
606479.0,JUNE,0.0,1455.0,1
606479.0,JULY,0.0,1824.0,1
607653.0,APRIL,0.0,,0
607653.0,MAY,0.0,1092.0,1
607653.0,JUNE,0.0,1092.0,1
607653.0,JULY,0.0,1092.0,1
607701.0,APRIL,39.94664079553723,1091.0,1
607709.0,APRIL,31.08134282075311,3278.0,1
607709.0,MAY,31.08134282075311,3278.0,1
607709.0,JUNE,31.08134282075311,3278.0,1
607709.0,JULY,31.08134282075311,3278.0,1
609019.0,APRIL,-11.600000000000001,1096.0,1
609019.0,MAY,-11.600000000000001,1096.0,1
609019.0,JUNE,-11.600000000000001,1096.0,1
609019.0,JULY,-11.600000000000001,1105.0,1
609424.0,APRIL,0.0,6.0,1
609424.0,MAY,0.0,6.0,1
609424.0,JUNE,0.0,6.0,1
609424.0,JULY,0.0,6.0,1
609736.0,APRIL,0.0,367.0,1
609736.0,MAY,0.0,367.0,1
609736.0,JUNE,11.99770744443737,367.0,1
609736.0,JULY,8.43469400751449,374.0,1
609996.0,APRIL,0.0,722.0,1
609996.0,MAY,0.0,722.0,1
609996.0,JUNE,0.0,722.0,1
609996.0,JULY,0.0,722.0,1
610315.0,APRIL,-31.41818240978752,1829.0,1
610315.0,MAY,-31.41818240978752,1832.0,1
610315.0,JUNE,-31.41818240978752,1829.0,1
610315.0,JULY,-31.41818240978752,1829.0,1
610984.0,APRIL,0.0,735.0,1
610984.0,MAY,0.0,737.0,1
610984.0,JUNE,0.0,737.0,1
610984.0,JULY,0.0,739.0,1
611016.0,APRIL,0.0,2188.0,1
611017.0,APRIL,0.0,2930.0,1
611047.0,APRIL,0.0,5.0,1
611047.0,MAY,0.0,5.0,1
611047.0,JUNE,0.0,5.0,1
611047.0,JULY,0.0,5.0,1
611452.0,APRIL,0.0,365.0,1
611452.0,MAY,0.0,365.0,1
611452.0,JUNE,0.0,365.0,1
611495.0,APRIL,0.0,-2.0,0
611495.0,MAY,0.0,0.0,0
611495.0,JUNE,0.0,0.0,0
611495.0,JULY,0.0,0.0,0
611509.0,APRIL,0.0,,0
611509.0,MAY,0.0,,0
611509.0,JUNE,0.0,,0
611509.0,JULY,0.0,,0
611570.0,APRIL,0.0,364.0,1
611570.0,MAY,0.0,364.0,1
611570.0,JUNE,0.0,364.0,1
611570.0,JULY,0.0,364.0,1
611586.0,APRIL,88.40509311496226,374.0,1
611586.0,MAY,88.40509311496226,374.0,1
611586.0,JUNE,88.40509311496226,374.0,1
611586.0,JULY,74.23876749371773,374.0,1
611602.0,APRIL,0.0,370.0,1
611602.0,MAY,0.0,370.0,1
611602.0,JUNE,0.0,370.0,1
611602.0,JULY,0.0,370.0,1
611669.0,APRIL,0.0,365.0,1
611669.0,MAY,0.0,365.0,1
611669.0,JUNE,0.0,365.0,1
611669.0,JULY,0.0,365.0,1
611698.0,APRIL,0.0,,0
611698.0,MAY,0.0,,0
611698.0,JUNE,0.0,,0
611698.0,JULY,0.0,,0
611699.0,APRIL,0.0,,0
611699.0,MAY,0.0,,0
611699.0,JUNE,0.0,,0
611699.0,JULY,0.0,,0
611716.0,APRIL,0.0,,0
611716.0,MAY,0.0,,0
611716.0,JUNE,0.0,,0
611716.0,JULY,0.0,,0
611735.0,APRIL,0.0,374.0,1
611735.0,MAY,0.0,374.0,1
611735.0,JUNE,0.0,374.0,1
611735.0,JULY,0.0,374.0,1
611751.0,APRIL,0.0,,0
611751.0,MAY,0.0,,0
611751.0,JUNE,0.0,,0
611751.0,JULY,0.0,,0
611752.0,APRIL,0.0,0.0,0
611752.0,MAY,0.0,0.0,0
611752.0,JULY,0.0,0.0,0
611754.0,APRIL,0.0,,0
611754.0,MAY,0.0,,0
611754.0,JUNE,0.0,,0
611754.0,JULY,0.0,,0
611855.0,APRIL,0.0,,0
611855.0,MAY,0.0,,0
611855.0,JUNE,0.0,,0
611855.0,JULY,13.52846468232672,,0
611861.0,APRIL,0.0,0.0,0
611861.0,MAY,0.0,0.0,0
611861.0,JUNE,0.0,0.0,0
611864.0,APRIL,0.0,,0
611864.0,MAY,0.0,,0
611864.0,JUNE,0.0,,0
611864.0,JULY,0.0,,0
611884.0,APRIL,0.0,0.0,0
611884.0,MAY,0.0,0.0,0
611884.0,JUNE,0.0,0.0,0
611884.0,JULY,0.0,361.0,1
611917.0,APRIL,73.50514050719671,374.0,1
611917.0,MAY,73.50514050719671,374.0,1
611917.0,JUNE,73.50514050719671,374.0,1
611917.0,JULY,73.50514050719671,374.0,1
611918.0,APRIL,0.0,,0
611918.0,MAY,0.0,,0
611918.0,JUNE,0.0,,0
611918.0,JULY,0.0,,0
611927.0,APRIL,0.0,,0
611927.0,MAY,0.0,,0
611927.0,JUNE,0.0,,0
611927.0,JULY,0.0,,0
611929.0,APRIL,0.0,,0
611929.0,MAY,0.0,,0
611929.0,JUNE,0.0,,0
611929.0,JULY,0.0,,0
611930.0,APRIL,3.708950418544752,3.0,1
611930.0,MAY,3.708950418544752,5.0,1
611930.0,JUNE,3.708950418544752,5.0,1
611930.0,JULY,3.708950418544752,5.0,1
611943.0,APRIL,0.0,1.0,1
611943.0,MAY,0.0,1.0,1
611943.0,JUNE,0.0,1.0,1
611943.0,JULY,0.0,1.0,1
611945.0,APRIL,0.0,0.0,0
611945.0,MAY,0.0,0.0,0
611945.0,JUNE,0.0,0.0,0
611945.0,JULY,0.0032561622871254293,0.0,0
611947.0,APRIL,0.0,365.0,1
611948.0,APRIL,0.0,367.0,1
611948.0,MAY,0.0,367.0,1
611949.0,APRIL,0.0,366.0,1
611949.0,MAY,0.0,366.0,1
611949.0,JUNE,0.0,366.0,1
611949.0,JULY,0.0,369.0,1
611957.0,APRIL,0.0,,0
611957.0,MAY,0.0,,0
611957.0,JUNE,0.0,,0
611957.0,JULY,0.0,,0
611961.0,APRIL,0.0,,0
611961.0,MAY,0.0,,0
611961.0,JUNE,0.0,,0
611961.0,JULY,0.0,,0
611963.0,APRIL,0.0,,0
611963.0,MAY,0.0,,0
611963.0,JUNE,0.0,,0
611963.0,JULY,0.0,,0
611966.0,APRIL,0.0,362.0,1
611966.0,MAY,0.0,363.0,1
611966.0,JUNE,0.0,363.0,1
611967.0,APRIL,0.0,361.0,1
611967.0,MAY,0.0,361.0,1
611970.0,APRIL,0.0,0.0,0
611970.0,MAY,0.0,0.0,0
611970.0,JUNE,0.0,0.0,0
611970.0,JULY,0.0,0.0,0
611971.0,APRIL,-0.01999999999999805,0.0,0
611971.0,MAY,-0.01999999999999805,0.0,0
611971.0,JUNE,-0.01999999999999805,0.0,0
611971.0,JULY,-0.01999999999999805,0.0,0
611974.0,APRIL,0.0,365.0,1
611974.0,MAY,0.0,365.0,1
611974.0,JUNE,0.0,365.0,1
611974.0,JULY,0.0,365.0,1
611977.0,APRIL,0.0,,0
611977.0,MAY,0.0,,0
611977.0,JUNE,0.0,,0
611978.0,APRIL,0.0,,0
611978.0,MAY,0.0,,0
611978.0,JUNE,0.0,,0
611979.0,APRIL,0.0,364.0,1
611979.0,MAY,0.0,364.0,1
611979.0,JUNE,0.0,364.0,1
612066.0,MAY,0.0,,0
612066.0,JUNE,0.0,,0
612066.0,JULY,0.0,,0
612068.0,MAY,0.0,,0
612068.0,JUNE,0.0,,0
612068.0,JULY,0.0,,0
612072.0,APRIL,0.0,369.0,1
612072.0,MAY,0.0,369.0,1
612072.0,JUNE,0.0,369.0,1
612072.0,JULY,0.0,369.0,1
612096.0,APRIL,-2.268817204301081,0.0,0
612096.0,MAY,-2.268817204301081,0.0,0
612096.0,JUNE,-2.268817204301081,0.0,0
612096.0,JULY,-2.268817204301081,0.0,0
612128.0,APRIL,0.0,4.0,1
612128.0,MAY,0.0,4.0,1
612128.0,JUNE,0.0,4.0,1
612128.0,JULY,0.0,6.0,1
612132.0,APRIL,0.0,366.0,1
612132.0,MAY,0.0,366.0,1
612132.0,JUNE,0.0,366.0,1
612132.0,JULY,0.0,725.0,1
612133.0,APRIL,0.0,365.0,1
612133.0,MAY,0.0,365.0,1
612133.0,JUNE,0.0,365.0,1
612133.0,JULY,0.0,722.0,1
612134.0,APRIL,0.0,365.0,1
612134.0,MAY,0.0,365.0,1
612134.0,JUNE,0.0,365.0,1
612134.0,JULY,0.0,722.0,1
612138.0,APRIL,0.0,4.0,1
612138.0,MAY,0.0,6.0,1
612138.0,JUNE,0.0,6.0,1
612138.0,JULY,0.0,6.0,1
612139.0,APRIL,0.0,365.0,1
612139.0,MAY,0.0,365.0,1
612139.0,JUNE,0.0,365.0,1
612139.0,JULY,0.0,365.0,1
612140.0,APRIL,0.0,362.0,1
612140.0,MAY,0.0,362.0,1
612140.0,JUNE,0.0,362.0,1
612140.0,JULY,0.0,362.0,1
612142.0,APRIL,0.0,,0
612142.0,MAY,0.0,,0
612142.0,JUNE,0.0,,0
612142.0,JULY,0.0,,0
612167.0,APRIL,0.0,358.0,1
612167.0,MAY,0.0,361.0,1
612167.0,JUNE,0.0,361.0,1
612167.0,JULY,0.0,363.0,1
612183.0,APRIL,0.0,,0
612183.0,MAY,0.0,,0
612183.0,JUNE,0.0,,0
612183.0,JULY,0.0,,0
612186.0,APRIL,0.0,367.0,1
612186.0,MAY,0.0,367.0,1
612186.0,JUNE,0.0,367.0,1
612186.0,JULY,0.0,367.0,1
612188.0,APRIL,0.0,364.0,1
612194.0,APRIL,0.0,4.0,1
612194.0,MAY,0.0,4.0,1
612194.0,JUNE,0.0,4.0,1
612194.0,JULY,0.0,4.0,1
612201.0,APRIL,8.0430077497731,367.0,1
612211.0,APRIL,0.0,366.0,1
612211.0,MAY,0.0,366.0,1
612211.0,JUNE,0.0,366.0,1
612211.0,JULY,0.0,366.0,1
612213.0,APRIL,0.9080182629661836,366.0,1
612213.0,MAY,0.9080182629661836,366.0,1
612213.0,JUNE,0.9080182629661836,366.0,1
612213.0,JULY,0.9080182629661836,366.0,1
612259.0,APRIL,190.65429687499997,724.0,1
612259.0,MAY,190.65429687499997,728.0,1
612259.0,JUNE,190.65429687499997,728.0,1
612259.0,JULY,190.65429687499997,728.0,1
612513.0,APRIL,0.0,,0
612513.0,MAY,0.0,,0
612513.0,JUNE,0.0,,0
612513.0,JULY,0.0,,0
612745.0,APRIL,0.0,4.0,1
612745.0,MAY,0.0,4.0,1
612745.0,JUNE,0.0,4.0,1
612745.0,JULY,0.0,4.0,1
612748.0,APRIL,0.0,,0
612748.0,MAY,0.0,,0
612748.0,JUNE,0.0,,0
612748.0,JULY,0.0,,0
612781.0,APRIL,0.0,362.0,1
612781.0,MAY,0.0,362.0,1
612781.0,JUNE,0.0,362.0,1
612781.0,JULY,0.0,0.0,0
612786.0,APRIL,0.0,6.0,1
612786.0,MAY,0.0,6.0,1
612786.0,JUNE,0.0,6.0,1
612786.0,JULY,0.0,8.0,1
612787.0,APRIL,0.0,5.0,1
612787.0,MAY,0.0,5.0,1
612787.0,JUNE,0.0,5.0,1
612787.0,JULY,0.0,8.0,1
612788.0,APRIL,0.0,4.0,1
612788.0,MAY,0.0,4.0,1
612788.0,JUNE,0.0,4.0,1
612788.0,JULY,0.0,6.0,1
612789.0,APRIL,0.0,368.0,1
612789.0,MAY,0.0,368.0,1
612789.0,JUNE,0.0,368.0,1
612789.0,JULY,0.0,368.0,1
612790.0,APRIL,0.0,363.0,1
612790.0,MAY,0.0,363.0,1
612790.0,JUNE,0.0,363.0,1
612790.0,JULY,0.0,363.0,1
612791.0,APRIL,0.0,363.0,1
612791.0,MAY,0.0,363.0,1
612791.0,JUNE,0.0,363.0,1
612791.0,JULY,0.0,363.0,1
612793.0,APRIL,0.0,365.0,1
612793.0,MAY,0.0,365.0,1
612793.0,JUNE,0.0,365.0,1
612793.0,JULY,0.0,365.0,1
612815.0,APRIL,0.0,,0
612815.0,MAY,0.0,,0
612815.0,JUNE,0.0,,0
612815.0,JULY,0.0,,0
612816.0,APRIL,0.0,,0
612816.0,MAY,0.0,,0
612816.0,JUNE,0.0,,0
612816.0,JULY,0.0,,0
612819.0,APRIL,0.0,369.0,1
612827.0,APRIL,0.0,,0
612827.0,MAY,0.0,,0
612827.0,JUNE,0.0,,0
612827.0,JULY,0.0,,0
612834.0,APRIL,0.0,,0
612834.0,MAY,0.0,,0
612834.0,JUNE,0.0,,0
612834.0,JULY,0.0,,0
612845.0,APRIL,0.0,,0
612845.0,MAY,0.0,,0
612845.0,JUNE,0.0,,0
612845.0,JULY,119.1586681878605,,0
612851.0,APRIL,0.8785870640798844,357.0,1
612851.0,MAY,0.8785870640798844,357.0,1
612851.0,JUNE,0.8785870640798844,357.0,1
612851.0,JULY,0.8785870640798844,357.0,1
612853.0,APRIL,0.0,0.0,0
612853.0,MAY,0.0,0.0,0
612853.0,JUNE,0.0,0.0,0
612853.0,JULY,0.0,,0
612855.0,APRIL,0.0,1.0,1
612855.0,MAY,0.0,1.0,1
612855.0,JUNE,0.0,1.0,1
612855.0,JULY,0.0,4.0,1
612876.0,APRIL,0.0,-2566.0,0
612876.0,MAY,0.0,-2566.0,0
612876.0,JUNE,0.0,-2566.0,0
612876.0,JULY,0.0,-2566.0,0
612877.0,APRIL,-11.967525956593459,724.0,1
612877.0,MAY,-11.967525956593459,724.0,1
612877.0,JUNE,-11.967525956593459,724.0,1
612877.0,JULY,-11.967525956593459,724.0,1
612878.0,APRIL,0.0,,0
612878.0,MAY,0.0,,0
612878.0,JUNE,0.0,,0
612878.0,JULY,0.0,,0
612883.0,APRIL,-10.936770881941204,-720.0,0
612883.0,MAY,-10.936770881941204,-720.0,0
612883.0,JUNE,-10.936770881941204,-720.0,0
612883.0,JULY,-10.936770881941204,-720.0,0
612885.0,APRIL,-13.10765995308582,1468.0,1
612885.0,MAY,-13.10765995308582,1468.0,1
612885.0,JUNE,-13.10765995308582,1468.0,1
612885.0,JULY,-13.10765995308582,1468.0,1
612894.0,APRIL,19.235653623303435,723.0,1
612894.0,MAY,19.235653623303435,723.0,1
612894.0,JUNE,19.235653623303435,723.0,1
612894.0,JULY,19.235653623303435,723.0,1
612898.0,APRIL,0.0,-731.0,0
612898.0,MAY,0.0,-731.0,0
612898.0,JUNE,0.0,-731.0,0
612898.0,JULY,0.0,-731.0,0
612916.0,APRIL,0.0,365.0,1
612916.0,MAY,0.0,365.0,1
612916.0,JUNE,0.0,365.0,1
612916.0,JULY,0.0,365.0,1
613002.0,APRIL,0.0,,0
613002.0,MAY,0.0,,0
613002.0,JUNE,0.0,,0
613002.0,JULY,0.0,,0
613008.0,APRIL,0.0,,0
613008.0,MAY,0.0,,0
613008.0,JUNE,0.0,,0
613008.0,JULY,0.0,,0
613013.0,APRIL,0.0,,0
613013.0,MAY,0.0,,0
613013.0,JUNE,0.0,,0
613013.0,JULY,0.0,,0
613015.0,APRIL,0.0,,0
613015.0,MAY,0.0,,0
613015.0,JUNE,0.0,,0
613015.0,JULY,0.0,,0
613785.0,APRIL,0.0,,0
613785.0,MAY,0.0,,0
613785.0,JUNE,0.0,,0
613786.0,APRIL,0.0,,0
613786.0,MAY,0.0,,0
613786.0,JUNE,0.0,,0
613787.0,APRIL,0.0,,0
613787.0,MAY,0.0,,0
613787.0,JUNE,0.0,,0
613787.0,JULY,0.0,,0
613793.0,APRIL,0.0,730.0,1
613793.0,MAY,0.0,730.0,1
613793.0,JUNE,0.0,730.0,1
613793.0,JULY,0.0,730.0,1
613794.0,APRIL,0.0,,0
613794.0,MAY,0.0,,0
613794.0,JUNE,0.0,,0
613794.0,JULY,0.0,,0
613798.0,APRIL,0.0,,0
613798.0,MAY,0.0,,0
613798.0,JUNE,0.0,,0
613798.0,JULY,0.0,,0
613799.0,APRIL,0.0,,0
613799.0,MAY,0.0,,0
613799.0,JUNE,0.0,,0
613799.0,JULY,0.0,,0
613800.0,APRIL,0.0,730.0,1
613800.0,MAY,0.0,730.0,1
613800.0,JUNE,0.0,730.0,1
613800.0,JULY,0.0,730.0,1
613801.0,APRIL,0.0,730.0,1
613801.0,MAY,0.0,730.0,1
613801.0,JUNE,0.0,730.0,1
613801.0,JULY,0.0,730.0,1
613802.0,APRIL,0.0,730.0,1
613802.0,MAY,0.0,730.0,1
613802.0,JUNE,0.0,730.0,1
613802.0,JULY,0.0,730.0,1
613803.0,APRIL,0.0,,0
613803.0,MAY,0.0,,0
613803.0,JUNE,0.0,,0
613803.0,JULY,0.0,,0
613804.0,APRIL,0.0,,0
613804.0,MAY,0.0,,0
613804.0,JUNE,0.0,,0
613804.0,JULY,0.0,,0
613808.0,APRIL,0.0,4391.0,1
613808.0,MAY,0.0,4391.0,1
613808.0,JUNE,0.0,4391.0,1
613808.0,JULY,0.0,4391.0,1
615183.0,APRIL,0.0,730.0,1
615183.0,MAY,0.0,730.0,1
615183.0,JUNE,0.0,730.0,1
615183.0,JULY,0.0,730.0,1
615184.0,APRIL,0.0,,0
615184.0,MAY,0.0,,0
615184.0,JUNE,0.0,,0
615184.0,JULY,0.0,,0
615185.0,APRIL,0.0,,0
615185.0,MAY,0.0,,0
615185.0,JUNE,0.0,,0
615185.0,JULY,0.0,,0
615186.0,APRIL,0.0,,0
615186.0,MAY,0.0,,0
615186.0,JUNE,0.0,365.0,1
615186.0,JULY,0.0,365.0,1
615187.0,APRIL,0.0,,0
615187.0,MAY,0.0,,0
615187.0,JUNE,0.0,,0
615187.0,JULY,0.0,,0
615188.0,APRIL,0.0,,0
615188.0,MAY,0.0,,0
615188.0,JUNE,0.0,,0
615188.0,JULY,0.0,,0
615189.0,APRIL,0.0,,0
615189.0,MAY,0.0,,0
615189.0,JUNE,0.0,365.0,1
615189.0,JULY,0.0,365.0,1
615190.0,APRIL,0.0,,0
615190.0,MAY,0.0,,0
615190.0,JUNE,0.0,,0
615190.0,JULY,0.0,,0
615191.0,APRIL,0.0,,0
615191.0,MAY,0.0,,0
615191.0,JUNE,0.0,,0
615191.0,JULY,0.0,,0
615192.0,APRIL,0.0,,0
615192.0,MAY,0.0,,0
615192.0,JUNE,0.0,365.0,1
615192.0,JULY,0.0,365.0,1
615193.0,APRIL,0.0,3653.0,1
615194.0,APRIL,0.0,,0
615194.0,MAY,0.0,,0
615194.0,JUNE,0.0,,0
615194.0,JULY,0.0,,0
615195.0,APRIL,0.0,,0
615195.0,MAY,0.0,,0
615195.0,JUNE,0.0,,0
615195.0,JULY,0.0,,0
615199.0,APRIL,0.0,,0
615199.0,MAY,0.0,,0
615199.0,JUNE,0.0,,0
615199.0,JULY,0.0,,0
615202.0,APRIL,3.3058823529411794,-9.0,0
615202.0,MAY,3.3058823529411794,-9.0,0
615202.0,JUNE,3.3058823529411794,-9.0,0
615202.0,JULY,3.3058823529411794,-9.0,0
615206.0,APRIL,0.0,,0
615206.0,MAY,0.0,,0
615206.0,JUNE,0.0,365.0,1
615206.0,JULY,0.0,365.0,1
615327.0,APRIL,0.0,9.0,1
615330.0,APRIL,0.0,,0
615330.0,MAY,0.0,,0
615330.0,JUNE,0.0,,0
615330.0,JULY,0.0,,0
615331.0,APRIL,0.0,,0
615331.0,MAY,0.0,,0
615331.0,JUNE,0.0,,0
615331.0,JULY,0.0,,0
615332.0,APRIL,0.0,360.0,1
615332.0,MAY,0.0,360.0,1
615332.0,JUNE,0.0,360.0,1
615332.0,JULY,0.0,360.0,1
615333.0,APRIL,0.0,4.0,1
615333.0,MAY,0.0,4.0,1
615333.0,JUNE,0.0,4.0,1
615333.0,JULY,0.0,4.0,1
615334.0,APRIL,0.0,361.0,1
615334.0,MAY,0.0,361.0,1
615334.0,JUNE,0.0,361.0,1
615334.0,JULY,0.0,361.0,1
615335.0,APRIL,0.0,360.0,1
615335.0,MAY,0.0,360.0,1
615335.0,JUNE,0.0,360.0,1
615335.0,JULY,0.0,360.0,1
615336.0,APRIL,0.0,10.0,1
615336.0,MAY,0.0,10.0,1
615336.0,JUNE,0.0,10.0,1
615336.0,JULY,0.0,10.0,1
615337.0,APRIL,0.0,7.0,1
615337.0,MAY,0.0,7.0,1
615337.0,JUNE,0.0,7.0,1
615337.0,JULY,0.0,7.0,1
615338.0,APRIL,0.0,360.0,1
615338.0,MAY,0.0,360.0,1
615338.0,JUNE,0.0,360.0,1
615338.0,JULY,0.0,360.0,1
615339.0,APRIL,0.0,358.0,1
615339.0,MAY,0.0,358.0,1
615339.0,JUNE,0.0,358.0,1
615339.0,JULY,0.0,358.0,1
615340.0,APRIL,0.0,360.0,1
615340.0,MAY,0.0,360.0,1
615340.0,JUNE,0.0,360.0,1
615340.0,JULY,0.0,357.0,1
615342.0,APRIL,0.0,362.0,1
615342.0,MAY,0.0,362.0,1
615342.0,JUNE,0.0,362.0,1
615342.0,JULY,0.0,362.0,1
615343.0,APRIL,0.0,,0
615343.0,MAY,0.0,,0
615343.0,JUNE,0.0,,0
615343.0,JULY,0.0,,0
615344.0,APRIL,0.0,361.0,1
615344.0,MAY,0.0,361.0,1
615344.0,JUNE,0.0,361.0,1
615344.0,JULY,0.0,361.0,1
615345.0,APRIL,0.0,365.0,1
615345.0,MAY,0.0,365.0,1
615345.0,JUNE,0.0,365.0,1
615345.0,JULY,0.0,365.0,1
615346.0,APRIL,0.0,359.0,1
615346.0,MAY,0.0,359.0,1
615346.0,JUNE,0.0,359.0,1
615346.0,JULY,0.0,359.0,1
615347.0,APRIL,0.0,,0
615347.0,MAY,0.0,,0
615347.0,JUNE,0.0,,0
615347.0,JULY,0.0,,0
615349.0,APRIL,0.0,,0
615349.0,MAY,0.0,,0
615349.0,JUNE,0.0,,0
615349.0,JULY,0.0,,0
615818.0,APRIL,0.0,730.0,1
615818.0,MAY,0.0,730.0,1
615818.0,JUNE,0.0,730.0,1
615818.0,JULY,0.0,730.0,1
615820.0,APRIL,0.0,,0
615820.0,MAY,0.0,,0
615820.0,JUNE,0.0,,0
615820.0,JULY,0.0,,0
615821.0,APRIL,0.0,,0
615821.0,MAY,0.0,,0
615821.0,JUNE,0.0,,0
615821.0,JULY,0.0,,0
615822.0,APRIL,0.0,,0
615822.0,MAY,0.0,,0
615822.0,JUNE,0.0,,0
615822.0,JULY,0.0,,0
615843.0,APRIL,0.0,730.0,1
615843.0,MAY,0.0,730.0,1
615843.0,JUNE,0.0,730.0,1
615843.0,JULY,0.0,730.0,1
615857.0,APRIL,0.0,,0
615857.0,MAY,0.0,,0
615857.0,JUNE,0.0,,0
615857.0,JULY,0.0,,0
615858.0,APRIL,0.0,,0
615858.0,MAY,0.0,,0
615858.0,JUNE,0.0,,0
615858.0,JULY,0.0,,0
615860.0,APRIL,0.0,365.0,1
615860.0,MAY,0.0,365.0,1
615860.0,JUNE,0.0,365.0,1
615860.0,JULY,0.0,365.0,1
615861.0,APRIL,0.0,365.0,1
615861.0,MAY,0.0,365.0,1
615861.0,JUNE,0.0,365.0,1
615861.0,JULY,0.0,365.0,1
615862.0,APRIL,0.0,,0
615862.0,MAY,0.0,,0
615862.0,JUNE,0.0,,0
615862.0,JULY,0.0,,0
615863.0,APRIL,0.0,,0
615863.0,MAY,0.0,,0
615863.0,JUNE,0.0,,0
615863.0,JULY,0.0,,0
615865.0,APRIL,0.0,365.0,1
615865.0,MAY,0.0,365.0,1
615865.0,JUNE,0.0,365.0,1
615865.0,JULY,0.0,365.0,1
615914.0,APRIL,0.0,,0
615914.0,MAY,0.0,,0
615914.0,JUNE,0.0,,0
615914.0,JULY,0.0,,0
615915.0,APRIL,0.0,,0
615915.0,MAY,0.0,8.0,1
615915.0,JUNE,0.0,8.0,1
615915.0,JULY,0.0,733.0,1
615916.0,APRIL,0.0,,0
615916.0,MAY,0.0,,0
615916.0,JUNE,0.0,,0
615916.0,JULY,0.0,,0
615917.0,APRIL,0.0,,0
615917.0,MAY,0.0,,0
615917.0,JUNE,0.0,,0
615917.0,JULY,0.0,,0
615918.0,APRIL,0.0,,0
615918.0,MAY,0.0,,0
615918.0,JUNE,0.0,,0
615918.0,JULY,0.0,,0
615919.0,APRIL,0.0,,0
615919.0,MAY,0.0,,0
615919.0,JUNE,0.0,,0
615919.0,JULY,0.0,,0
615982.0,APRIL,0.0,1461.0,1
615982.0,MAY,0.0,1461.0,1
615982.0,JUNE,0.0,1826.0,1
615982.0,JULY,0.0,1826.0,1
616044.0,APRIL,0.0,1826.0,1
616044.0,MAY,0.0,1826.0,1
616044.0,JUNE,0.0,2191.0,1
616044.0,JULY,0.0,2191.0,1
616050.0,APRIL,0.0,731.0,1
616050.0,MAY,0.0,731.0,1
616050.0,JUNE,0.0,1096.0,1
616050.0,JULY,0.0,1096.0,1
616221.0,MAY,0.0,,0
616221.0,JUNE,0.0,,0
616221.0,JULY,0.0,,0
616223.0,APRIL,0.0,731.0,1
616223.0,MAY,0.0,731.0,1
616223.0,JUNE,0.0,1096.0,1
616223.0,JULY,0.0,1096.0,1
616225.0,APRIL,0.0,,0
616225.0,MAY,0.0,,0
616225.0,JUNE,0.0,,0
616225.0,JULY,0.0,,0
616226.0,APRIL,0.0,,0
616226.0,MAY,0.0,,0
616226.0,JUNE,0.0,,0
616226.0,JULY,0.0,,0
616227.0,APRIL,0.0,,0
616227.0,MAY,0.0,,0
616227.0,JUNE,0.0,,0
616227.0,JULY,0.0,,0
616229.0,APRIL,0.0,,0
616229.0,MAY,0.0,,0
616229.0,JUNE,0.0,,0
616229.0,JULY,0.0,,0
616230.0,APRIL,0.0,,0
616230.0,MAY,0.0,,0
616230.0,JUNE,0.0,,0
616230.0,JULY,0.0,,0
616231.0,APRIL,0.0,,0
616231.0,MAY,0.0,,0
616231.0,JUNE,0.0,,0
616231.0,JULY,0.0,,0
616232.0,APRIL,0.0,,0
616232.0,MAY,0.0,,0
616232.0,JUNE,0.0,,0
616232.0,JULY,0.0,,0
616233.0,APRIL,0.0,,0
616233.0,MAY,0.0,,0
616233.0,JUNE,0.0,,0
616233.0,JULY,0.0,,0
616234.0,APRIL,0.0,,0
616234.0,MAY,0.0,,0
616234.0,JUNE,0.0,,0
616234.0,JULY,0.0,,0
616236.0,APRIL,0.0,,0
616236.0,MAY,0.0,,0
616236.0,JUNE,0.0,,0
616236.0,JULY,0.0,,0
616253.0,APRIL,0.0,,0
616253.0,MAY,0.0,,0
616253.0,JUNE,0.0,,0
616253.0,JULY,0.0,,0
616254.0,APRIL,0.0,0.0,0
616254.0,MAY,0.0,0.0,0
616254.0,JUNE,0.0,0.0,0
616254.0,JULY,0.0,,0
616586.0,APRIL,0.0,,0
616586.0,MAY,0.0,,0
616586.0,JUNE,0.0,,0
616586.0,JULY,0.0,,0
616587.0,APRIL,0.0,,0
616587.0,MAY,0.0,,0
616587.0,JUNE,0.0,,0
616588.0,APRIL,0.0,,0
616588.0,MAY,0.0,,0
616588.0,JUNE,0.0,,0
616588.0,JULY,0.0,,0
616594.0,APRIL,0.0,373.0,1
616594.0,MAY,0.0,373.0,1
616594.0,JUNE,0.0,373.0,1
616594.0,JULY,0.0,373.0,1
616600.0,APRIL,0.0,375.0,1
616600.0,MAY,0.0,375.0,1
616600.0,JUNE,0.0,375.0,1
616600.0,JULY,0.0,375.0,1
616604.0,APRIL,0.0,370.0,1
616604.0,MAY,0.0,370.0,1
616604.0,JUNE,0.0,370.0,1
616604.0,JULY,0.0,370.0,1
616605.0,APRIL,0.0,1089.0,1
616605.0,MAY,0.0,1087.0,1
616605.0,JUNE,0.0,1087.0,1
616605.0,JULY,0.0,1087.0,1
616611.0,APRIL,0.0,362.0,1
616611.0,MAY,0.0,362.0,1
616611.0,JUNE,0.0,362.0,1
616611.0,JULY,0.0,362.0,1
616612.0,APRIL,0.0,,0
616612.0,MAY,0.0,,0
616612.0,JUNE,0.0,,0
616612.0,JULY,0.0,,0
616615.0,APRIL,0.0,8.0,1
616615.0,MAY,0.0,373.0,1
616615.0,JUNE,0.0,373.0,1
616615.0,JULY,0.0,373.0,1
616616.0,APRIL,0.0,6.0,1
616616.0,MAY,0.0,371.0,1
616616.0,JUNE,0.0,371.0,1
616616.0,JULY,0.0,371.0,1
616670.0,APRIL,0.0,359.0,1
616670.0,MAY,0.0,359.0,1
616670.0,JUNE,0.0,359.0,1
616670.0,JULY,0.0,359.0,1
616671.0,APRIL,0.0,356.0,1
616671.0,MAY,0.0,356.0,1
616671.0,JUNE,0.0,356.0,1
616671.0,JULY,0.0,356.0,1
616672.0,APRIL,0.0,,0
616672.0,MAY,0.0,,0
616672.0,JUNE,0.0,,0
616672.0,JULY,0.0,,0
616691.0,APRIL,0.0,366.0,1
616691.0,MAY,0.0,366.0,1
616691.0,JUNE,0.0,366.0,1
616691.0,JULY,0.0,366.0,1
616694.0,APRIL,0.0,,0
616694.0,MAY,0.0,,0
616694.0,JUNE,0.0,,0
616694.0,JULY,0.0,,0
616695.0,APRIL,0.0,,0
616695.0,MAY,0.0,,0
616695.0,JUNE,0.0,,0
616695.0,JULY,0.0,,0
616697.0,APRIL,0.0,,0
616697.0,MAY,0.0,,0
616697.0,JUNE,0.0,,0
616697.0,JULY,0.0,,0
616699.0,APRIL,0.0002432385756975056,,0
616699.0,MAY,0.0002432385756975056,,0
616699.0,JUNE,0.0002432385756975056,,0
616699.0,JULY,0.0,,0
616701.0,APRIL,0.0,,0
616701.0,MAY,0.0,,0
616701.0,JUNE,0.0,,0
616701.0,JULY,0.0,,0
616839.0,APRIL,0.0,,0
616839.0,MAY,0.0,,0
616839.0,JUNE,0.0,,0
616839.0,JULY,-0.013723421592095466,,0
616841.0,APRIL,0.0,,0
616841.0,MAY,0.0,730.0,1
616841.0,JUNE,0.0,730.0,1
616841.0,JULY,0.0,730.0,1
616842.0,APRIL,0.0,,0
616842.0,MAY,0.0,,0
616842.0,JUNE,0.0,,0
616842.0,JULY,0.0,,0
616843.0,APRIL,0.0,,0
616843.0,MAY,0.0,362.0,1
616843.0,JUNE,0.0,362.0,1
616843.0,JULY,0.0,362.0,1
616856.0,APRIL,0.0,,0
616856.0,MAY,0.0,,0
616856.0,JUNE,0.0,,0
616857.0,APRIL,0.0,,0
616857.0,MAY,0.0,,0
616857.0,JUNE,0.0,,0
616857.0,JULY,0.0,,0
616858.0,APRIL,0.0,734.0,1
616858.0,MAY,0.0,734.0,1
616858.0,JUNE,0.0,734.0,1
616858.0,JULY,0.0,739.0,1
616879.0,APRIL,0.0,0.0,0
616879.0,MAY,0.0,0.0,0
616879.0,JUNE,0.0,0.0,0
616879.0,JULY,0.0,,0
616886.0,APRIL,0.0,,0
616886.0,MAY,0.0,,0
616886.0,JUNE,0.0,,0
616886.0,JULY,0.0,,0
616933.0,APRIL,0.0,0.0,0
616933.0,MAY,0.0,0.0,0
616933.0,JUNE,0.0,0.0,0
616933.0,JULY,28.403505022440694,371.0,1
616950.0,APRIL,0.0,10.0,1
616950.0,MAY,0.0,10.0,1
616950.0,JUNE,0.0,10.0,1
616950.0,JULY,-6.480432867748835,,0
616983.0,APRIL,0.0,,0
616983.0,MAY,0.0,,0
616983.0,JUNE,0.0,,0
616983.0,JULY,0.0,,0
617068.0,APRIL,0.0,,0
617068.0,MAY,0.0,,0
617068.0,JUNE,0.0,,0
617068.0,JULY,0.0,,0
617069.0,APRIL,0.0,,0
617069.0,MAY,0.0,,0
617069.0,JUNE,0.0,,0
617069.0,JULY,0.0,,0
617179.0,APRIL,0.0,364.0,1
617179.0,MAY,0.0,364.0,1
617179.0,JUNE,0.0,364.0,1
617179.0,JULY,0.0,364.0,1
617181.0,APRIL,0.0,359.0,1
617181.0,MAY,0.0,359.0,1
617181.0,JUNE,0.0,359.0,1
617181.0,JULY,0.0,359.0,1
617182.0,APRIL,0.0,,0
617182.0,MAY,0.0,,0
617182.0,JUNE,0.0,,0
617182.0,JULY,0.0,,0
617183.0,APRIL,0.0,,0
617183.0,MAY,0.0,,0
617183.0,JUNE,0.0,,0
617183.0,JULY,0.0,,0
617184.0,APRIL,0.0,,0
617184.0,MAY,0.0,,0
617184.0,JUNE,0.0,,0
617184.0,JULY,0.0,,0
617185.0,APRIL,0.0,6.0,1
617185.0,MAY,0.0,6.0,1
617185.0,JUNE,0.0,6.0,1
617185.0,JULY,0.0,6.0,1
617186.0,APRIL,0.0,3.0,1
617186.0,MAY,0.0,3.0,1
617186.0,JUNE,0.0,3.0,1
617186.0,JULY,0.0,3.0,1
617188.0,APRIL,0.0,,0
617188.0,MAY,0.0,2.0,1
617188.0,JUNE,0.0,2.0,1
617188.0,JULY,0.0,2.0,1
617200.0,APRIL,0.0,,0
617200.0,MAY,0.0,,0
617200.0,JUNE,0.0,,0
617201.0,APRIL,0.0,,0
617201.0,MAY,0.0,,0
617201.0,JUNE,0.0,,0
617206.0,APRIL,0.0,,0
617206.0,MAY,0.0,,0
617206.0,JUNE,0.0,,0
617206.0,JULY,0.0,,0
617207.0,APRIL,0.0,,0
617207.0,MAY,0.0,,0
617207.0,JUNE,0.0,,0
617207.0,JULY,0.0,,0
617210.0,APRIL,0.0,,0
617210.0,MAY,0.0,,0
617210.0,JUNE,0.0,,0
617210.0,JULY,0.0,,0
617211.0,APRIL,0.0,,0
617211.0,MAY,0.0,,0
617211.0,JUNE,0.0,,0
617212.0,APRIL,0.0,,0
617212.0,MAY,0.0,5.0,1
617212.0,JUNE,0.0,5.0,1
617213.0,APRIL,0.0,,0
617213.0,MAY,0.0,,0
617213.0,JUNE,0.0,,0
617213.0,JULY,0.0,,0
617214.0,APRIL,0.0,,0
617214.0,MAY,0.0,,0
617214.0,JUNE,0.0,,0
617214.0,JULY,0.0,,0
617215.0,APRIL,0.0,,0
617215.0,MAY,0.0,,0
617215.0,JUNE,0.0,,0
617215.0,JULY,0.0,,0
617216.0,APRIL,0.0,,0
617216.0,MAY,0.0,,0
617216.0,JUNE,0.0,,0
617216.0,JULY,0.0,,0
617221.0,APRIL,0.0,,0
617221.0,MAY,0.0,,0
617221.0,JUNE,0.0,,0
617221.0,JULY,0.0,,0
617224.0,APRIL,0.0,,0
617224.0,MAY,0.0,,0
617224.0,JUNE,0.0,,0
617224.0,JULY,0.0,,0
617225.0,APRIL,5.493418884176757,,0
617225.0,MAY,5.493418884176757,,0
617225.0,JUNE,5.493418884176757,,0
617225.0,JULY,5.493418884176757,,0
617226.0,APRIL,0.0,,0
617226.0,MAY,0.0,,0
617226.0,JUNE,0.0,,0
617226.0,JULY,0.0,,0
617231.0,APRIL,0.0,,0
617231.0,MAY,0.0,,0
617231.0,JUNE,0.0,,0
617231.0,JULY,0.0,,0
617233.0,APRIL,0.0,,0
617233.0,MAY,0.0,,0
617233.0,JUNE,0.0,,0
617233.0,JULY,0.0,,0
617239.0,APRIL,0.0,,0
617239.0,MAY,0.0,,0
617239.0,JUNE,0.0,357.0,1
617239.0,JULY,0.0002451010429102876,357.0,1
617242.0,APRIL,0.0,,0
617242.0,MAY,0.0,,0
617242.0,JUNE,0.0,,0
617242.0,JULY,0.0,,0
617243.0,APRIL,0.0,,0
617243.0,MAY,0.0,,0
617243.0,JUNE,0.0,,0
617243.0,JULY,0.0,,0
617245.0,APRIL,0.0,359.0,1
617245.0,MAY,0.0,359.0,1
617245.0,JUNE,0.0,359.0,1
617245.0,JULY,108.03275905966223,-6.0,0
617246.0,APRIL,0.0,369.0,1
617246.0,MAY,0.0,369.0,1
617246.0,JUNE,0.0,369.0,1
617246.0,JULY,0.0,0.0,0
617248.0,APRIL,0.0,,0
617248.0,MAY,0.0,4.0,1
617248.0,JUNE,0.0,4.0,1
617248.0,JULY,0.0,4.0,1
617249.0,APRIL,0.0,,0
617249.0,MAY,0.0,,0
617249.0,JUNE,0.0,,0
617249.0,JULY,0.0,,0
617250.0,APRIL,0.0,,0
617250.0,MAY,0.0,359.0,1
617250.0,JUNE,0.0,359.0,1
617250.0,JULY,0.0,359.0,1
617251.0,APRIL,0.0,,0
617251.0,MAY,0.0,,0
617251.0,JUNE,0.0,3.0,1
617251.0,JULY,0.0,7.0,1
617252.0,APRIL,0.0,,0
617252.0,MAY,0.0,,0
617252.0,JUNE,0.0,,0
617252.0,JULY,56.64687405428532,,0
617253.0,APRIL,0.0,363.0,1
617253.0,MAY,0.0,363.0,1
617254.0,APRIL,0.0,363.0,1
617254.0,MAY,0.0,363.0,1
617254.0,JUNE,0.0,363.0,1
617254.0,JULY,0.0,363.0,1
617255.0,APRIL,0.0,,0
617255.0,MAY,0.0,3.0,1
617255.0,JUNE,0.0,3.0,1
617255.0,JULY,0.0,3.0,1
617256.0,APRIL,0.0,358.0,1
617256.0,MAY,0.0,364.0,1
617256.0,JUNE,0.0,364.0,1
617256.0,JULY,0.0,364.0,1
617257.0,APRIL,0.0,,0
617257.0,MAY,0.0,,0
617257.0,JUNE,0.0,365.0,1
617257.0,JULY,0.0,365.0,1
617269.0,APRIL,0.0,2.0,1
617269.0,MAY,0.0,6.0,1
617269.0,JUNE,0.0,6.0,1
617269.0,JULY,0.0,6.0,1
617270.0,APRIL,0.0,366.0,1
617270.0,MAY,0.0,366.0,1
617270.0,JUNE,0.0,366.0,1
617270.0,JULY,0.0,369.0,1
617271.0,APRIL,0.0,6.0,1
617271.0,MAY,0.0,6.0,1
617271.0,JUNE,0.0,6.0,1
617271.0,JULY,0.0,6.0,1
617272.0,APRIL,0.0,,0
617272.0,MAY,0.0,,0
617272.0,JUNE,0.0,,0
617272.0,JULY,0.0,,0
617278.0,APRIL,0.0,,0
617278.0,MAY,0.0,,0
617278.0,JUNE,0.0,,0
617278.0,JULY,0.0,,0
617279.0,APRIL,0.0,,0
617279.0,MAY,0.0,,0
617279.0,JUNE,0.0,,0
617279.0,JULY,0.0,,0
617280.0,APRIL,0.0,,0
617280.0,MAY,0.0,,0
617280.0,JUNE,0.0,,0
617280.0,JULY,0.0,,0
617284.0,APRIL,0.0,,0
617284.0,MAY,0.0,,0
617284.0,JUNE,0.0,,0
617287.0,APRIL,0.0,,0
617287.0,MAY,0.0,,0
617287.0,JUNE,0.0,,0
617287.0,JULY,0.0,,0
617288.0,APRIL,0.0,,0
617288.0,MAY,0.0,,0
617288.0,JUNE,0.0,,0
617288.0,JULY,0.0,,0
617299.0,APRIL,0.0,360.0,1
617299.0,MAY,0.0,360.0,1
617299.0,JUNE,0.0,371.0,1
617299.0,JULY,0.0,371.0,1
617302.0,APRIL,43.2844827586207,2189.0,1
617302.0,MAY,43.2844827586207,2189.0,1
617302.0,JUNE,43.2844827586207,2189.0,1
617302.0,JULY,48.44827586206897,2189.0,1
617304.0,APRIL,0.0,0.0,0
617304.0,MAY,0.0,0.0,0
617304.0,JUNE,0.0,0.0,0
617304.0,JULY,0.0,,0
617326.0,APRIL,0.0,5.0,1
617326.0,MAY,0.0,5.0,1
617326.0,JUNE,0.0,5.0,1
617326.0,JULY,0.0,368.0,1
617327.0,APRIL,0.0,,0
617327.0,MAY,0.0,,0
617327.0,JUNE,0.0,,0
617327.0,JULY,0.0,,0
617333.0,APRIL,0.0,,0
617333.0,MAY,0.0,,0
617333.0,JUNE,0.0,,0
617333.0,JULY,0.0,,0
617338.0,APRIL,0.0,,0
617338.0,MAY,0.0,,0
617338.0,JUNE,0.0,,0
617338.0,JULY,0.0,,0
617345.0,APRIL,0.0,,0
617345.0,MAY,0.0,,0
617345.0,JUNE,0.0,,0
617361.0,APRIL,0.0,,0
617361.0,MAY,0.0,,0
617361.0,JUNE,0.0,,0
617364.0,APRIL,-39.40827003221706,,0
617364.0,MAY,-39.40827003221706,,0
617364.0,JUNE,-39.40827003221706,,0
617364.0,JULY,-39.40827003221706,,0
617370.0,APRIL,0.0,,0
617370.0,MAY,0.0,,0
617370.0,JUNE,0.0,,0
617370.0,JULY,31.39599247204694,,0
617372.0,APRIL,0.0,356.0,1
617372.0,MAY,0.0,356.0,1
617372.0,JULY,0.0,-373.0,0
617374.0,APRIL,24.05684328530449,364.0,1
617374.0,MAY,24.05684328530449,364.0,1
617374.0,JUNE,24.05684328530449,364.0,1
617375.0,APRIL,0.0,,0
617375.0,MAY,0.0,,0
617375.0,JUNE,0.0,,0
617375.0,JULY,0.0,,0
617379.0,APRIL,0.0,2201.0,1
617379.0,MAY,0.0,2201.0,1
617379.0,JUNE,0.0,2201.0,1
617390.0,APRIL,0.0,,0
617390.0,MAY,0.0,,0
617390.0,JUNE,0.0,,0
617391.0,APRIL,0.0,360.0,1
617391.0,MAY,0.0,360.0,1
617391.0,JUNE,0.0,360.0,1
617391.0,JULY,0.0,360.0,1
617403.0,APRIL,0.0,,0
617403.0,MAY,0.0,,0
617403.0,JUNE,0.0,,0
617403.0,JULY,0.0,,0
617404.0,APRIL,0.0,,0
617404.0,MAY,0.0,,0
617404.0,JUNE,0.0,,0
617404.0,JULY,0.0,,0
617405.0,APRIL,0.0,,0
617405.0,MAY,0.0,,0
617405.0,JUNE,0.0,,0
617405.0,JULY,0.0,364.0,1
617406.0,APRIL,0.0,,0
617406.0,MAY,0.0,,0
617406.0,JUNE,0.0,,0
617408.0,APRIL,0.0,,0
617408.0,MAY,0.0,,0
617408.0,JUNE,0.0,,0
617409.0,APRIL,0.0,-9.0,0
617409.0,MAY,0.0,-9.0,0
617409.0,JUNE,0.0,-9.0,0
617409.0,JULY,0.0,-9.0,0
617412.0,APRIL,0.0,,0
617412.0,MAY,0.0,,0
617412.0,JUNE,0.0,,0
617412.0,JULY,0.0,,0
617413.0,APRIL,0.0,363.0,1
617413.0,MAY,0.0,363.0,1
617413.0,JUNE,0.0,372.0,1
617413.0,JULY,0.0,372.0,1
617416.0,APRIL,0.0,,0
617416.0,MAY,0.0,,0
617416.0,JUNE,0.0,,0
617416.0,JULY,0.0,,0
617422.0,APRIL,0.0,,0
617422.0,MAY,0.0,,0
617422.0,JUNE,0.0,,0
617422.0,JULY,0.0,,0
617727.0,APRIL,0.0,,0
617727.0,MAY,0.0,,0
617727.0,JUNE,0.0,,0
617727.0,JULY,0.0,,0
617729.0,APRIL,0.0,,0
617729.0,MAY,0.0,,0
617729.0,JUNE,0.0,,0
617729.0,JULY,0.0,,0
617730.0,APRIL,0.0,,0
617730.0,MAY,0.0,,0
617730.0,JUNE,0.0,6.0,1
617730.0,JULY,0.0,6.0,1
617764.0,APRIL,0.0,,0
617764.0,MAY,0.0,,0
617764.0,JUNE,0.0,,0
617764.0,JULY,0.0,,0
617801.0,APRIL,0.0,359.0,1
617801.0,MAY,0.0,359.0,1
617801.0,JUNE,0.0,359.0,1
617801.0,JULY,0.0,359.0,1
617802.0,APRIL,0.0,,0
617802.0,MAY,0.0,,0
617802.0,JUNE,0.0,,0
617802.0,JULY,0.0,,0
617803.0,APRIL,0.0,,0
617803.0,MAY,0.0,,0
617803.0,JUNE,0.0,,0
617803.0,JULY,0.0,,0
617804.0,APRIL,0.0,,0
617804.0,MAY,0.0,,0
617804.0,JUNE,0.0,,0
617804.0,JULY,0.0,,0
617806.0,APRIL,0.0,,0
617806.0,MAY,0.0,,0
617806.0,JUNE,0.0,,0
617806.0,JULY,0.0,,0
617807.0,APRIL,0.0,,0
617807.0,MAY,0.0,,0
617807.0,JUNE,0.0,,0
617807.0,JULY,0.0,,0
617808.0,APRIL,0.0,,0
617808.0,MAY,0.0,,0
617808.0,JUNE,0.0,,0
617808.0,JULY,0.0,,0
617818.0,APRIL,0.0,,0
617818.0,MAY,0.0,0.0,0
617818.0,JUNE,0.0,0.0,0
617818.0,JULY,0.0,,0
617819.0,APRIL,0.0,0.0,0
617819.0,MAY,0.0,0.0,0
617819.0,JUNE,0.0,0.0,0
617819.0,JULY,0.0,,0
617822.0,APRIL,0.0,0.0,0
617822.0,MAY,0.0,0.0,0
617822.0,JUNE,0.0,0.0,0
617822.0,JULY,0.0,,0
617827.0,APRIL,0.0,0.0,0
617827.0,MAY,0.0,0.0,0
617827.0,JUNE,0.0,0.0,0
617827.0,JULY,0.0,,0
617828.0,APRIL,0.0,5.0,1
617828.0,MAY,0.0,0.0,0
617828.0,JUNE,0.0,0.0,0
617828.0,JULY,0.0,0.0,0
617829.0,APRIL,0.0,-364.0,0
617829.0,MAY,0.0,-7.0,0
617829.0,JUNE,0.0,-7.0,0
617829.0,JULY,0.0,-7.0,0
617830.0,APRIL,0.0,0.0,0
617830.0,MAY,0.0,0.0,0
617830.0,JUNE,0.0,0.0,0
617830.0,JULY,0.0,,0
617832.0,APRIL,0.0,,0
617832.0,MAY,0.0,,0
617832.0,JUNE,0.0,,0
617832.0,JULY,0.0,,0
617836.0,APRIL,0.0,362.0,1
617836.0,MAY,0.0,362.0,1
617836.0,JUNE,0.0,362.0,1
617836.0,JULY,0.0,,0
617837.0,APRIL,0.0,362.0,1
617837.0,MAY,0.0,363.0,1
617837.0,JUNE,0.0,363.0,1
617837.0,JULY,0.0,363.0,1
617838.0,APRIL,0.0,0.0,0
617838.0,MAY,0.0,0.0,0
617838.0,JUNE,0.0,0.0,0
617838.0,JULY,0.0,,0
617839.0,APRIL,-14.700442750658532,0.0,0
617839.0,MAY,-14.700442750658532,0.0,0
617839.0,JUNE,-14.700442750658532,0.0,0
617839.0,JULY,-14.700442750658532,,0
617877.0,APRIL,0.0,,0
617877.0,MAY,0.0,,0
617877.0,JUNE,0.0,,0
617877.0,JULY,0.0,,0
617878.0,APRIL,0.0,,0
617878.0,MAY,0.0,,0
617878.0,JUNE,0.0,,0
617878.0,JULY,0.0,,0
617880.0,APRIL,0.0,,0
617880.0,MAY,0.0,,0
617880.0,JUNE,0.0,,0
617882.0,APRIL,0.0,,0
617882.0,MAY,0.0,,0
617882.0,JUNE,0.0,,0
617882.0,JULY,0.0,,0
617883.0,APRIL,0.0,,0
617883.0,MAY,0.0,,0
617883.0,JUNE,0.0,,0
617883.0,JULY,0.0,,0
617885.0,APRIL,0.0,1093.0,1
617885.0,MAY,0.0,1094.0,1
617885.0,JUNE,0.0,1095.0,1
617885.0,JULY,0.0,1096.0,1
617886.0,APRIL,0.0,6.0,1
617886.0,MAY,0.0,6.0,1
617886.0,JUNE,0.0,362.0,1
617886.0,JULY,0.0,363.0,1
617887.0,APRIL,0.0,733.0,1
617887.0,MAY,0.0,733.0,1
617887.0,JUNE,0.0,1093.0,1
617888.0,APRIL,0.0,369.0,1
617888.0,MAY,0.0,369.0,1
617888.0,JUNE,0.0,370.0,1
617888.0,JULY,0.0,370.0,1
617889.0,APRIL,0.0,730.0,1
617889.0,MAY,0.0,731.0,1
617889.0,JUNE,0.0,732.0,1
617889.0,JULY,0.0,732.0,1
617890.0,APRIL,0.0,,0
617890.0,MAY,0.0,,0
617890.0,JUNE,0.0,,0
617890.0,JULY,0.0,,0
617891.0,APRIL,0.0,366.0,1
617891.0,MAY,0.0,366.0,1
617892.0,APRIL,0.0,1090.0,1
617892.0,MAY,0.0,1092.0,1
617892.0,JUNE,0.0,1092.0,1
617892.0,JULY,0.0,1095.0,1
617893.0,APRIL,0.0,0.0,0
617893.0,MAY,0.0,0.0,0
617893.0,JUNE,0.0,0.0,0
617893.0,JULY,0.0,0.0,0
617894.0,APRIL,0.0,9.0,1
617894.0,MAY,0.0,365.0,1
617894.0,JUNE,0.0,367.0,1
617894.0,JULY,0.0,367.0,1
617895.0,APRIL,0.0,373.0,1
617895.0,MAY,0.0,373.0,1
617895.0,JUNE,0.0,373.0,1
617895.0,JULY,0.0,373.0,1
617896.0,APRIL,0.0,0.0,0
617896.0,MAY,0.0,0.0,0
617896.0,JUNE,0.0,0.0,0
617896.0,JULY,0.0,0.0,0
617897.0,APRIL,0.0,364.0,1
617897.0,MAY,0.0,368.0,1
617897.0,JUNE,0.0,368.0,1
617897.0,JULY,0.0,370.0,1
617898.0,APRIL,0.0,0.0,0
617898.0,MAY,0.0,0.0,0
617898.0,JUNE,0.0,0.0,0
617898.0,JULY,0.0,0.0,0
617899.0,APRIL,0.0,9.0,1
617899.0,MAY,0.0,9.0,1
617899.0,JUNE,0.0,9.0,1
617899.0,JULY,0.0,9.0,1
617900.0,APRIL,0.0,366.0,1
617900.0,MAY,0.0,366.0,1
617901.0,APRIL,0.0,722.0,1
617901.0,MAY,0.0,722.0,1
617901.0,JUNE,0.0,726.0,1
617901.0,JULY,0.0,726.0,1
617902.0,APRIL,0.0,0.0,0
617902.0,MAY,0.0,0.0,0
617902.0,JUNE,0.0,0.0,0
617902.0,JULY,0.0,0.0,0
617904.0,APRIL,0.0,362.0,1
617904.0,MAY,0.0,362.0,1
617904.0,JUNE,0.0,362.0,1
617904.0,JULY,0.0,367.0,1
617905.0,APRIL,0.0,370.0,1
617905.0,MAY,0.0,370.0,1
617905.0,JUNE,0.0,370.0,1
617905.0,JULY,0.0,730.0,1
617906.0,APRIL,18.081914030819142,0.0,0
617906.0,MAY,18.081914030819142,0.0,0
617906.0,JUNE,18.081914030819142,0.0,0
617906.0,JULY,18.081914030819142,0.0,0
617907.0,APRIL,0.0,726.0,1
617907.0,MAY,0.0,726.0,1
617908.0,APRIL,0.0,0.0,0
617908.0,MAY,0.0,0.0,0
617908.0,JUNE,0.0,0.0,0
617908.0,JULY,0.0,0.0,0
617909.0,APRIL,0.0,0.0,0
617909.0,MAY,0.0,0.0,0
617909.0,JUNE,0.0,0.0,0
617909.0,JULY,0.0,0.0,0
617911.0,APRIL,19.79758904323701,3286.0,1
617911.0,MAY,19.79758904323701,3286.0,1
617911.0,JUNE,19.79758904323701,3288.0,1
617911.0,JULY,19.79758904323701,3288.0,1
617912.0,APRIL,0.0,0.0,0
617912.0,MAY,0.0,0.0,0
617912.0,JUNE,0.0,0.0,0
617912.0,JULY,0.0,0.0,0
617913.0,APRIL,6.198128200600393,2193.0,1
617913.0,MAY,6.198128200600393,2193.0,1
617913.0,JUNE,6.198128200600393,2193.0,1
617913.0,JULY,6.198128200600393,2193.0,1
617914.0,APRIL,3.672843344525977,724.0,1
617914.0,MAY,3.672843344525977,724.0,1
617914.0,JUNE,3.672843344525977,724.0,1
617914.0,JULY,3.672843344525977,724.0,1
617915.0,APRIL,-3.0534119219784928,361.0,1
617915.0,MAY,-3.0534119219784928,361.0,1
617915.0,JUNE,-3.0534119219784928,363.0,1
617916.0,APRIL,0.0,0.0,0
617916.0,MAY,0.0,0.0,0
617916.0,JUNE,0.0,0.0,0
617916.0,JULY,0.0,0.0,0
617917.0,APRIL,2.441367499947789,367.0,1
617917.0,MAY,2.441367499947789,367.0,1
617918.0,JULY,0.0,,0
617919.0,APRIL,0.0,1468.0,1
617919.0,MAY,0.0,1468.0,1
617919.0,JUNE,0.0,1468.0,1
617919.0,JULY,0.0,1468.0,1
617920.0,APRIL,0.0,0.0,0
617920.0,MAY,0.0,0.0,0
617920.0,JUNE,0.0,0.0,0
617920.0,JULY,0.0,0.0,0
617921.0,APRIL,0.0,364.0,1
617921.0,MAY,0.0,370.0,1
617921.0,JUNE,0.0,370.0,1
617921.0,JULY,0.0,370.0,1
617922.0,APRIL,0.0,0.0,0
617922.0,MAY,0.0,0.0,0
617922.0,JUNE,0.0,0.0,0
617922.0,JULY,0.0,0.0,0
617923.0,APRIL,0.0,0.0,0
617923.0,MAY,0.0,0.0,0
617923.0,JUNE,0.0,0.0,0
617923.0,JULY,0.0,0.0,0
617924.0,APRIL,0.0,364.0,1
617924.0,MAY,0.0,364.0,1
617925.0,APRIL,0.0,726.0,1
617925.0,MAY,0.0,726.0,1
617925.0,JUNE,0.0,727.0,1
617925.0,JULY,0.0,728.0,1
617926.0,APRIL,0.0,0.0,0
617926.0,MAY,0.0,0.0,0
617926.0,JUNE,0.0,0.0,0
617926.0,JULY,0.0,0.0,0
617927.0,APRIL,0.0,0.0,0
617927.0,MAY,0.0,0.0,0
617927.0,JUNE,0.0,0.0,0
617927.0,JULY,0.0,0.0,0
617928.0,APRIL,13.326275392046593,3.0,1
617928.0,MAY,13.326275392046593,3.0,1
617928.0,JUNE,13.326275392046593,4.0,1
617928.0,JULY,13.326275392046593,5.0,1
617929.0,APRIL,0.0,2199.0,1
617929.0,MAY,0.0,2199.0,1
617929.0,JUNE,0.0,2199.0,1
617929.0,JULY,0.0,2199.0,1
617930.0,APRIL,0.0,359.0,1
617930.0,MAY,0.0,359.0,1
617930.0,JUNE,0.0,365.0,1
617930.0,JULY,0.0,365.0,1
617931.0,APRIL,-11.098992750368904,725.0,1
617931.0,MAY,-11.098992750368904,725.0,1
617931.0,JUNE,-11.098992750368904,725.0,1
617931.0,JULY,-11.098992750368904,732.0,1
617932.0,APRIL,0.0,727.0,1
617932.0,MAY,0.0,727.0,1
617932.0,JUNE,0.0,731.0,1
617932.0,JULY,0.0,731.0,1
617933.0,APRIL,0.0,0.0,0
617933.0,MAY,0.0,0.0,0
617934.0,APRIL,0.0,2554.0,1
617934.0,MAY,0.0,2554.0,1
617934.0,JUNE,0.0,2556.0,1
617934.0,JULY,0.0,2556.0,1
617935.0,APRIL,17.27852348993289,736.0,1
617935.0,MAY,17.27852348993289,736.0,1
617935.0,JUNE,17.27852348993289,736.0,1
617935.0,JULY,17.27852348993289,736.0,1
617936.0,APRIL,-27.84755305326982,,0
617936.0,MAY,-27.84755305326982,,0
617936.0,JUNE,-27.84755305326982,,0
617936.0,JULY,-27.84755305326982,,0
617937.0,APRIL,0.0,,0
617937.0,MAY,0.0,,0
617937.0,JUNE,0.0,,0
617937.0,JULY,0.0,,0
617938.0,APRIL,0.0,0.0,0
617938.0,MAY,0.0,0.0,0
617938.0,JUNE,0.0,0.0,0
617938.0,JULY,0.0,0.0,0
617939.0,APRIL,0.0,0.0,0
617939.0,MAY,0.0,0.0,0
617939.0,JUNE,0.0,1.0,1
617939.0,JULY,0.0,1.0,1
617940.0,APRIL,0.0,730.0,1
617940.0,MAY,0.0,731.0,1
617940.0,JUNE,0.0,731.0,1
617940.0,JULY,0.0,736.0,1
617941.0,APRIL,0.0,0.0,0
617941.0,MAY,0.0,0.0,0
617941.0,JUNE,0.0,0.0,0
617941.0,JULY,0.0,0.0,0
617942.0,APRIL,0.0,6.0,1
617942.0,MAY,0.0,6.0,1
617942.0,JUNE,0.0,6.0,1
617942.0,JULY,0.0,6.0,1
617943.0,MAY,0.0,,0
617943.0,JUNE,0.0,0.0,0
617943.0,JULY,0.0,0.0,0
617944.0,APRIL,3.0906926502358933,0.0,0
617944.0,MAY,3.0906926502358933,0.0,0
617945.0,APRIL,0.0,0.0,0
617945.0,MAY,0.0,0.0,0
617945.0,JUNE,0.0,0.0,0
617945.0,JULY,0.0,0.0,0
617946.0,APRIL,0.0,1837.0,1
617946.0,MAY,0.0,1837.0,1
617946.0,JUNE,0.0,1837.0,1
617946.0,JULY,0.0,1837.0,1
617947.0,APRIL,43.30728209813403,2549.0,1
617947.0,MAY,43.30728209813403,2549.0,1
617947.0,JUNE,43.30728209813403,2549.0,1
617947.0,JULY,43.30728209813403,2549.0,1
617948.0,APRIL,80.7702974726012,2192.0,1
617948.0,MAY,80.7702974726012,2192.0,1
617948.0,JUNE,80.7702974726012,2192.0,1
617948.0,JULY,80.7702974726012,2192.0,1
617949.0,APRIL,0.0,0.0,0
617949.0,MAY,0.0,0.0,0
617949.0,JUNE,0.0,0.0,0
617950.0,APRIL,0.0,0.0,0
617950.0,MAY,0.0,0.0,0
617950.0,JUNE,0.0,0.0,0
617950.0,JULY,0.0,0.0,0
617951.0,APRIL,0.0,0.0,0
617951.0,MAY,0.0,0.0,0
617951.0,JUNE,0.0,0.0,0
617951.0,JULY,0.0,0.0,0
617954.0,APRIL,0.0,367.0,1
617954.0,MAY,0.0,367.0,1
617955.0,APRIL,0.0,374.0,1
617955.0,MAY,0.0,374.0,1
617955.0,JUNE,0.0,374.0,1
617955.0,JULY,0.0,374.0,1
617957.0,APRIL,0.0,,0
617957.0,MAY,0.0,,0
617958.0,APRIL,0.0,727.0,1
617958.0,MAY,0.0,727.0,1
617958.0,JUNE,0.0,728.0,1
617958.0,JULY,0.0,731.0,1
617959.0,APRIL,0.0,,0
617959.0,MAY,0.0,,0
617960.0,APRIL,7.386510307187363,2917.0,1
617960.0,MAY,7.386510307187363,2919.0,1
617960.0,JUNE,7.386510307187363,2921.0,1
617960.0,JULY,7.386510307187363,2921.0,1
617961.0,APRIL,51.766334244241754,2553.0,1
617961.0,MAY,51.766334244241754,2553.0,1
617961.0,JUNE,51.766334244241754,2556.0,1
617961.0,JULY,51.766334244241754,2556.0,1
617962.0,APRIL,8.82956019584048,0.0,0
617962.0,MAY,8.82956019584048,0.0,0
617962.0,JUNE,8.82956019584048,0.0,0
617962.0,JULY,8.82956019584048,0.0,0
617963.0,APRIL,18.836565096952906,6.0,1
617963.0,MAY,18.836565096952906,6.0,1
617963.0,JUNE,18.836565096952906,6.0,1
617963.0,JULY,18.836565096952906,0.0,0
617964.0,APRIL,0.0,0.0,0
617964.0,MAY,0.0,0.0,0
617964.0,JUNE,0.0,0.0,0
617964.0,JULY,0.0,0.0,0
617965.0,APRIL,0.0,730.0,1
617965.0,MAY,0.0,730.0,1
617965.0,JUNE,0.0,732.0,1
617965.0,JULY,0.0,732.0,1
617966.0,APRIL,23.125888545922624,2552.0,1
617966.0,MAY,23.125888545922624,2554.0,1
617966.0,JUNE,23.125888545922624,2554.0,1
617966.0,JULY,23.125888545922624,2557.0,1
617967.0,APRIL,0.0,363.0,1
617967.0,MAY,0.0,363.0,1
617967.0,JUNE,0.0,365.0,1
617967.0,JULY,0.0,365.0,1
617968.0,APRIL,0.0,1462.0,1
617968.0,MAY,0.0,1462.0,1
617968.0,JUNE,0.0,1462.0,1
617968.0,JULY,0.0,1462.0,1
617969.0,APRIL,0.0,0.0,0
617969.0,MAY,0.0,2.0,1
617969.0,JUNE,0.0,5.0,1
617969.0,JULY,0.0,5.0,1
617970.0,APRIL,0.0,1465.0,1
617970.0,MAY,0.0,1465.0,1
617971.0,APRIL,0.0,0.0,0
617971.0,MAY,0.0,0.0,0
617971.0,JUNE,0.0,0.0,0
617971.0,JULY,0.0,0.0,0
617972.0,APRIL,0.0,,0
617972.0,MAY,0.0,,0
617972.0,JUNE,0.0,,0
617972.0,JULY,0.0,,0
617973.0,APRIL,0.0,2183.0,1
617973.0,MAY,0.0,2183.0,1
617974.0,APRIL,0.0,,0
617974.0,MAY,0.0,,0
617974.0,JUNE,0.0,,0
617974.0,JULY,0.0,,0
617975.0,APRIL,0.0,1822.0,1
617975.0,MAY,0.0,1822.0,1
617976.0,APRIL,0.0,0.0,0
617976.0,MAY,0.0,0.0,0
617976.0,JUNE,0.0,2.0,1
617976.0,JULY,0.0,3.0,1
617977.0,APRIL,10.961756910261263,727.0,1
617977.0,MAY,10.961756910261263,727.0,1
617978.0,APRIL,0.0,0.0,0
617978.0,MAY,0.0,0.0,0
617978.0,JUNE,0.0,0.0,0
617978.0,JULY,0.0,0.0,0
617979.0,APRIL,0.0,-359.0,0
617979.0,MAY,0.0,-359.0,0
617979.0,JUNE,0.0,-359.0,0
617979.0,JULY,0.0,-359.0,0
617980.0,APRIL,0.0,2195.0,1
617980.0,MAY,0.0,2195.0,1
617980.0,JUNE,0.0,2195.0,1
617980.0,JULY,0.0,2562.0,1
617981.0,APRIL,0.0,2557.0,1
617981.0,MAY,0.0,2557.0,1
617982.0,APRIL,0.0,366.0,1
617982.0,MAY,0.0,366.0,1
617983.0,APRIL,-5.242914341561838,730.0,1
617983.0,MAY,-5.242914341561838,730.0,1
617983.0,JUNE,-5.242914341561838,731.0,1
617983.0,JULY,-5.242914341561838,732.0,1
617984.0,APRIL,0.0,371.0,1
617984.0,MAY,0.0,371.0,1
617984.0,JUNE,0.0,728.0,1
617984.0,JULY,0.0,728.0,1
617985.0,APRIL,11.162518412206826,1455.0,1
617985.0,MAY,11.162518412206826,1455.0,1
617985.0,JUNE,11.162518412206826,1455.0,1
617985.0,JULY,11.162518412206826,1455.0,1
617986.0,APRIL,0.0,0.0,0
617986.0,MAY,0.0,0.0,0
617986.0,JUNE,0.0,0.0,0
617986.0,JULY,0.0,0.0,0
617987.0,APRIL,0.0,0.0,0
617987.0,MAY,0.0,0.0,0
617987.0,JUNE,0.0,0.0,0
617987.0,JULY,0.0,0.0,0
617988.0,APRIL,-17.010448741899324,0.0,0
617988.0,MAY,-17.010448741899324,0.0,0
617988.0,JUNE,-17.010448741899324,0.0,0
617988.0,JULY,-17.010448741899324,0.0,0
617989.0,APRIL,19.25375031782356,1818.0,1
617989.0,MAY,19.25375031782356,2184.0,1
617989.0,JUNE,19.25375031782356,2184.0,1
617989.0,JULY,19.25375031782356,2184.0,1
617990.0,APRIL,0.0,,0
617990.0,MAY,0.0,,0
617991.0,APRIL,0.0,2562.0,1
617991.0,MAY,0.0,2562.0,1
617991.0,JUNE,0.0,2564.0,1
617991.0,JULY,0.0,2564.0,1
617992.0,APRIL,0.0,2189.0,1
617992.0,MAY,0.0,2189.0,1
617993.0,APRIL,0.0,2552.0,1
617993.0,MAY,0.0,2552.0,1
617994.0,APRIL,-12.41627851630231,2193.0,1
617994.0,MAY,-12.41627851630231,2193.0,1
617994.0,JUNE,-12.41627851630231,2193.0,1
617994.0,JULY,-12.41627851630231,2193.0,1
617995.0,APRIL,0.0,2199.0,1
617995.0,MAY,0.0,2199.0,1
617995.0,JUNE,0.0,2564.0,1
617995.0,JULY,0.0,2564.0,1
617996.0,APRIL,0.0,2558.0,1
617996.0,MAY,0.0,2558.0,1
617997.0,MAY,0.0,0.0,0
617997.0,JUNE,0.0,0.0,0
617997.0,JULY,0.0,0.0,0
617998.0,APRIL,0.0,366.0,1
617998.0,MAY,0.0,374.0,1
617998.0,JUNE,0.0,374.0,1
617998.0,JULY,0.0,374.0,1
617999.0,APRIL,0.0,6.0,1
617999.0,MAY,0.0,6.0,1
617999.0,JUNE,0.0,364.0,1
617999.0,JULY,0.0,364.0,1
618000.0,APRIL,-13.473053892215578,733.0,1
618000.0,MAY,-13.473053892215578,733.0,1
618000.0,JUNE,-13.473053892215578,735.0,1
618000.0,JULY,-13.473053892215578,735.0,1
618001.0,APRIL,22.79129912714173,1096.0,1
618001.0,MAY,22.79129912714173,1096.0,1
618001.0,JUNE,22.79129912714173,1096.0,1
618001.0,JULY,22.79129912714173,1096.0,1
618002.0,APRIL,0.0,,0
618002.0,MAY,0.0,,0
618003.0,APRIL,0.0,725.0,1
618003.0,MAY,0.0,725.0,1
618003.0,JUNE,0.0,726.0,1
618003.0,JULY,0.0,728.0,1
618004.0,APRIL,0.0,362.0,1
618004.0,MAY,0.0,362.0,1
618004.0,JUNE,0.0,0.0,0
618004.0,JULY,0.0,0.0,0
618005.0,APRIL,55.733855185909974,2923.0,1
618005.0,MAY,55.733855185909974,2924.0,1
618005.0,JUNE,55.733855185909974,2926.0,1
618006.0,APRIL,36.10622819590556,2916.0,1
618006.0,MAY,36.10622819590556,2917.0,1
618007.0,APRIL,27.668534249051156,2917.0,1
618007.0,MAY,27.668534249051156,2918.0,1
618008.0,APRIL,45.7723269760657,368.0,1
618008.0,MAY,45.7723269760657,368.0,1
618009.0,APRIL,8.701087635954504,1463.0,1
618009.0,MAY,8.701087635954504,1464.0,1
618009.0,JUNE,8.701087635954504,1466.0,1
618009.0,JULY,8.701087635954504,1469.0,1
618010.0,APRIL,0.0,0.0,0
618010.0,MAY,0.0,0.0,0
618010.0,JUNE,0.0,0.0,0
618010.0,JULY,0.0,0.0,0
618011.0,APRIL,0.0,731.0,1
618011.0,MAY,0.0,733.0,1
618011.0,JUNE,0.0,736.0,1
618011.0,JULY,0.0,736.0,1
618012.0,APRIL,0.0,4.0,1
618012.0,MAY,0.0,4.0,1
618012.0,JUNE,0.0,10.0,1
618012.0,JULY,0.0,10.0,1
618013.0,APRIL,-31.048316762602468,360.0,1
618013.0,MAY,-31.048316762602468,360.0,1
618013.0,JUNE,-31.048316762602468,362.0,1
618013.0,JULY,-31.048316762602468,362.0,1
618014.0,APRIL,0.0,0.0,0
618014.0,MAY,0.0,0.0,0
618014.0,JUNE,0.0,0.0,0
618014.0,JULY,0.0,0.0,0
618015.0,APRIL,1.5615988642917396,11.0,1
618015.0,MAY,1.5615988642917396,11.0,1
618015.0,JUNE,1.5615988642917396,11.0,1
618015.0,JULY,1.5615988642917396,11.0,1
618016.0,APRIL,0.0,0.0,0
618016.0,MAY,0.0,0.0,0
618016.0,JUNE,0.0,0.0,0
618016.0,JULY,0.0,0.0,0
618017.0,APRIL,0.0,11.0,1
618017.0,MAY,0.0,11.0,1
618017.0,JUNE,0.0,11.0,1
618017.0,JULY,0.0,11.0,1
618018.0,APRIL,0.0,370.0,1
618018.0,MAY,0.0,370.0,1
618018.0,JUNE,0.0,370.0,1
618018.0,JULY,0.0,370.0,1
618019.0,APRIL,0.0,366.0,1
618019.0,MAY,0.0,366.0,1
618019.0,JUNE,0.0,369.0,1
618019.0,JULY,0.0,369.0,1
618020.0,APRIL,0.0,369.0,1
618020.0,MAY,0.0,369.0,1
618020.0,JUNE,0.0,375.0,1
618020.0,JULY,0.0,375.0,1
618021.0,APRIL,0.0,0.0,0
618021.0,MAY,0.0,0.0,0
618021.0,JUNE,0.0,0.0,0
618021.0,JULY,0.0,0.0,0
618022.0,APRIL,26.59193343349128,369.0,1
618022.0,MAY,26.59193343349128,369.0,1
618022.0,JUNE,26.59193343349128,369.0,1
618022.0,JULY,26.59193343349128,369.0,1
618023.0,APRIL,0.0,364.0,1
618023.0,MAY,0.0,364.0,1
618023.0,JUNE,0.0,364.0,1
618024.0,APRIL,0.0,367.0,1
618024.0,MAY,0.0,367.0,1
618024.0,JUNE,0.0,370.0,1
618024.0,JULY,0.0,370.0,1
618025.0,APRIL,0.0,2550.0,1
618025.0,MAY,0.0,2553.0,1
618025.0,JUNE,0.0,2554.0,1
618025.0,JULY,0.0,2554.0,1
618026.0,APRIL,0.0,2552.0,1
618026.0,MAY,0.0,2552.0,1
618027.0,APRIL,0.0,0.0,0
618027.0,MAY,0.0,9.0,1
618027.0,JUNE,0.0,9.0,1
618027.0,JULY,0.0,9.0,1
618028.0,APRIL,0.0,0.0,0
618028.0,MAY,0.0,0.0,0
618028.0,JUNE,0.0,0.0,0
618028.0,JULY,0.0,0.0,0
618029.0,APRIL,-11.01542673016054,730.0,1
618029.0,MAY,-11.01542673016054,732.0,1
618029.0,JUNE,-11.01542673016054,732.0,1
618029.0,JULY,-11.01542673016054,732.0,1
618030.0,APRIL,0.0,738.0,1
618030.0,MAY,0.0,738.0,1
618030.0,JUNE,0.0,738.0,1
618031.0,APRIL,0.0,361.0,1
618031.0,MAY,0.0,361.0,1
618031.0,JUNE,0.0,361.0,1
618031.0,JULY,0.0,361.0,1
618033.0,APRIL,0.0,726.0,1
618033.0,MAY,0.0,726.0,1
618033.0,JUNE,0.0,726.0,1
618034.0,APRIL,0.0,0.0,0
618034.0,MAY,0.0,0.0,0
618034.0,JUNE,0.0,0.0,0
618034.0,JULY,0.0,0.0,0
618035.0,APRIL,0.0,7.0,1
618035.0,MAY,0.0,7.0,1
618035.0,JUNE,0.0,7.0,1
618035.0,JULY,0.0,7.0,1
618036.0,APRIL,0.0,0.0,0
618036.0,MAY,0.0,0.0,0
618036.0,JUNE,0.0,357.0,1
618036.0,JULY,0.0,357.0,1
618037.0,APRIL,-18.25746896457642,732.0,1
618037.0,MAY,-18.25746896457642,732.0,1
618037.0,JUNE,-18.25746896457642,735.0,1
618037.0,JULY,-18.25746896457642,735.0,1
618038.0,APRIL,0.0,,0
618038.0,MAY,0.0,,0
618038.0,JUNE,0.0,,0
618038.0,JULY,0.0,,0
618039.0,APRIL,0.0,,0
618039.0,MAY,0.0,,0
618039.0,JUNE,0.0,,0
618039.0,JULY,0.0,,0
618040.0,APRIL,0.0,,0
618040.0,MAY,0.0,,0
618040.0,JUNE,0.0,,0
618040.0,JULY,0.0,,0
618041.0,APRIL,0.0,,0
618041.0,MAY,0.0,,0
618041.0,JUNE,0.0,,0
618041.0,JULY,0.0,,0
618042.0,APRIL,0.0,363.0,1
618042.0,MAY,0.0,372.0,1
618042.0,JUNE,0.0,372.0,1
618042.0,JULY,0.0,372.0,1
618043.0,APRIL,6.41916605705926,0.0,0
618043.0,MAY,6.41916605705926,0.0,0
618043.0,JUNE,6.41916605705926,2.0,1
618043.0,JULY,6.41916605705926,2.0,1
618044.0,APRIL,0.0,,0
618044.0,MAY,0.0,,0
618044.0,JUNE,0.0,,0
618044.0,JULY,0.0,,0
618045.0,APRIL,0.0,,0
618045.0,MAY,0.0,,0
618046.0,APRIL,0.0,,0
618046.0,MAY,0.0,,0
618047.0,APRIL,0.0,0.0,0
618047.0,MAY,0.0,0.0,0
618047.0,JUNE,0.0,0.0,0
618047.0,JULY,0.0,0.0,0
618049.0,APRIL,0.0,0.0,0
618049.0,MAY,0.0,0.0,0
618049.0,JUNE,0.0,1.0,1
618049.0,JULY,0.0,1.0,1
618050.0,APRIL,3.952123507473479,367.0,1
618050.0,MAY,3.952123507473479,367.0,1
618051.0,JUNE,-8.999176276771014,740.0,1
618052.0,APRIL,0.0,0.0,0
618052.0,MAY,0.0,0.0,0
618052.0,JUNE,0.0,0.0,0
618052.0,JULY,0.0,0.0,0
618053.0,APRIL,0.0,0.0,0
618053.0,MAY,0.0,0.0,0
618053.0,JUNE,0.0,0.0,0
618053.0,JULY,0.0,0.0,0
618054.0,APRIL,0.0,6.0,1
618054.0,MAY,0.0,6.0,1
618054.0,JUNE,0.0,6.0,1
618054.0,JULY,0.0,10.0,1
618055.0,APRIL,0.0,365.0,1
618055.0,MAY,0.0,368.0,1
618055.0,JUNE,0.0,368.0,1
618055.0,JULY,0.0,368.0,1
618056.0,APRIL,-4.950456195428227,368.0,1
618056.0,MAY,-4.950456195428227,368.0,1
618056.0,JUNE,-4.950456195428227,368.0,1
618056.0,JULY,-4.950456195428227,368.0,1
618057.0,APRIL,0.0,372.0,1
618057.0,MAY,0.0,372.0,1
618057.0,JUNE,0.0,372.0,1
618057.0,JULY,0.0,372.0,1
618059.0,APRIL,0.0,364.0,1
618059.0,MAY,0.0,364.0,1
618059.0,JUNE,0.0,367.0,1
618059.0,JULY,0.0,367.0,1
618060.0,APRIL,0.0,728.0,1
618060.0,MAY,0.0,731.0,1
618060.0,JUNE,0.0,731.0,1
618060.0,JULY,0.0,734.0,1
618061.0,APRIL,0.0,0.0,0
618061.0,MAY,0.0,0.0,0
618061.0,JUNE,0.0,0.0,0
618061.0,JULY,0.0,0.0,0
618062.0,APRIL,0.0,357.0,1
618062.0,MAY,0.0,357.0,1
618063.0,APRIL,31.024888516217548,728.0,1
618063.0,MAY,31.024888516217548,731.0,1
618063.0,JUNE,31.024888516217548,731.0,1
618063.0,JULY,31.024888516217548,734.0,1
618064.0,APRIL,0.0,,0
618064.0,MAY,0.0,,0
618065.0,APRIL,0.0,364.0,1
618065.0,MAY,0.0,364.0,1
618065.0,JUNE,0.0,366.0,1
618065.0,JULY,0.0,724.0,1
618066.0,APRIL,0.0,0.0,0
618066.0,MAY,0.0,0.0,0
618066.0,JUNE,0.0,0.0,0
618066.0,JULY,0.0,0.0,0
618067.0,APRIL,0.0,0.0,0
618067.0,MAY,0.0,0.0,0
618067.0,JUNE,0.0,0.0,0
618067.0,JULY,0.0,0.0,0
618068.0,APRIL,0.0,367.0,1
618068.0,MAY,0.0,367.0,1
618068.0,JUNE,0.0,367.0,1
618068.0,JULY,0.0,367.0,1
618069.0,APRIL,0.0,0.0,0
618069.0,MAY,0.0,0.0,0
618069.0,JUNE,0.0,0.0,0
618069.0,JULY,0.0,0.0,0
618070.0,APRIL,7.254995242626079,2553.0,1
618070.0,MAY,7.254995242626079,2555.0,1
618070.0,JUNE,7.254995242626079,2555.0,1
618070.0,JULY,7.254995242626079,2555.0,1
618071.0,APRIL,-10.97234843567441,732.0,1
618071.0,MAY,-10.97234843567441,734.0,1
618071.0,JUNE,-10.97234843567441,738.0,1
618071.0,JULY,-10.97234843567441,738.0,1
618072.0,APRIL,0.0,727.0,1
618072.0,MAY,0.0,727.0,1
618072.0,JUNE,0.0,727.0,1
618072.0,JULY,0.0,727.0,1
618073.0,APRIL,0.0,10.0,1
618073.0,MAY,0.0,10.0,1
618073.0,JUNE,0.0,365.0,1
618073.0,JULY,0.0,365.0,1
618074.0,APRIL,0.0,726.0,1
618074.0,MAY,0.0,726.0,1
618074.0,JUNE,0.0,728.0,1
618074.0,JULY,0.0,0.0,0
618075.0,APRIL,-8.008990046733963,4.0,1
618075.0,MAY,-8.008990046733963,7.0,1
618075.0,JUNE,-8.008990046733963,7.0,1
618075.0,JULY,-8.008990046733963,366.0,1
618076.0,APRIL,-30.422619047619044,,0
618076.0,MAY,-30.422619047619044,,0
618076.0,JUNE,-30.422619047619044,,0
618076.0,JULY,-30.422619047619044,,0
618078.0,APRIL,0.0,1089.0,1
618078.0,MAY,0.0,1089.0,1
618079.0,APRIL,0.0,0.0,0
618079.0,MAY,0.0,0.0,0
618079.0,JUNE,0.0,0.0,0
618079.0,JULY,0.0,0.0,0
618080.0,APRIL,0.0,,0
618080.0,MAY,0.0,,0
618080.0,JUNE,0.0,360.0,1
618080.0,JULY,0.0,360.0,1
618081.0,APRIL,-17.307867834976275,4.0,1
618081.0,MAY,-17.307867834976275,7.0,1
618081.0,JUNE,-17.307867834976275,7.0,1
618081.0,JULY,-17.307867834976275,10.0,1
618082.0,APRIL,-0.9074364288964237,732.0,1
618082.0,MAY,-0.9074364288964237,735.0,1
618082.0,JUNE,-0.9074364288964237,735.0,1
618082.0,JULY,-0.9074364288964237,735.0,1
618083.0,APRIL,0.0,8.0,1
618083.0,MAY,0.0,8.0,1
618083.0,JULY,0.0,8.0,1
618084.0,APRIL,-12.639696751846289,1091.0,1
618084.0,MAY,-12.639696751846289,1094.0,1
618084.0,JUNE,-12.639696751846289,1097.0,1
618084.0,JULY,-12.639696751846289,1098.0,1
618085.0,APRIL,-3.729680125852122,727.0,1
618085.0,MAY,-3.729680125852122,727.0,1
618085.0,JUNE,-3.729680125852122,729.0,1
618085.0,JULY,-3.729680125852122,731.0,1
618086.0,APRIL,0.0,0.0,0
618086.0,MAY,0.0,0.0,0
618086.0,JUNE,0.0,0.0,0
618086.0,JULY,0.0,0.0,0
618087.0,APRIL,0.0,729.0,1
618087.0,MAY,0.0,732.0,1
618087.0,JUNE,0.0,732.0,1
618087.0,JULY,0.0,732.0,1
618088.0,APRIL,0.0,0.0,0
618088.0,MAY,0.0,0.0,0
618088.0,JUNE,0.0,0.0,0
618088.0,JULY,0.0,0.0,0
618089.0,APRIL,0.0,367.0,1
618089.0,MAY,0.0,367.0,1
618089.0,JUNE,0.0,371.0,1
618089.0,JULY,0.0,371.0,1
618090.0,APRIL,0.0,2197.0,1
618090.0,MAY,0.0,2197.0,1
618091.0,APRIL,0.0,366.0,1
618091.0,MAY,0.0,366.0,1
618091.0,JUNE,0.0,366.0,1
618091.0,JULY,0.0,366.0,1
618092.0,APRIL,0.0,0.0,0
618092.0,MAY,0.0,0.0,0
618092.0,JUNE,0.0,0.0,0
618092.0,JULY,0.0,0.0,0
618093.0,APRIL,0.0,,0
618093.0,MAY,0.0,,0
618094.0,APRIL,0.0,2192.0,1
618094.0,MAY,0.0,2192.0,1
618094.0,JUNE,0.0,2192.0,1
618094.0,JULY,0.0,2192.0,1
618095.0,APRIL,0.0,0.0,0
618095.0,MAY,0.0,365.0,1
618095.0,JUNE,0.0,365.0,1
618095.0,JULY,0.0,365.0,1
618096.0,APRIL,0.0,3.0,1
618096.0,MAY,0.0,8.0,1
618096.0,JUNE,0.0,8.0,1
618096.0,JULY,0.0,8.0,1
618097.0,APRIL,0.0,2194.0,1
618097.0,MAY,0.0,2194.0,1
618097.0,JUNE,0.0,2194.0,1
618097.0,JULY,0.0,2194.0,1
618098.0,APRIL,0.0,729.0,1
618098.0,MAY,0.0,729.0,1
618098.0,JUNE,0.0,734.0,1
618098.0,JULY,0.0,734.0,1
618099.0,APRIL,0.0,0.0,0
618099.0,MAY,0.0,0.0,0
618101.0,APRIL,0.0,0.0,0
618101.0,MAY,0.0,0.0,0
618101.0,JUNE,0.0,0.0,0
618101.0,JULY,0.0,0.0,0
618103.0,APRIL,0.0,2.0,1
618103.0,MAY,0.0,2.0,1
618103.0,JUNE,0.0,3.0,1
618103.0,JULY,0.0,3.0,1
618104.0,APRIL,0.0,364.0,1
618104.0,MAY,0.0,365.0,1
618104.0,JUNE,0.0,365.0,1
618104.0,JULY,0.0,366.0,1
618105.0,APRIL,0.0,366.0,1
618105.0,MAY,0.0,366.0,1
618105.0,JUNE,0.0,366.0,1
618105.0,JULY,0.0,366.0,1
618106.0,APRIL,0.0,369.0,1
618106.0,MAY,0.0,369.0,1
618106.0,JUNE,0.0,369.0,1
618106.0,JULY,0.0,-373.0,0
618107.0,APRIL,0.0,0.0,0
618107.0,MAY,0.0,0.0,0
618107.0,JUNE,0.0,0.0,0
618107.0,JULY,0.0,0.0,0
618108.0,APRIL,0.0,358.0,1
618108.0,MAY,0.0,365.0,1
618108.0,JUNE,0.0,365.0,1
618108.0,JULY,0.0,365.0,1
618109.0,APRIL,0.0,724.0,1
618109.0,MAY,0.0,730.0,1
618109.0,JUNE,0.0,730.0,1
618109.0,JULY,0.0,730.0,1
618110.0,APRIL,0.0,368.0,1
618110.0,MAY,0.0,368.0,1
618111.0,APRIL,-14.384172947243169,364.0,1
618111.0,MAY,-14.384172947243169,365.0,1
618111.0,JUNE,-14.384172947243169,366.0,1
618111.0,JULY,-14.384172947243169,367.0,1
618112.0,APRIL,0.0,0.0,0
618112.0,MAY,0.0,0.0,0
618112.0,JUNE,0.0,0.0,0
618112.0,JULY,0.0,359.0,1
618113.0,APRIL,0.0,0.0,0
618113.0,MAY,0.0,0.0,0
618113.0,JUNE,0.0,0.0,0
618113.0,JULY,0.0,359.0,1
618114.0,APRIL,0.0,0.0,0
618114.0,MAY,0.0,0.0,0
618114.0,JUNE,0.0,0.0,0
618114.0,JULY,0.0,0.0,0
618116.0,APRIL,0.0,0.0,0
618116.0,MAY,0.0,0.0,0
618116.0,JUNE,0.0,0.0,0
618116.0,JULY,0.0,0.0,0
618117.0,APRIL,0.0,0.0,0
618117.0,MAY,0.0,0.0,0
618117.0,JUNE,0.0,3.0,1
618117.0,JULY,0.0,3.0,1
618118.0,APRIL,0.0,366.0,1
618118.0,MAY,0.0,366.0,1
618119.0,APRIL,0.0,,0
618119.0,MAY,0.0,,0
618119.0,JUNE,0.0,,0
618119.0,JULY,0.0,,0
618120.0,APRIL,0.0,0.0,0
618120.0,MAY,0.0,0.0,0
618120.0,JUNE,0.0,0.0,0
618120.0,JULY,0.0,0.0,0
618121.0,APRIL,0.0,726.0,1
618121.0,MAY,0.0,726.0,1
618121.0,JUNE,0.0,728.0,1
618121.0,JULY,0.0,730.0,1
618122.0,APRIL,0.0,0.0,0
618122.0,MAY,0.0,0.0,0
618122.0,JUNE,0.0,0.0,0
618122.0,JULY,0.0,0.0,0
618123.0,APRIL,0.0,,0
618123.0,MAY,0.0,,0
618123.0,JUNE,0.0,,0
618124.0,APRIL,0.0,363.0,1
618124.0,MAY,0.0,366.0,1
618124.0,JUNE,0.0,366.0,1
618124.0,JULY,0.0,368.0,1
618125.0,APRIL,0.0,1834.0,1
618125.0,MAY,0.0,1834.0,1
618125.0,JUNE,0.0,1834.0,1
618125.0,JULY,0.0,1834.0,1
618126.0,APRIL,0.0,0.0,0
618126.0,MAY,0.0,0.0,0
618126.0,JUNE,0.0,356.0,1
618126.0,JULY,0.0,356.0,1
618127.0,APRIL,0.0,0.0,0
618127.0,MAY,0.0,0.0,0
618127.0,JUNE,0.0,0.0,0
618127.0,JULY,0.0,0.0,0
618129.0,APRIL,0.0,0.0,0
618129.0,MAY,0.0,0.0,0
618129.0,JUNE,0.0,0.0,0
618129.0,JULY,0.0,0.0,0
618130.0,APRIL,0.0,0.0,0
618130.0,MAY,0.0,1.0,1
618130.0,JUNE,0.0,6.0,1
618130.0,JULY,0.0,7.0,1
618132.0,APRIL,0.0,,0
618132.0,MAY,0.0,,0
618133.0,APRIL,0.0,731.0,1
618133.0,MAY,0.0,1094.0,1
618133.0,JUNE,0.0,1094.0,1
618133.0,JULY,0.0,1094.0,1
618134.0,APRIL,0.0,0.0,0
618134.0,MAY,0.0,0.0,0
618134.0,JUNE,0.0,0.0,0
618134.0,JULY,0.0,0.0,0
618136.0,APRIL,0.0,1090.0,1
618136.0,MAY,0.0,1090.0,1
618137.0,APRIL,0.0,0.0,0
618137.0,MAY,0.0,0.0,0
618137.0,JUNE,0.0,0.0,0
618137.0,JULY,0.0,0.0,0
618138.0,APRIL,0.0,0.0,0
618138.0,MAY,0.0,0.0,0
618138.0,JUNE,0.0,0.0,0
618138.0,JULY,0.0,0.0,0
618139.0,APRIL,0.0,0.0,0
618139.0,MAY,0.0,0.0,0
618139.0,JUNE,0.0,0.0,0
618139.0,JULY,0.0,0.0,0
618140.0,APRIL,0.0,0.0,0
618140.0,MAY,0.0,0.0,0
618140.0,JUNE,0.0,0.0,0
618140.0,JULY,0.0,0.0,0
618141.0,APRIL,0.0,724.0,1
618141.0,MAY,0.0,725.0,1
618141.0,JUNE,0.0,731.0,1
618141.0,JULY,0.0,731.0,1
618142.0,APRIL,0.0,4.0,1
618142.0,MAY,0.0,4.0,1
618143.0,APRIL,0.0,0.0,0
618143.0,MAY,0.0,0.0,0
618144.0,APRIL,0.0,,0
618144.0,MAY,0.0,,0
618145.0,APRIL,0.0,368.0,1
618145.0,MAY,0.0,368.0,1
618146.0,APRIL,0.0,365.0,1
618146.0,MAY,0.0,365.0,1
618146.0,JUNE,0.0,365.0,1
618146.0,JULY,0.0,365.0,1
618147.0,APRIL,0.0,364.0,1
618147.0,MAY,0.0,364.0,1
618147.0,JUNE,0.0,364.0,1
618147.0,JULY,0.0,364.0,1
618148.0,MAY,0.0,0.0,0
618148.0,JUNE,0.0,0.0,0
618148.0,JULY,0.0,0.0,0
618149.0,APRIL,0.0,0.0,0
618149.0,MAY,0.0,0.0,0
618149.0,JUNE,0.0,0.0,0
618149.0,JULY,0.0,0.0,0
618150.0,APRIL,0.0,0.0,0
618150.0,MAY,0.0,0.0,0
618150.0,JUNE,0.0,0.0,0
618150.0,JULY,0.0,0.0,0
618151.0,MAY,0.0,,0
618151.0,JUNE,0.0,,0
618151.0,JULY,0.0,,0
618152.0,APRIL,0.0,2197.0,1
618152.0,MAY,0.0,2197.0,1
618152.0,JUNE,0.0,2558.0,1
618152.0,JULY,0.0,2558.0,1
618153.0,APRIL,0.0,2191.0,1
618153.0,MAY,0.0,2191.0,1
618153.0,JUNE,0.0,2557.0,1
618153.0,JULY,0.0,2557.0,1
618154.0,APRIL,0.0,730.0,1
618154.0,MAY,0.0,730.0,1
618154.0,JUNE,0.0,730.0,1
618154.0,JULY,0.0,730.0,1
618155.0,APRIL,0.0,0.0,0
618155.0,MAY,0.0,0.0,0
618155.0,JUNE,0.0,2.0,1
618155.0,JULY,0.0,2.0,1
618156.0,APRIL,0.0,0.0,0
618156.0,MAY,0.0,0.0,0
618156.0,JUNE,0.0,0.0,0
618156.0,JULY,0.0,0.0,0
618157.0,APRIL,0.0,6.0,1
618157.0,MAY,0.0,6.0,1
618157.0,JUNE,0.0,6.0,1
618157.0,JULY,0.0,6.0,1
618158.0,APRIL,0.0,0.0,0
618158.0,MAY,0.0,0.0,0
618158.0,JUNE,0.0,0.0,0
618158.0,JULY,0.0,0.0,0
618159.0,APRIL,0.0,0.0,0
618159.0,MAY,0.0,0.0,0
618159.0,JUNE,0.0,0.0,0
618159.0,JULY,0.0,0.0,0
618160.0,APRIL,0.0,0.0,0
618160.0,MAY,0.0,0.0,0
618160.0,JUNE,0.0,0.0,0
618160.0,JULY,0.0,0.0,0
618161.0,APRIL,0.0,357.0,1
618161.0,MAY,0.0,357.0,1
618162.0,APRIL,0.0,0.0,0
618162.0,MAY,0.0,0.0,0
618162.0,JUNE,0.0,0.0,0
618162.0,JULY,0.0,0.0,0
618163.0,APRIL,-25.463083101637313,365.0,1
618163.0,MAY,-25.463083101637313,365.0,1
618163.0,JUNE,-25.463083101637313,365.0,1
618163.0,JULY,-25.463083101637313,365.0,1
618164.0,APRIL,1.3699230075240545,0.0,0
618164.0,MAY,1.3699230075240545,1.0,1
618164.0,JUNE,1.3699230075240545,1.0,1
618164.0,JULY,1.3699230075240545,2.0,1
618165.0,APRIL,0.0,5.0,1
618165.0,MAY,0.0,5.0,1
618165.0,JUNE,0.0,6.0,1
618166.0,APRIL,0.0,361.0,1
618166.0,MAY,0.0,361.0,1
618166.0,JUNE,0.0,362.0,1
618166.0,JULY,0.0,362.0,1
618167.0,APRIL,0.0,1093.0,1
618167.0,MAY,0.0,1094.0,1
618168.0,APRIL,5.162815526576678,365.0,1
618168.0,MAY,5.162815526576678,365.0,1
618168.0,JUNE,5.162815526576678,365.0,1
618168.0,JULY,5.162815526576678,365.0,1
618169.0,APRIL,-5.845231028773152,361.0,1
618169.0,MAY,-5.845231028773152,361.0,1
618169.0,JUNE,-5.845231028773152,361.0,1
618169.0,JULY,-5.845231028773152,363.0,1
618170.0,APRIL,0.0,368.0,1
618170.0,MAY,0.0,368.0,1
618170.0,JUNE,0.0,368.0,1
618170.0,JULY,0.0,368.0,1
618171.0,APRIL,0.0,9.0,1
618171.0,MAY,0.0,9.0,1
618171.0,JUNE,0.0,11.0,1
618171.0,JULY,0.0,11.0,1
618172.0,APRIL,0.0,2556.0,1
618172.0,MAY,0.0,2556.0,1
618172.0,JUNE,0.0,2561.0,1
618172.0,JULY,0.0,2561.0,1
618173.0,APRIL,0.0,2195.0,1
618173.0,MAY,0.0,2195.0,1
618173.0,JUNE,0.0,2559.0,1
618173.0,JULY,0.0,2559.0,1
618174.0,APRIL,0.0,0.0,0
618174.0,MAY,0.0,0.0,0
618174.0,JUNE,0.0,0.0,0
618174.0,JULY,0.0,0.0,0
618175.0,APRIL,0.0,366.0,1
618175.0,MAY,0.0,366.0,1
618175.0,JUNE,0.0,368.0,1
618176.0,APRIL,0.0,,0
618176.0,MAY,0.0,,0
618176.0,JUNE,0.0,,0
618176.0,JULY,0.0,,0
618177.0,APRIL,0.0,2192.0,1
618177.0,MAY,0.0,2192.0,1
618177.0,JUNE,0.0,2192.0,1
618177.0,JULY,0.0,2192.0,1
618178.0,APRIL,0.0,-1.0,0
618178.0,MAY,0.0,-1.0,0
618178.0,JUNE,0.0,4.0,1
618178.0,JULY,0.0,4.0,1
618179.0,APRIL,0.0,0.0,0
618179.0,MAY,0.0,0.0,0
618179.0,JUNE,0.0,5.0,1
618180.0,APRIL,0.0,1820.0,1
618180.0,MAY,0.0,1820.0,1
618180.0,JUNE,0.0,2552.0,1
618180.0,JULY,0.0,2552.0,1
618181.0,APRIL,0.0,-4.0,0
618181.0,MAY,0.0,-4.0,0
618182.0,APRIL,0.0,0.0,0
618182.0,MAY,0.0,0.0,0
618182.0,JUNE,0.0,0.0,0
618182.0,JULY,0.0,363.0,1
618183.0,APRIL,0.0,0.0,0
618183.0,MAY,0.0,0.0,0
618183.0,JUNE,0.0,0.0,0
618183.0,JULY,0.0,0.0,0
618184.0,APRIL,0.0,375.0,1
618184.0,MAY,0.0,375.0,1
618184.0,JUNE,0.0,375.0,1
618184.0,JULY,0.0,375.0,1
618185.0,APRIL,0.0,0.0,0
618185.0,MAY,0.0,0.0,0
618185.0,JUNE,0.0,0.0,0
618185.0,JULY,0.0,0.0,0
618186.0,APRIL,0.0,724.0,1
618186.0,MAY,0.0,728.0,1
618186.0,JUNE,0.0,728.0,1
618186.0,JULY,0.0,728.0,1
618187.0,APRIL,0.0,0.0,0
618187.0,MAY,0.0,0.0,0
618187.0,JUNE,0.0,0.0,0
618187.0,JULY,0.0,0.0,0
618188.0,APRIL,0.0,366.0,1
618188.0,MAY,0.0,366.0,1
618188.0,JUNE,0.0,367.0,1
618188.0,JULY,0.0,368.0,1
618189.0,APRIL,0.0,,0
618189.0,MAY,0.0,,0
618189.0,JUNE,0.0,0.0,0
618189.0,JULY,0.0,0.0,0
618190.0,APRIL,0.0,367.0,1
618190.0,MAY,0.0,368.0,1
618190.0,JUNE,0.0,369.0,1
618190.0,JULY,0.0,370.0,1
618191.0,APRIL,0.0,367.0,1
618191.0,MAY,0.0,367.0,1
618192.0,APRIL,0.0,728.0,1
618192.0,MAY,0.0,728.0,1
618193.0,APRIL,0.0,0.0,0
618193.0,MAY,0.0,0.0,0
618193.0,JUNE,0.0,0.0,0
618193.0,JULY,0.0,0.0,0
618194.0,APRIL,-3.005473770101647,1834.0,1
618194.0,MAY,-3.005473770101647,1834.0,1
618194.0,JUNE,-3.005473770101647,1834.0,1
618194.0,JULY,-3.005473770101647,1834.0,1
618196.0,APRIL,0.0,725.0,1
618196.0,MAY,0.0,725.0,1
618196.0,JUNE,0.0,734.0,1
618196.0,JULY,0.0,734.0,1
618197.0,APRIL,0.0,370.0,1
618197.0,MAY,0.0,376.0,1
618197.0,JUNE,0.0,376.0,1
618197.0,JULY,0.0,376.0,1
618198.0,APRIL,-12.146144550433242,736.0,1
618198.0,MAY,-12.146144550433242,736.0,1
618198.0,JUNE,-12.146144550433242,738.0,1
618198.0,JULY,-12.146144550433242,738.0,1
618199.0,APRIL,0.0,0.0,0
618199.0,MAY,0.0,0.0,0
618199.0,JUNE,0.0,3.0,1
618199.0,JULY,0.0,3.0,1
618200.0,APRIL,0.0,728.0,1
618200.0,MAY,0.0,728.0,1
618200.0,JUNE,0.0,372.0,1
618200.0,JULY,0.0,372.0,1
618201.0,APRIL,0.0,,0
618201.0,MAY,0.0,360.0,1
618201.0,JUNE,0.0,360.0,1
618201.0,JULY,0.0,360.0,1
618202.0,APRIL,0.0,,0
618202.0,MAY,0.0,363.0,1
618202.0,JUNE,0.0,363.0,1
618202.0,JULY,0.0,363.0,1
618203.0,APRIL,0.0,,0
618203.0,MAY,0.0,360.0,1
618203.0,JUNE,0.0,360.0,1
618203.0,JULY,0.0,360.0,1
618204.0,APRIL,0.0,366.0,1
618204.0,MAY,0.0,731.0,1
618204.0,JUNE,0.0,731.0,1
618204.0,JULY,0.0,731.0,1
618205.0,APRIL,0.0,365.0,1
618205.0,MAY,0.0,365.0,1
618205.0,JUNE,0.0,365.0,1
618205.0,JULY,0.0,369.0,1
618206.0,APRIL,0.0,,0
618206.0,MAY,0.0,,0
618206.0,JUNE,0.0,,0
618206.0,JULY,0.0,,0
618207.0,APRIL,0.0,365.0,1
618207.0,MAY,0.0,365.0,1
618207.0,JUNE,0.0,365.0,1
618207.0,JULY,0.0,365.0,1
618208.0,APRIL,0.0,,0
618208.0,MAY,0.0,,0
618209.0,APRIL,0.0,729.0,1
618209.0,MAY,0.0,729.0,1
618209.0,JUNE,0.0,729.0,1
618209.0,JULY,0.0,729.0,1
618210.0,APRIL,0.0,1090.0,1
618210.0,MAY,0.0,1090.0,1
618210.0,JUNE,0.0,1091.0,1
618210.0,JULY,0.0,1091.0,1
618211.0,APRIL,0.0,0.0,0
618211.0,MAY,0.0,0.0,0
618211.0,JUNE,0.0,0.0,0
618211.0,JULY,0.0,361.0,1
618212.0,APRIL,0.0,,0
618212.0,MAY,0.0,,0
618212.0,JUNE,0.0,,0
618212.0,JULY,0.0,,0
618213.0,APRIL,0.0,1826.0,1
618213.0,MAY,0.0,1826.0,1
618213.0,JUNE,0.0,1832.0,1
618213.0,JULY,0.0,1832.0,1
618214.0,APRIL,0.0,1094.0,1
618214.0,MAY,0.0,1094.0,1
618214.0,JUNE,0.0,1094.0,1
618214.0,JULY,0.0,1094.0,1
618215.0,APRIL,-29.28998396267678,0.0,0
618215.0,MAY,-29.28998396267678,0.0,0
618215.0,JUNE,-29.28998396267678,0.0,0
618215.0,JULY,-29.28998396267678,0.0,0
618216.0,APRIL,-11.884623725872915,368.0,1
618216.0,MAY,-11.884623725872915,368.0,1
618216.0,JUNE,-11.884623725872915,368.0,1
618216.0,JULY,-11.884623725872915,368.0,1
618217.0,APRIL,-22.410779546826838,368.0,1
618217.0,MAY,-22.410779546826838,368.0,1
618217.0,JUNE,-22.410779546826838,368.0,1
618217.0,JULY,-22.410779546826838,368.0,1
618218.0,APRIL,0.0,728.0,1
618218.0,MAY,0.0,728.0,1
618218.0,JUNE,0.0,728.0,1
618218.0,JULY,0.0,728.0,1
618219.0,APRIL,0.0,7.0,1
618219.0,MAY,0.0,7.0,1
618219.0,JUNE,0.0,7.0,1
618219.0,JULY,0.0,7.0,1
618220.0,APRIL,-10.85731190832088,727.0,1
618220.0,MAY,-10.85731190832088,727.0,1
618221.0,APRIL,0.0,,0
618221.0,MAY,0.0,365.0,1
618221.0,JUNE,0.0,365.0,1
618221.0,JULY,0.0,365.0,1
618222.0,APRIL,0.0,8.0,1
618222.0,MAY,0.0,11.0,1
618222.0,JUNE,0.0,11.0,1
618222.0,JULY,0.0,367.0,1
618223.0,APRIL,0.0,1092.0,1
618223.0,MAY,0.0,1097.0,1
618223.0,JUNE,0.0,1099.0,1
618223.0,JULY,0.0,1099.0,1
618224.0,APRIL,0.0,728.0,1
618224.0,MAY,0.0,729.0,1
618224.0,JUNE,0.0,730.0,1
618224.0,JULY,0.0,731.0,1
618225.0,APRIL,0.0,730.0,1
618225.0,MAY,0.0,732.0,1
618225.0,JUNE,0.0,736.0,1
618225.0,JULY,0.0,736.0,1
618226.0,APRIL,0.0,726.0,1
618226.0,MAY,0.0,729.0,1
618226.0,JUNE,0.0,729.0,1
618226.0,JULY,0.0,732.0,1
618227.0,APRIL,6.44798199067375,724.0,1
618227.0,MAY,6.44798199067375,724.0,1
618227.0,JUNE,6.44798199067375,724.0,1
618227.0,JULY,6.44798199067375,724.0,1
618228.0,APRIL,0.0,1093.0,1
618228.0,MAY,0.0,1096.0,1
618228.0,JUNE,0.0,1096.0,1
618228.0,JULY,0.0,1099.0,1
618229.0,APRIL,-2.1460040740916204,366.0,1
618229.0,MAY,-2.1460040740916204,366.0,1
618230.0,APRIL,0.0,373.0,1
618230.0,MAY,0.0,373.0,1
618230.0,JUNE,0.0,373.0,1
618230.0,JULY,0.0,373.0,1
618231.0,APRIL,0.0,724.0,1
618231.0,MAY,0.0,725.0,1
618231.0,JUNE,0.0,728.0,1
618231.0,JULY,0.0,728.0,1
618232.0,APRIL,-24.481360782131784,7.0,1
618232.0,MAY,-24.481360782131784,7.0,1
618232.0,JUNE,-24.481360782131784,7.0,1
618232.0,JULY,-24.481360782131784,7.0,1
618233.0,APRIL,-24.783267034518154,738.0,1
618233.0,MAY,-24.783267034518154,738.0,1
618233.0,JUNE,-24.783267034518154,738.0,1
618233.0,JULY,-24.783267034518154,738.0,1
618234.0,APRIL,0.0,1092.0,1
618234.0,MAY,0.0,1092.0,1
618234.0,JUNE,0.0,1092.0,1
618234.0,JULY,0.0,1092.0,1
618235.0,APRIL,0.0,0.0,0
618235.0,MAY,0.0,0.0,0
618235.0,JUNE,0.0,0.0,0
618235.0,JULY,0.0,0.0,0
618236.0,APRIL,-8.637600455609698,1832.0,1
618236.0,MAY,-8.637600455609698,1832.0,1
618236.0,JUNE,-8.637600455609698,1832.0,1
618236.0,JULY,-8.637600455609698,1832.0,1
618237.0,APRIL,0.0,2192.0,1
618237.0,MAY,0.0,2192.0,1
618238.0,APRIL,23.473374975043498,2922.0,1
618238.0,MAY,23.473374975043498,2922.0,1
618238.0,JUNE,23.473374975043498,2924.0,1
618238.0,JULY,23.473374975043498,2924.0,1
618239.0,APRIL,3.1782040339607334,2555.0,1
618239.0,MAY,3.1782040339607334,2555.0,1
618239.0,JUNE,3.1782040339607334,2555.0,1
618239.0,JULY,3.1782040339607334,2555.0,1
618240.0,APRIL,0.0,734.0,1
618240.0,MAY,0.0,735.0,1
618240.0,JUNE,0.0,735.0,1
618240.0,JULY,0.0,736.0,1
618242.0,APRIL,0.0,5.0,1
618242.0,MAY,0.0,5.0,1
618242.0,JUNE,0.0,365.0,1
618242.0,JULY,0.0,365.0,1
618243.0,APRIL,0.0,0.0,0
618243.0,MAY,0.0,0.0,0
618243.0,JUNE,0.0,0.0,0
618243.0,JULY,0.0,0.0,0
618244.0,APRIL,0.0,0.0,0
618244.0,MAY,0.0,0.0,0
618244.0,JUNE,0.0,0.0,0
618244.0,JULY,0.0,0.0,0
618246.0,APRIL,0.0,0.0,0
618246.0,MAY,0.0,0.0,0
618246.0,JUNE,0.0,729.0,1
618246.0,JULY,0.0,729.0,1
618247.0,APRIL,0.0,0.0,0
618247.0,MAY,0.0,0.0,0
618247.0,JUNE,0.0,0.0,0
618247.0,JULY,0.0,0.0,0
618248.0,APRIL,0.0,0.0,0
618248.0,MAY,0.0,0.0,0
618248.0,JUNE,0.0,0.0,0
618248.0,JULY,0.0,0.0,0
618249.0,APRIL,0.0,0.0,0
618249.0,MAY,0.0,0.0,0
618249.0,JUNE,0.0,0.0,0
618249.0,JULY,0.0,0.0,0
618250.0,APRIL,0.0,366.0,1
618250.0,MAY,0.0,366.0,1
618250.0,JUNE,0.0,366.0,1
618250.0,JULY,0.0,366.0,1
618251.0,APRIL,0.0,0.0,0
618251.0,MAY,0.0,0.0,0
618251.0,JUNE,0.0,0.0,0
618251.0,JULY,0.0,0.0,0
618252.0,APRIL,38.02338352888038,0.0,0
618252.0,MAY,38.02338352888038,0.0,0
618252.0,JUNE,38.02338352888038,0.0,0
618252.0,JULY,38.02338352888038,0.0,0
618253.0,APRIL,2.974912451920313,0.0,0
618253.0,MAY,2.974912451920313,0.0,0
618253.0,JUNE,2.974912451920313,0.0,0
618253.0,JULY,2.974912451920313,0.0,0
618254.0,APRIL,0.0,5.0,1
618254.0,MAY,0.0,5.0,1
618254.0,JUNE,0.0,5.0,1
618254.0,JULY,0.0,5.0,1
618255.0,APRIL,-0.883069427527405,365.0,1
618255.0,MAY,-0.883069427527405,365.0,1
618255.0,JUNE,-0.883069427527405,722.0,1
618255.0,JULY,-0.883069427527405,722.0,1
618256.0,APRIL,0.0,726.0,1
618256.0,MAY,0.0,726.0,1
618256.0,JUNE,0.0,728.0,1
618256.0,JULY,0.0,728.0,1
618257.0,APRIL,0.0,727.0,1
618257.0,MAY,0.0,727.0,1
618257.0,JUNE,0.0,731.0,1
618257.0,JULY,0.0,731.0,1
618258.0,APRIL,-2.5450010112586834,360.0,1
618258.0,MAY,-2.5450010112586834,360.0,1
618259.0,APRIL,0.0,365.0,1
618259.0,MAY,0.0,365.0,1
618260.0,APRIL,0.0,0.0,0
618260.0,MAY,0.0,0.0,0
618260.0,JUNE,0.0,0.0,0
618260.0,JULY,0.0,0.0,0
618262.0,APRIL,0.0,0.0,0
618262.0,MAY,0.0,0.0,0
618262.0,JUNE,0.0,0.0,0
618262.0,JULY,0.0,0.0,0
618263.0,APRIL,0.0,0.0,0
618263.0,MAY,0.0,0.0,0
618263.0,JUNE,0.0,1.0,1
618263.0,JULY,0.0,1.0,1
618264.0,APRIL,0.0,0.0,0
618264.0,MAY,0.0,0.0,0
618264.0,JUNE,0.0,0.0,0
618264.0,JULY,0.0,0.0,0
618265.0,APRIL,-1.7043478260869553,730.0,1
618265.0,MAY,-1.7043478260869553,731.0,1
618265.0,JUNE,-1.7043478260869553,732.0,1
618265.0,JULY,-1.7043478260869553,736.0,1
618266.0,APRIL,4.587381625876281,726.0,1
618266.0,MAY,4.587381625876281,727.0,1
618266.0,JUNE,4.587381625876281,728.0,1
618266.0,JULY,4.587381625876281,729.0,1
618267.0,MAY,0.0,,0
618267.0,JUNE,0.0,0.0,0
618267.0,JULY,0.0,0.0,0
618282.0,APRIL,0.0,362.0,1
618282.0,MAY,0.0,362.0,1
618282.0,JUNE,0.0,362.0,1
618282.0,JULY,0.0,362.0,1
618283.0,APRIL,0.0,362.0,1
618283.0,MAY,0.0,362.0,1
618283.0,JUNE,0.0,362.0,1
618283.0,JULY,0.0,362.0,1
618284.0,APRIL,0.0,0.0,0
618284.0,MAY,0.0,0.0,0
618284.0,JUNE,0.0,0.0,0
618284.0,JULY,0.0,0.0,0
618285.0,APRIL,0.0,356.0,1
618285.0,MAY,0.0,356.0,1
618286.0,APRIL,0.0,732.0,1
618286.0,MAY,0.0,732.0,1
618286.0,JUNE,0.0,732.0,1
618286.0,JULY,0.0,732.0,1
618287.0,APRIL,0.0,0.0,0
618287.0,MAY,0.0,0.0,0
618287.0,JUNE,0.0,0.0,0
618287.0,JULY,0.0,0.0,0
618288.0,APRIL,0.0,0.0,0
618288.0,MAY,0.0,0.0,0
618288.0,JUNE,0.0,0.0,0
618288.0,JULY,0.0,0.0,0
618289.0,APRIL,0.0,1452.0,1
618289.0,MAY,0.0,1452.0,1
618289.0,JUNE,0.0,1452.0,1
618289.0,JULY,0.0,1452.0,1
618290.0,APRIL,0.0,1469.0,1
618290.0,MAY,0.0,1469.0,1
618290.0,JUNE,0.0,1469.0,1
618290.0,JULY,0.0,1469.0,1
618291.0,APRIL,114.13199874882704,371.0,1
618291.0,MAY,114.13199874882704,371.0,1
618291.0,JUNE,114.13199874882704,371.0,1
618291.0,JULY,114.13199874882704,371.0,1
618292.0,APRIL,0.0,1457.0,1
618292.0,MAY,0.0,1457.0,1
618292.0,JUNE,0.0,1826.0,1
618292.0,JULY,0.0,1826.0,1
618293.0,APRIL,51.052563605837534,0.0,0
618293.0,MAY,51.052563605837534,0.0,0
618293.0,JUNE,51.052563605837534,0.0,0
618293.0,JULY,51.052563605837534,0.0,0
618294.0,APRIL,0.0,0.0,0
618294.0,MAY,0.0,0.0,0
618294.0,JUNE,0.0,0.0,0
618294.0,JULY,0.0,0.0,0
618295.0,APRIL,0.0,0.0,0
618295.0,MAY,0.0,0.0,0
618295.0,JUNE,0.0,0.0,0
618295.0,JULY,0.0,0.0,0
618296.0,APRIL,0.0,359.0,1
618296.0,MAY,0.0,360.0,1
618296.0,JUNE,0.0,361.0,1
618296.0,JULY,0.0,361.0,1
618297.0,APRIL,0.0,11.0,1
618297.0,MAY,0.0,11.0,1
618297.0,JUNE,0.0,11.0,1
618297.0,JULY,0.0,11.0,1
618298.0,APRIL,0.0,1101.0,1
618298.0,MAY,0.0,1101.0,1
618298.0,JUNE,0.0,1104.0,1
618298.0,JULY,0.0,1103.0,1
618299.0,APRIL,0.0,0.0,0
618299.0,MAY,0.0,360.0,1
618299.0,JUNE,0.0,360.0,1
618299.0,JULY,0.0,360.0,1
618300.0,APRIL,0.0,1465.0,1
618300.0,MAY,0.0,1465.0,1
618300.0,JUNE,0.0,1465.0,1
618300.0,JULY,0.0,1465.0,1
618301.0,APRIL,0.0,0.0,0
618301.0,MAY,0.0,0.0,0
618301.0,JUNE,0.0,0.0,0
618301.0,JULY,0.0,4.0,1
618302.0,APRIL,0.0,1461.0,1
618302.0,MAY,0.0,1461.0,1
618302.0,JUNE,0.0,1463.0,1
618302.0,JULY,0.0,1463.0,1
618303.0,APRIL,0.0,1459.0,1
618303.0,MAY,0.0,1459.0,1
618303.0,JUNE,0.0,1463.0,1
618303.0,JULY,0.0,1463.0,1
618304.0,APRIL,0.0,4.0,1
618304.0,MAY,0.0,4.0,1
618304.0,JUNE,0.0,361.0,1
618304.0,JULY,0.0,361.0,1
618305.0,APRIL,0.0,0.0,0
618305.0,MAY,0.0,0.0,0
618305.0,JUNE,0.0,361.0,1
618305.0,JULY,0.0,361.0,1
618306.0,APRIL,0.0,2.0,1
618306.0,MAY,0.0,2.0,1
618306.0,JUNE,0.0,5.0,1
618306.0,JULY,0.0,5.0,1
618307.0,JUNE,0.0,365.0,1
618307.0,JULY,0.0,365.0,1
618308.0,APRIL,7.807092785944583,0.0,0
618308.0,MAY,7.807092785944583,0.0,0
618308.0,JUNE,7.807092785944583,0.0,0
618308.0,JULY,7.807092785944583,1.0,1
618309.0,APRIL,0.0,0.0,0
618309.0,MAY,0.0,0.0,0
618309.0,JUNE,0.0,0.0,0
618309.0,JULY,0.0,0.0,0
618310.0,APRIL,0.0,0.0,0
618310.0,MAY,0.0,0.0,0
618310.0,JUNE,0.0,0.0,0
618310.0,JULY,0.0,0.0,0
618311.0,APRIL,0.0,0.0,0
618311.0,MAY,0.0,0.0,0
618311.0,JUNE,0.0,0.0,0
618311.0,JULY,0.0,0.0,0
618312.0,APRIL,0.0,0.0,0
618312.0,MAY,0.0,0.0,0
618312.0,JUNE,0.0,0.0,0
618312.0,JULY,0.0,0.0,0
618313.0,APRIL,0.0,0.0,0
618313.0,MAY,0.0,0.0,0
618313.0,JUNE,0.0,0.0,0
618313.0,JULY,0.0,0.0,0
618314.0,APRIL,0.0,0.0,0
618314.0,MAY,0.0,0.0,0
618314.0,JUNE,0.0,0.0,0
618314.0,JULY,0.0,360.0,1
618315.0,APRIL,0.0,0.0,0
618315.0,MAY,0.0,0.0,0
618315.0,JUNE,0.0,0.0,0
618315.0,JULY,0.0,361.0,1
618316.0,APRIL,0.0,-354.0,0
618316.0,MAY,0.0,-354.0,0
618316.0,JUNE,0.0,-354.0,0
618316.0,JULY,0.0,-354.0,0
618317.0,APRIL,0.0,-354.0,0
618317.0,MAY,0.0,-354.0,0
618317.0,JUNE,0.0,-354.0,0
618317.0,JULY,0.0,-354.0,0
618318.0,APRIL,0.0,-1.0,0
618318.0,MAY,0.0,-1.0,0
618318.0,JUNE,0.0,-1.0,0
618318.0,JULY,0.0,-1.0,0
618319.0,APRIL,0.0,-354.0,0
618319.0,MAY,0.0,-354.0,0
618319.0,JUNE,0.0,-354.0,0
618319.0,JULY,0.0,-354.0,0
618320.0,APRIL,0.0,,0
618320.0,MAY,0.0,,0
618320.0,JUNE,0.0,,0
618320.0,JULY,0.0,,0
618321.0,APRIL,0.0,,0
618321.0,MAY,0.0,,0
618321.0,JUNE,0.0,,0
618321.0,JULY,0.0,,0
618323.0,APRIL,0.0,,0
618323.0,MAY,0.0,,0
618323.0,JUNE,0.0,,0
618323.0,JULY,0.0,,0
618324.0,APRIL,0.0,,0
618324.0,MAY,0.0,,0
618324.0,JUNE,0.0,,0
618324.0,JULY,0.0,,0
618325.0,APRIL,0.0,371.0,1
618325.0,MAY,0.0,371.0,1
618325.0,JUNE,0.0,728.0,1
618326.0,APRIL,0.0,359.0,1
618326.0,MAY,0.0,360.0,1
618326.0,JUNE,0.0,360.0,1
618326.0,JULY,0.0,360.0,1
618327.0,APRIL,0.0,362.0,1
618327.0,MAY,0.0,362.0,1
618328.0,APRIL,41.168425166080496,,0
618328.0,MAY,41.168425166080496,,0
618328.0,JUNE,41.168425166080496,363.0,1
618328.0,JULY,41.168425166080496,365.0,1
618329.0,APRIL,0.0,1089.0,1
618329.0,MAY,0.0,1089.0,1
618330.0,APRIL,0.0,1094.0,1
618330.0,MAY,0.0,1094.0,1
618331.0,APRIL,0.0,0.0,0
618331.0,MAY,0.0,0.0,0
618331.0,JUNE,0.0,0.0,0
618331.0,JULY,0.0,0.0,0
618333.0,APRIL,0.0,359.0,1
618333.0,MAY,0.0,359.0,1
618333.0,JUNE,0.0,365.0,1
618333.0,JULY,0.0,365.0,1
618334.0,APRIL,0.0,368.0,1
618334.0,MAY,0.0,369.0,1
618334.0,JUNE,0.0,372.0,1
618334.0,JULY,0.0,375.0,1
618335.0,APRIL,0.0,732.0,1
618335.0,MAY,0.0,732.0,1
618335.0,JUNE,0.0,734.0,1
618335.0,JULY,0.0,738.0,1
618336.0,APRIL,0.0,1091.0,1
618336.0,MAY,0.0,1091.0,1
618336.0,JUNE,0.0,1091.0,1
618336.0,JULY,0.0,1096.0,1
618337.0,APRIL,0.0,1096.0,1
618337.0,MAY,0.0,1096.0,1
618337.0,JUNE,0.0,1096.0,1
618337.0,JULY,0.0,1096.0,1
618338.0,APRIL,0.0,2.0,1
618338.0,MAY,0.0,3.0,1
618338.0,JUNE,0.0,5.0,1
618338.0,JULY,0.0,7.0,1
618339.0,APRIL,0.0,,0
618339.0,MAY,0.0,,0
618339.0,JUNE,0.0,365.0,1
618340.0,APRIL,0.0,367.0,1
618340.0,MAY,0.0,367.0,1
618340.0,JUNE,0.0,370.0,1
618340.0,JULY,0.0,370.0,1
618341.0,APRIL,0.0,369.0,1
618341.0,MAY,0.0,369.0,1
618342.0,APRIL,0.0,730.0,1
618342.0,MAY,0.0,730.0,1
618343.0,APRIL,0.0,736.0,1
618343.0,MAY,0.0,736.0,1
618344.0,APRIL,0.0,1100.0,1
618344.0,MAY,0.0,1100.0,1
618344.0,JUNE,0.0,1100.0,1
618344.0,JULY,0.0,1100.0,1
618345.0,APRIL,0.0,1458.0,1
618345.0,MAY,0.0,1460.0,1
618345.0,JUNE,0.0,1461.0,1
618345.0,JULY,0.0,1461.0,1
618346.0,APRIL,0.0,1458.0,1
618346.0,MAY,0.0,1458.0,1
618346.0,JUNE,0.0,1462.0,1
618346.0,JULY,0.0,1463.0,1
618347.0,APRIL,0.0,1458.0,1
618347.0,MAY,0.0,1458.0,1
618347.0,JUNE,0.0,1462.0,1
618347.0,JULY,0.0,1463.0,1
618348.0,APRIL,0.0,0.0,0
618348.0,MAY,0.0,0.0,0
618348.0,JUNE,0.0,0.0,0
618348.0,JULY,0.0,0.0,0
618349.0,APRIL,0.0,0.0,0
618349.0,MAY,0.0,0.0,0
618349.0,JUNE,0.0,0.0,0
618349.0,JULY,0.0,0.0,0
618350.0,APRIL,0.0,359.0,1
618350.0,MAY,0.0,359.0,1
618350.0,JUNE,0.0,359.0,1
618350.0,JULY,0.0,359.0,1
618351.0,APRIL,-22.14684442847035,363.0,1
618351.0,MAY,-22.14684442847035,366.0,1
618351.0,JUNE,-22.14684442847035,366.0,1
618351.0,JULY,-22.14684442847035,366.0,1
618352.0,APRIL,-28.585376059137353,363.0,1
618352.0,MAY,-28.585376059137353,364.0,1
618352.0,JUNE,-28.585376059137353,364.0,1
618352.0,JULY,-28.585376059137353,366.0,1
618353.0,APRIL,0.0,363.0,1
618353.0,MAY,0.0,366.0,1
618353.0,JUNE,0.0,366.0,1
618353.0,JULY,0.0,366.0,1
618354.0,APRIL,0.0,3.0,1
618354.0,MAY,0.0,9.0,1
618354.0,JUNE,0.0,9.0,1
618354.0,JULY,0.0,9.0,1
618355.0,APRIL,0.0,1096.0,1
618355.0,MAY,0.0,1096.0,1
618355.0,JUNE,0.0,1096.0,1
618355.0,JULY,0.0,1096.0,1
618356.0,APRIL,0.0,1453.0,1
618356.0,MAY,0.0,1453.0,1
618356.0,JUNE,0.0,1453.0,1
618356.0,JULY,0.0,1453.0,1
618357.0,APRIL,0.0,1092.0,1
618357.0,MAY,0.0,1092.0,1
618357.0,JUNE,0.0,1092.0,1
618357.0,JULY,0.0,1092.0,1
618358.0,APRIL,0.0,738.0,1
618358.0,MAY,0.0,738.0,1
618358.0,JUNE,0.0,738.0,1
618358.0,JULY,0.0,738.0,1
618359.0,APRIL,0.0,0.0,0
618359.0,MAY,0.0,0.0,0
618359.0,JUNE,0.0,0.0,0
618359.0,JULY,0.0,0.0,0
618362.0,APRIL,0.0,1455.0,1
618362.0,MAY,0.0,1455.0,1
618362.0,JUNE,0.0,1460.0,1
618362.0,JULY,0.0,1460.0,1
618363.0,APRIL,0.0,1107.0,1
618363.0,MAY,0.0,1107.0,1
618363.0,JUNE,0.0,1107.0,1
618363.0,JULY,0.0,1107.0,1
618364.0,APRIL,0.0,0.0,0
618364.0,MAY,0.0,0.0,0
618364.0,JUNE,0.0,0.0,0
618364.0,JULY,0.0,0.0,0
618365.0,APRIL,0.0,0.0,0
618365.0,MAY,0.0,0.0,0
618365.0,JUNE,0.0,0.0,0
618365.0,JULY,0.0,0.0,0
618366.0,APRIL,0.0,0.0,0
618366.0,MAY,0.0,0.0,0
618366.0,JUNE,0.0,0.0,0
618366.0,JULY,0.0,0.0,0
618367.0,APRIL,0.0,0.0,0
618367.0,MAY,0.0,359.0,1
618367.0,JUNE,0.0,359.0,1
618367.0,JULY,0.0,359.0,1
618368.0,APRIL,0.0,0.0,0
618368.0,MAY,0.0,361.0,1
618368.0,JUNE,0.0,361.0,1
618368.0,JULY,0.0,361.0,1
618369.0,APRIL,0.0,0.0,0
618369.0,MAY,0.0,359.0,1
618369.0,JUNE,0.0,359.0,1
618369.0,JULY,0.0,359.0,1
618370.0,APRIL,0.0,5.0,1
618370.0,MAY,0.0,5.0,1
618370.0,JUNE,0.0,362.0,1
618370.0,JULY,0.0,362.0,1
618371.0,APRIL,0.0,0.0,0
618371.0,MAY,0.0,0.0,0
618371.0,JUNE,0.0,0.0,0
618371.0,JULY,0.0,0.0,0
618372.0,APRIL,0.0,5.0,1
618372.0,MAY,0.0,5.0,1
618373.0,APRIL,0.0,0.0,0
618373.0,MAY,0.0,0.0,0
618373.0,JUNE,0.0,0.0,0
618373.0,JULY,0.0,0.0,0
618374.0,APRIL,0.0,0.0,0
618374.0,MAY,0.0,0.0,0
618374.0,JUNE,0.0,0.0,0
618374.0,JULY,0.0,0.0,0
618375.0,APRIL,0.0,6.0,1
618375.0,MAY,0.0,6.0,1
618375.0,JUNE,0.0,6.0,1
618375.0,JULY,0.0,6.0,1
618376.0,APRIL,0.0,4.0,1
618376.0,MAY,0.0,4.0,1
618376.0,JUNE,0.0,4.0,1
618376.0,JULY,0.0,4.0,1
618377.0,APRIL,0.0,360.0,1
618377.0,MAY,0.0,361.0,1
618377.0,JUNE,0.0,361.0,1
618377.0,JULY,0.0,361.0,1
618379.0,APRIL,0.0,,0
618379.0,MAY,0.0,1098.0,1
618379.0,JUNE,0.0,1098.0,1
618379.0,JULY,0.0,1098.0,1
618380.0,APRIL,0.0,731.0,1
618380.0,MAY,0.0,1098.0,1
618380.0,JUNE,0.0,1098.0,1
618380.0,JULY,0.0,1098.0,1
618381.0,APRIL,0.0,730.0,1
618381.0,MAY,0.0,730.0,1
618382.0,APRIL,23.864236661384055,367.0,1
618382.0,MAY,23.864236661384055,367.0,1
618383.0,APRIL,0.0,728.0,1
618383.0,MAY,0.0,1093.0,1
618383.0,JUNE,0.0,1093.0,1
618383.0,JULY,0.0,1093.0,1
618384.0,APRIL,0.0,731.0,1
618384.0,MAY,0.0,731.0,1
618385.0,APRIL,0.0,0.0,0
618385.0,MAY,0.0,0.0,0
618385.0,JUNE,0.0,0.0,0
618385.0,JULY,0.0,0.0,0
618386.0,APRIL,8.839639639639628,739.0,1
618386.0,MAY,8.839639639639628,739.0,1
618387.0,APRIL,0.0,1.0,1
618387.0,MAY,0.0,9.0,1
618387.0,JUNE,0.0,9.0,1
618387.0,JULY,0.0,9.0,1
618388.0,APRIL,0.0,371.0,1
618388.0,MAY,0.0,371.0,1
618388.0,JUNE,0.0,371.0,1
618388.0,JULY,0.0,376.0,1
618389.0,APRIL,0.0,734.0,1
618389.0,MAY,0.0,735.0,1
618389.0,JUNE,0.0,737.0,1
618389.0,JULY,0.0,737.0,1
618390.0,APRIL,0.0,1822.0,1
618390.0,MAY,0.0,1822.0,1
618390.0,JUNE,0.0,1822.0,1
618390.0,JULY,0.0,1822.0,1
618391.0,APRIL,0.0,365.0,1
618391.0,MAY,0.0,720.0,1
618391.0,JUNE,0.0,720.0,1
618391.0,JULY,0.0,720.0,1
618392.0,APRIL,0.0,0.0,0
618392.0,MAY,0.0,360.0,1
618392.0,JUNE,0.0,360.0,1
618392.0,JULY,0.0,360.0,1
618393.0,APRIL,0.0,,0
618393.0,MAY,0.0,,0
618393.0,JUNE,0.0,-376.0,0
618393.0,JULY,0.0,-376.0,0
618394.0,APRIL,-1.322299575287877,1467.0,1
618394.0,MAY,-1.322299575287877,1467.0,1
618394.0,JUNE,-1.322299575287877,1467.0,1
618394.0,JULY,-1.322299575287877,1467.0,1
618395.0,APRIL,0.0,1104.0,1
618395.0,MAY,0.0,1104.0,1
618395.0,JUNE,0.0,1104.0,1
618395.0,JULY,0.0,1104.0,1
618396.0,APRIL,0.0,732.0,1
618396.0,MAY,0.0,732.0,1
618397.0,APRIL,0.0,722.0,1
618397.0,MAY,0.0,722.0,1
618397.0,JUNE,0.0,1828.0,1
618397.0,JULY,0.0,1828.0,1
618398.0,APRIL,0.0,1460.0,1
618398.0,MAY,0.0,1460.0,1
618398.0,JUNE,0.0,1463.0,1
618398.0,JULY,0.0,1463.0,1
618399.0,APRIL,0.0,1459.0,1
618399.0,MAY,0.0,1459.0,1
618399.0,JUNE,0.0,1459.0,1
618399.0,JULY,0.0,1459.0,1
618400.0,APRIL,0.0,1092.0,1
618400.0,MAY,0.0,1092.0,1
618400.0,JUNE,0.0,1092.0,1
618400.0,JULY,0.0,1092.0,1
618401.0,APRIL,0.0,0.0,0
618401.0,MAY,0.0,0.0,0
618401.0,JUNE,0.0,0.0,0
618401.0,JULY,0.0,0.0,0
618402.0,APRIL,0.0,1.0,1
618402.0,MAY,0.0,1.0,1
618402.0,JUNE,0.0,1.0,1
618402.0,JULY,0.0,1.0,1
618403.0,APRIL,0.0,0.0,0
618403.0,MAY,0.0,0.0,0
618403.0,JUNE,0.0,0.0,0
618403.0,JULY,0.0,0.0,0
618404.0,APRIL,0.0,0.0,0
618404.0,MAY,0.0,0.0,0
618404.0,JUNE,0.0,0.0,0
618404.0,JULY,0.0,0.0,0
618405.0,APRIL,0.0,0.0,0
618405.0,MAY,0.0,0.0,0
618405.0,JUNE,0.0,0.0,0
618405.0,JULY,0.0,0.0,0
618406.0,APRIL,0.0,363.0,1
618406.0,MAY,0.0,363.0,1
618406.0,JUNE,0.0,1830.0,1
618406.0,JULY,0.0,1830.0,1
618407.0,APRIL,0.0,370.0,1
618407.0,MAY,0.0,371.0,1
618407.0,JUNE,0.0,374.0,1
618407.0,JULY,0.0,374.0,1
618408.0,APRIL,0.0,1102.0,1
618408.0,MAY,0.0,1102.0,1
618408.0,JUNE,0.0,1103.0,1
618408.0,JULY,0.0,1103.0,1
618409.0,APRIL,0.0,1102.0,1
618409.0,MAY,0.0,1102.0,1
618409.0,JUNE,0.0,1102.0,1
618409.0,JULY,0.0,1103.0,1
618410.0,APRIL,0.0,1105.0,1
618410.0,MAY,0.0,1105.0,1
618410.0,JUNE,0.0,1105.0,1
618410.0,JULY,0.0,1105.0,1
618411.0,APRIL,0.0,726.0,1
618411.0,MAY,0.0,726.0,1
618411.0,JUNE,0.0,728.0,1
618411.0,JULY,0.0,730.0,1
618412.0,APRIL,0.0,723.0,1
618412.0,MAY,0.0,723.0,1
618412.0,JUNE,0.0,723.0,1
618412.0,JULY,0.0,723.0,1
618413.0,APRIL,11.953647972098778,365.0,1
618413.0,MAY,11.953647972098778,365.0,1
618413.0,JUNE,11.953647972098778,366.0,1
618413.0,JULY,11.953647972098778,367.0,1
618414.0,APRIL,0.0,0.0,0
618414.0,MAY,0.0,0.0,0
618414.0,JUNE,0.0,0.0,0
618414.0,JULY,0.0,0.0,0
618415.0,APRIL,0.0,1452.0,1
618415.0,MAY,0.0,1452.0,1
618415.0,JUNE,0.0,1452.0,1
618415.0,JULY,0.0,1452.0,1
618416.0,APRIL,0.0,1456.0,1
618416.0,MAY,0.0,1456.0,1
618416.0,JUNE,0.0,1817.0,1
618416.0,JULY,0.0,1817.0,1
618417.0,APRIL,0.0,0.0,0
618417.0,MAY,0.0,0.0,0
618417.0,JUNE,0.0,0.0,0
618417.0,JULY,0.0,0.0,0
618418.0,APRIL,0.0,731.0,1
618418.0,MAY,0.0,738.0,1
618418.0,JUNE,0.0,738.0,1
618418.0,JULY,0.0,738.0,1
618419.0,APRIL,0.0,0.0,0
618419.0,MAY,0.0,0.0,0
618419.0,JUNE,0.0,0.0,0
618419.0,JULY,0.0,0.0,0
618420.0,APRIL,0.0,0.0,0
618420.0,MAY,0.0,0.0,0
618420.0,JUNE,0.0,0.0,0
618420.0,JULY,0.0,0.0,0
618421.0,APRIL,0.0,0.0,0
618421.0,MAY,0.0,0.0,0
618421.0,JUNE,0.0,0.0,0
618421.0,JULY,0.0,0.0,0
618422.0,APRIL,0.0,360.0,1
618422.0,MAY,0.0,360.0,1
618422.0,JUNE,0.0,363.0,1
618422.0,JULY,0.0,363.0,1
618423.0,APRIL,0.0,360.0,1
618423.0,MAY,0.0,360.0,1
618423.0,JUNE,0.0,360.0,1
618423.0,JULY,0.0,360.0,1
618426.0,APRIL,43.837788853647496,736.0,1
618426.0,MAY,43.837788853647496,736.0,1
618426.0,JUNE,43.837788853647496,736.0,1
618426.0,JULY,43.837788853647496,736.0,1
618427.0,APRIL,-11.973506526911457,1097.0,1
618427.0,MAY,-11.973506526911457,1099.0,1
618427.0,JUNE,-11.973506526911457,1099.0,1
618427.0,JULY,-11.973506526911457,1104.0,1
618428.0,APRIL,43.837788853647496,1097.0,1
618428.0,MAY,43.837788853647496,1097.0,1
618428.0,JUNE,43.837788853647496,1097.0,1
618428.0,JULY,43.837788853647496,1097.0,1
618429.0,APRIL,14.537610747582367,1462.0,1
618429.0,MAY,14.537610747582367,1463.0,1
618429.0,JUNE,14.537610747582367,1465.0,1
618429.0,JULY,14.537610747582367,1465.0,1
618430.0,APRIL,0.0,1462.0,1
618430.0,MAY,0.0,1463.0,1
618430.0,JUNE,0.0,1465.0,1
618430.0,JULY,0.0,1465.0,1
618431.0,APRIL,0.0,1097.0,1
618431.0,MAY,0.0,1099.0,1
618431.0,JUNE,0.0,1099.0,1
618431.0,JULY,0.0,1104.0,1
618432.0,APRIL,0.0,368.0,1
618432.0,MAY,0.0,368.0,1
618433.0,APRIL,0.0,1461.0,1
618433.0,MAY,0.0,1461.0,1
618433.0,JUNE,0.0,1461.0,1
618433.0,JULY,0.0,1461.0,1
618434.0,APRIL,0.0,1464.0,1
618434.0,MAY,0.0,1464.0,1
618434.0,JUNE,0.0,1468.0,1
618434.0,JULY,0.0,1468.0,1
618435.0,APRIL,0.0,2194.0,1
618435.0,MAY,0.0,2194.0,1
618435.0,JUNE,0.0,2195.0,1
618436.0,APRIL,0.0,2193.0,1
618436.0,MAY,0.0,2193.0,1
618436.0,JUNE,0.0,2193.0,1
618436.0,JULY,0.0,2193.0,1
618437.0,APRIL,0.0,5.0,1
618437.0,MAY,0.0,5.0,1
618437.0,JUNE,0.0,5.0,1
618437.0,JULY,0.0,5.0,1
618438.0,APRIL,0.0,367.0,1
618438.0,MAY,0.0,367.0,1
618438.0,JUNE,0.0,367.0,1
618438.0,JULY,0.0,367.0,1
618439.0,APRIL,0.0,,0
618439.0,MAY,0.0,,0
618439.0,JUNE,0.0,729.0,1
618440.0,APRIL,-46.43219840718371,,0
618440.0,MAY,-46.43219840718371,,0
618440.0,JUNE,-46.43219840718371,362.0,1
618440.0,JULY,-46.43219840718371,365.0,1
618441.0,APRIL,1.8619465999700675,,0
618441.0,MAY,1.8619465999700675,,0
618441.0,JUNE,1.8619465999700675,363.0,1
618441.0,JULY,1.8619465999700675,366.0,1
618442.0,APRIL,0.0,,0
618442.0,MAY,0.0,,0
618442.0,JUNE,0.0,729.0,1
618442.0,JULY,0.0,729.0,1
618443.0,APRIL,0.0,,0
618443.0,MAY,0.0,,0
618443.0,JUNE,0.0,726.0,1
618444.0,APRIL,0.0,,0
618444.0,MAY,0.0,,0
618444.0,JUNE,0.0,730.0,1
618445.0,APRIL,0.0,0.0,0
618445.0,MAY,0.0,0.0,0
618445.0,JUNE,0.0,0.0,0
618445.0,JULY,0.0,0.0,0
618446.0,APRIL,-2.9650196587086044,732.0,1
618446.0,MAY,-2.9650196587086044,735.0,1
618446.0,JUNE,-2.9650196587086044,735.0,1
618446.0,JULY,-2.9650196587086044,735.0,1
618447.0,APRIL,-7.6229907452508545,734.0,1
618447.0,MAY,-7.6229907452508545,738.0,1
618447.0,JUNE,-7.6229907452508545,1099.0,1
618447.0,JULY,-7.6229907452508545,1099.0,1
618448.0,APRIL,-3.696176495794506,1094.0,1
618448.0,MAY,-3.696176495794506,1096.0,1
618448.0,JUNE,-3.696176495794506,1454.0,1
618448.0,JULY,-3.696176495794506,1454.0,1
618449.0,APRIL,6.274679973963987,1101.0,1
618449.0,MAY,6.274679973963987,1101.0,1
618449.0,JUNE,6.274679973963987,1101.0,1
618449.0,JULY,6.274679973963987,1101.0,1
618450.0,APRIL,0.0,1462.0,1
618450.0,MAY,0.0,1468.0,1
618450.0,JUNE,0.0,1468.0,1
618450.0,JULY,0.0,1468.0,1
618452.0,APRIL,0.0,360.0,1
618452.0,MAY,0.0,360.0,1
618452.0,JUNE,0.0,360.0,1
618452.0,JULY,0.0,360.0,1
618454.0,APRIL,0.0,733.0,1
618454.0,MAY,0.0,733.0,1
618454.0,JUNE,0.0,733.0,1
618454.0,JULY,0.0,733.0,1
618455.0,APRIL,0.0,735.0,1
618455.0,MAY,0.0,735.0,1
618455.0,JUNE,0.0,735.0,1
618455.0,JULY,0.0,735.0,1
618456.0,APRIL,6.684236387189009,729.0,1
618456.0,MAY,6.684236387189009,729.0,1
618457.0,APRIL,-0.6135258489987938,1098.0,1
618457.0,MAY,-0.6135258489987938,1098.0,1
618457.0,JUNE,-0.6135258489987938,1099.0,1
618457.0,JULY,-0.6135258489987938,1100.0,1
618458.0,APRIL,0.0,737.0,1
618458.0,MAY,0.0,737.0,1
618458.0,JUNE,0.0,737.0,1
618458.0,JULY,0.0,738.0,1
618459.0,APRIL,0.07716049382716342,728.0,1
618459.0,MAY,0.07716049382716342,733.0,1
618459.0,JUNE,0.07716049382716342,1090.0,1
618459.0,JULY,0.07716049382716342,1090.0,1
618460.0,APRIL,0.28494989630989165,1090.0,1
618460.0,MAY,0.28494989630989165,1090.0,1
618460.0,JUNE,0.28494989630989165,1089.0,1
618462.0,APRIL,0.38240569048850603,1096.0,1
618462.0,MAY,0.38240569048850603,1097.0,1
618462.0,JUNE,0.38240569048850603,1097.0,1
618462.0,JULY,0.38240569048850603,1099.0,1
618463.0,APRIL,111.91087225627247,1822.0,1
618463.0,MAY,111.91087225627247,1823.0,1
618463.0,JUNE,111.91087225627247,1823.0,1
618463.0,JULY,111.91087225627247,1824.0,1
618464.0,APRIL,89.15250059422674,1089.0,1
618464.0,MAY,89.15250059422674,1089.0,1
618465.0,APRIL,98.34005729988891,1090.0,1
618465.0,MAY,98.34005729988891,1090.0,1
618466.0,APRIL,-0.3661742613920872,8.0,1
618466.0,MAY,-0.3661742613920872,8.0,1
618466.0,JUNE,-0.3661742613920872,8.0,1
618467.0,APRIL,-0.2748470609096593,361.0,1
618467.0,MAY,-0.2748470609096593,727.0,1
618467.0,JUNE,-0.2748470609096593,727.0,1
618467.0,JULY,-0.2748470609096593,727.0,1
618468.0,APRIL,25.528789081202323,730.0,1
618468.0,MAY,25.528789081202323,730.0,1
618469.0,APRIL,32.30625689162826,736.0,1
618469.0,MAY,32.30625689162826,736.0,1
618469.0,JUNE,32.30625689162826,736.0,1
618469.0,JULY,32.30625689162826,737.0,1
618470.0,APRIL,12.916810359482989,731.0,1
618470.0,MAY,12.916810359482989,732.0,1
618470.0,JUNE,12.916810359482989,733.0,1
618470.0,JULY,12.916810359482989,734.0,1
618471.0,APRIL,11.778021203578861,732.0,1
618471.0,MAY,11.778021203578861,732.0,1
618471.0,JUNE,11.778021203578861,733.0,1
618471.0,JULY,11.778021203578861,734.0,1
618472.0,APRIL,6.509699392862436,727.0,1
618472.0,MAY,6.509699392862436,727.0,1
618472.0,JUNE,6.509699392862436,728.0,1
618472.0,JULY,6.509699392862436,729.0,1
618473.0,APRIL,11.515475306517928,364.0,1
618473.0,MAY,11.515475306517928,364.0,1
618473.0,JUNE,11.515475306517928,365.0,1
618473.0,JULY,11.515475306517928,366.0,1
618475.0,APRIL,0.0,368.0,1
618475.0,MAY,0.0,369.0,1
618475.0,JUNE,0.0,369.0,1
618475.0,JULY,0.0,369.0,1
618476.0,APRIL,0.0,726.0,1
618476.0,MAY,0.0,729.0,1
618476.0,JUNE,0.0,729.0,1
618476.0,JULY,0.0,729.0,1
618477.0,APRIL,0.0,732.0,1
618477.0,MAY,0.0,732.0,1
618477.0,JUNE,0.0,734.0,1
618477.0,JULY,0.0,734.0,1
618478.0,APRIL,0.0,731.0,1
618478.0,MAY,0.0,731.0,1
618478.0,JUNE,0.0,732.0,1
618478.0,JULY,0.0,732.0,1
618479.0,APRIL,0.0,1098.0,1
618479.0,MAY,0.0,1101.0,1
618479.0,JUNE,0.0,1101.0,1
618479.0,JULY,0.0,1101.0,1
618480.0,APRIL,0.006151953245149741,367.0,1
618480.0,MAY,0.006151953245149741,367.0,1
618480.0,JUNE,0.006151953245149741,367.0,1
618480.0,JULY,0.006151953245149741,367.0,1
618481.0,APRIL,0.0,734.0,1
618481.0,MAY,0.0,734.0,1
618481.0,JUNE,0.0,734.0,1
618481.0,JULY,0.0,734.0,1
618482.0,APRIL,30.185535416744802,1089.0,1
618482.0,MAY,30.185535416744802,1090.0,1
618482.0,JUNE,30.185535416744802,1091.0,1
618482.0,JULY,30.185535416744802,1091.0,1
618483.0,APRIL,16.863228304875907,735.0,1
618483.0,MAY,16.863228304875907,736.0,1
618483.0,JUNE,16.863228304875907,737.0,1
618483.0,JULY,16.863228304875907,737.0,1
618484.0,APRIL,12.92684293425141,358.0,1
618484.0,MAY,12.92684293425141,358.0,1
618485.0,APRIL,20.789624698726044,356.0,1
618485.0,MAY,20.789624698726044,356.0,1
618486.0,APRIL,30.95311907960457,731.0,1
618486.0,MAY,30.95311907960457,732.0,1
618486.0,JUNE,30.95311907960457,733.0,1
618486.0,JULY,30.95311907960457,734.0,1
618487.0,APRIL,0.8239479037628848,730.0,1
618487.0,MAY,0.8239479037628848,730.0,1
618488.0,APRIL,7.342779073079645,,0
618488.0,MAY,7.342779073079645,,0
618488.0,JUNE,7.342779073079645,374.0,1
618489.0,APRIL,30.012368550395085,1092.0,1
618489.0,MAY,30.012368550395085,1092.0,1
618489.0,JUNE,30.012368550395085,1092.0,1
618489.0,JULY,30.012368550395085,1092.0,1
618490.0,APRIL,-5.272004188212395,368.0,1
618490.0,MAY,-5.272004188212395,368.0,1
618490.0,JUNE,-5.272004188212395,731.0,1
618492.0,APRIL,-11.285449030665792,720.0,1
618492.0,MAY,-11.285449030665792,720.0,1
618492.0,JUNE,-11.285449030665792,4.0,1
618492.0,JULY,-11.285449030665792,4.0,1
618493.0,APRIL,-29.818079372630162,729.0,1
618493.0,MAY,-29.818079372630162,729.0,1
618493.0,JUNE,-29.818079372630162,729.0,1
618493.0,JULY,-29.818079372630162,729.0,1
618494.0,APRIL,36.89239212508518,734.0,1
618494.0,MAY,36.89239212508518,734.0,1
618494.0,JUNE,36.89239212508518,734.0,1
618494.0,JULY,36.89239212508518,734.0,1
618495.0,APRIL,0.0,727.0,1
618495.0,MAY,0.0,732.0,1
618495.0,JUNE,0.0,732.0,1
618495.0,JULY,0.0,735.0,1
618496.0,APRIL,38.471334782513225,731.0,1
618496.0,MAY,38.471334782513225,731.0,1
618496.0,JUNE,38.471334782513225,731.0,1
618496.0,JULY,38.471334782513225,731.0,1
618497.0,APRIL,0.0,722.0,1
618497.0,MAY,0.0,725.0,1
618497.0,JUNE,0.0,725.0,1
618497.0,JULY,-4.908699170346974,725.0,1
618498.0,APRIL,0.7056272152001187,364.0,1
618498.0,MAY,0.7056272152001187,364.0,1
618499.0,APRIL,-1.5038470505945478,363.0,1
618499.0,MAY,-1.5038470505945478,364.0,1
618499.0,JUNE,-1.5038470505945478,365.0,1
618499.0,JULY,-1.5038470505945478,366.0,1
618500.0,APRIL,3.2180804335161186,733.0,1
618500.0,MAY,3.2180804335161186,734.0,1
618500.0,JUNE,3.2180804335161186,735.0,1
618500.0,JULY,3.2180804335161186,736.0,1
618501.0,APRIL,9.47996918335901,735.0,1
618501.0,MAY,9.47996918335901,736.0,1
618502.0,APRIL,22.210210974041583,735.0,1
618502.0,MAY,22.210210974041583,736.0,1
618503.0,APRIL,11.737456964914328,1094.0,1
618503.0,MAY,11.737456964914328,1095.0,1
618503.0,JUNE,11.737456964914328,1096.0,1
618503.0,JULY,11.737456964914328,1097.0,1
618504.0,APRIL,14.975121852152723,1089.0,1
618504.0,MAY,14.975121852152723,1090.0,1
618504.0,JUNE,14.975121852152723,1091.0,1
618504.0,JULY,14.975121852152723,1092.0,1
618505.0,APRIL,-29.049897470950103,732.0,1
618505.0,MAY,-29.049897470950103,732.0,1
618505.0,JUNE,-29.049897470950103,733.0,1
618505.0,JULY,-29.049897470950103,733.0,1
618506.0,APRIL,-40.254891223179165,0.0,0
618506.0,MAY,-40.254891223179165,0.0,0
618506.0,JUNE,-40.254891223179165,0.0,0
618506.0,JULY,-40.254891223179165,0.0,0
618507.0,APRIL,7.429305912596402,365.0,1
618507.0,MAY,7.429305912596402,366.0,1
618507.0,JUNE,7.429305912596402,366.0,1
618507.0,JULY,7.429305912596402,367.0,1
618508.0,APRIL,0.0,0.0,0
618508.0,MAY,0.0,5.0,1
618508.0,JUNE,0.0,5.0,1
618508.0,JULY,0.0,5.0,1
618509.0,APRIL,5.431256399705243,1091.0,1
618509.0,MAY,5.431256399705243,1092.0,1
618509.0,JUNE,5.431256399705243,1092.0,1
618509.0,JULY,5.431256399705243,1094.0,1
618511.0,APRIL,-35.69526455945352,365.0,1
618511.0,MAY,-35.69526455945352,365.0,1
618511.0,JUNE,-35.69526455945352,0.0,0
618511.0,JULY,-35.69526455945352,0.0,0
618512.0,APRIL,-10.022821736877498,1467.0,1
618512.0,MAY,-10.022821736877498,1467.0,1
618512.0,JUNE,-10.022821736877498,1469.0,1
618512.0,JULY,-10.022821736877498,1469.0,1
618513.0,APRIL,-32.03153483747247,731.0,1
618513.0,MAY,-32.03153483747247,731.0,1
618513.0,JUNE,-32.03153483747247,731.0,1
618513.0,JULY,-32.03153483747247,731.0,1
618514.0,APRIL,-86.38183214556938,731.0,1
618514.0,MAY,-86.38183214556938,731.0,1
618514.0,JUNE,-86.38183214556938,731.0,1
618514.0,JULY,-86.38183214556938,731.0,1
618515.0,APRIL,-16.376664638680456,366.0,1
618515.0,MAY,-16.376664638680456,367.0,1
618516.0,APRIL,-23.175631885936497,372.0,1
618516.0,MAY,-23.175631885936497,372.0,1
618516.0,JUNE,-23.175631885936497,731.0,1
618516.0,JULY,-23.175631885936497,731.0,1
618517.0,APRIL,-32.7667145210016,367.0,1
618517.0,MAY,-32.7667145210016,367.0,1
618517.0,JUNE,-32.7667145210016,726.0,1
618517.0,JULY,-32.7667145210016,726.0,1
618518.0,APRIL,24.140870437968736,2194.0,1
618518.0,MAY,24.140870437968736,2194.0,1
618518.0,JUNE,24.140870437968736,2194.0,1
618518.0,JULY,24.140870437968736,2197.0,1
618519.0,APRIL,-3.352792804226088,369.0,1
618519.0,MAY,-3.352792804226088,372.0,1
618519.0,JUNE,-3.352792804226088,372.0,1
618519.0,JULY,-3.352792804226088,372.0,1
618520.0,APRIL,24.176015124344907,1098.0,1
618520.0,MAY,24.176015124344907,1099.0,1
618520.0,JUNE,24.176015124344907,1100.0,1
618520.0,JULY,24.176015124344907,1101.0,1
618521.0,APRIL,0.0,1829.0,1
618521.0,MAY,0.0,1830.0,1
618521.0,JUNE,0.0,1831.0,1
618521.0,JULY,0.0,1832.0,1
618522.0,APRIL,0.0,357.0,1
618522.0,MAY,0.0,358.0,1
618522.0,JUNE,0.0,358.0,1
618522.0,JULY,0.0,358.0,1
618523.0,APRIL,65.13194501994862,1828.0,1
618523.0,MAY,65.13194501994862,1828.0,1
618523.0,JUNE,65.13194501994862,1828.0,1
618523.0,JULY,65.13194501994862,1828.0,1
618524.0,APRIL,-25.246143111869145,0.0,0
618524.0,MAY,-25.246143111869145,5.0,1
618524.0,JUNE,-25.246143111869145,5.0,1
618524.0,JULY,-25.246143111869145,5.0,1
618525.0,APRIL,-31.634058969413065,0.0,0
618525.0,MAY,-31.634058969413065,0.0,0
618525.0,JUNE,-31.634058969413065,0.0,0
618525.0,JULY,-31.634058969413065,0.0,0
618526.0,APRIL,0.0,1824.0,1
618526.0,MAY,0.0,1827.0,1
618526.0,JUNE,0.0,1827.0,1
618526.0,JULY,0.0,1827.0,1
618527.0,APRIL,47.15085763077928,735.0,1
618527.0,MAY,47.15085763077928,736.0,1
618529.0,APRIL,-7.98560031329862,1469.0,1
618529.0,MAY,-7.98560031329862,1469.0,1
618529.0,JUNE,-7.98560031329862,1469.0,1
618529.0,JULY,-7.98560031329862,1469.0,1
618530.0,APRIL,0.0,4386.0,1
618530.0,MAY,0.0,4386.0,1
618530.0,JUNE,0.0,4387.0,1
618530.0,JULY,0.0,4388.0,1
618531.0,APRIL,-25.382660319025863,0.0,0
618531.0,MAY,-25.382660319025863,0.0,0
618531.0,JUNE,-25.382660319025863,0.0,0
618531.0,JULY,-25.382660319025863,0.0,0
618532.0,APRIL,-59.49924826882346,733.0,1
618532.0,MAY,-59.49924826882346,733.0,1
618533.0,APRIL,0.5017976275161932,3649.0,1
618533.0,MAY,0.5017976275161932,3652.0,1
618533.0,JUNE,0.5017976275161932,3652.0,1
618533.0,JULY,0.5017976275161932,3652.0,1
618534.0,MAY,0.0,-730.0,0
618534.0,JUNE,0.0,0.0,0
618534.0,JULY,0.0,0.0,0
618535.0,APRIL,-35.658723119647554,0.0,0
618535.0,MAY,-35.658723119647554,0.0,0
618535.0,JUNE,-35.658723119647554,0.0,0
618535.0,JULY,-35.658723119647554,0.0,0
618536.0,APRIL,-25.654025805566462,0.0,0
618536.0,MAY,-25.654025805566462,0.0,0
618536.0,JUNE,-25.654025805566462,0.0,0
618536.0,JULY,-25.654025805566462,0.0,0
618537.0,APRIL,-25.205987170349246,0.0,0
618537.0,MAY,-25.205987170349246,361.0,1
618537.0,JUNE,-25.205987170349246,361.0,1
618537.0,JULY,-25.205987170349246,361.0,1
618538.0,APRIL,-37.1471762947096,0.0,0
618538.0,MAY,-37.1471762947096,0.0,0
618538.0,JUNE,-37.1471762947096,0.0,0
618538.0,JULY,-37.1471762947096,0.0,0
618539.0,APRIL,1.607292020451436,0.0,0
618539.0,MAY,1.607292020451436,0.0,0
618539.0,JUNE,1.607292020451436,0.0,0
618539.0,JULY,1.607292020451436,0.0,0
618540.0,APRIL,-10.277122479140086,359.0,1
618540.0,MAY,-10.277122479140086,359.0,1
618540.0,JUNE,-10.277122479140086,359.0,1
618540.0,JULY,-10.277122479140086,359.0,1
618541.0,APRIL,-10.794668420115338,736.0,1
618541.0,MAY,-10.794668420115338,739.0,1
618541.0,JUNE,-10.794668420115338,739.0,1
618541.0,JULY,-10.794668420115338,739.0,1
618542.0,MAY,0.0,0.0,0
618542.0,JUNE,0.0,0.0,0
618542.0,JULY,0.0,0.0,0
618543.0,APRIL,-45.90962100650047,734.0,1
618543.0,MAY,-45.90962100650047,734.0,1
618543.0,JUNE,-45.90962100650047,734.0,1
618543.0,JULY,-45.90962100650047,734.0,1
618544.0,APRIL,-27.169423698345774,733.0,1
618544.0,MAY,-27.169423698345774,734.0,1
618544.0,JUNE,-27.169423698345774,734.0,1
618544.0,JULY,-27.169423698345774,734.0,1
618545.0,APRIL,-27.620101549277443,1094.0,1
618545.0,MAY,-27.620101549277443,1094.0,1
618545.0,JUNE,-27.620101549277443,1094.0,1
618545.0,JULY,-27.620101549277443,1094.0,1
618547.0,APRIL,-33.02393340270552,363.0,1
618547.0,MAY,-33.02393340270552,365.0,1
618547.0,JUNE,-33.02393340270552,365.0,1
618547.0,JULY,-33.02393340270552,365.0,1
618549.0,APRIL,201.5001030290542,371.0,1
618549.0,MAY,201.5001030290542,371.0,1
618549.0,JUNE,201.5001030290542,371.0,1
618549.0,JULY,201.5001030290542,371.0,1
618550.0,APRIL,-74.79608292238295,734.0,1
618550.0,MAY,-74.79608292238295,737.0,1
618550.0,JUNE,-74.79608292238295,737.0,1
618550.0,JULY,-74.79608292238295,737.0,1
618551.0,APRIL,3.548237129017274,0.0,0
618551.0,MAY,3.548237129017274,0.0,0
618551.0,JUNE,3.548237129017274,0.0,0
618551.0,JULY,3.548237129017274,0.0,0
618552.0,APRIL,23.509265802010436,735.0,1
618552.0,MAY,23.509265802010436,735.0,1
618552.0,JUNE,23.509265802010436,735.0,1
618552.0,JULY,23.509265802010436,735.0,1
618553.0,APRIL,8.019882625676162,368.0,1
618553.0,MAY,8.019882625676162,370.0,1
618554.0,APRIL,-10.426949935172754,728.0,1
618554.0,MAY,-10.426949935172754,730.0,1
618554.0,JUNE,-10.426949935172754,730.0,1
618554.0,JULY,-10.426949935172754,730.0,1
618556.0,APRIL,0.0,3.0,1
618556.0,MAY,0.0,3.0,1
618556.0,JUNE,0.0,4.0,1
618556.0,JULY,0.0,5.0,1
618557.0,APRIL,-11.581186708251506,1.0,1
618557.0,MAY,-11.581186708251506,1.0,1
618557.0,JUNE,-11.581186708251506,1.0,1
618557.0,JULY,-11.581186708251506,3.0,1
618558.0,APRIL,-5.475724497378313,371.0,1
618558.0,MAY,-5.475724497378313,371.0,1
618558.0,JUNE,-5.475724497378313,732.0,1
618559.0,APRIL,1.280846739401389,728.0,1
618559.0,MAY,1.280846739401389,728.0,1
618559.0,JUNE,1.280846739401389,736.0,1
618560.0,APRIL,-2.6127257284242567,,0
618560.0,MAY,-2.6127257284242567,,0
618560.0,JUNE,-2.6127257284242567,731.0,1
618561.0,APRIL,-19.215681941236916,0.0,0
618561.0,MAY,-19.215681941236916,0.0,0
618561.0,JUNE,-19.215681941236916,0.0,0
618561.0,JULY,-19.215681941236916,0.0,0
618562.0,APRIL,-48.96373056994819,,0
618562.0,MAY,-48.96373056994819,,0
618563.0,APRIL,0.0,1464.0,1
618563.0,MAY,0.0,1464.0,1
618563.0,JUNE,0.0,1465.0,1
618563.0,JULY,0.0,1466.0,1
618564.0,APRIL,-97.78987745855217,719.0,1
618564.0,MAY,-97.78987745855217,721.0,1
618564.0,JUNE,-97.78987745855217,721.0,1
618564.0,JULY,-97.78987745855217,721.0,1
618565.0,APRIL,-46.5989172760946,5.0,1
618565.0,MAY,-46.5989172760946,5.0,1
618566.0,APRIL,-36.95782125452132,365.0,1
618566.0,MAY,-36.95782125452132,365.0,1
618566.0,JUNE,-36.95782125452132,365.0,1
618566.0,JULY,-36.95782125452132,365.0,1
618567.0,APRIL,-19.878654983532375,0.0,0
618567.0,MAY,-19.878654983532375,0.0,0
618567.0,JUNE,-19.878654983532375,0.0,0
618567.0,JULY,-19.878654983532375,0.0,0
618568.0,APRIL,-21.961883099251125,0.0,0
618568.0,MAY,-21.961883099251125,0.0,0
618568.0,JUNE,-21.961883099251125,0.0,0
618568.0,JULY,-21.961883099251125,0.0,0
618569.0,APRIL,70.57843370626041,742.0,1
618569.0,MAY,70.57843370626041,1097.0,1
618569.0,JUNE,70.57843370626041,1097.0,1
618570.0,APRIL,-23.543324016340573,727.0,1
618570.0,MAY,-23.543324016340573,727.0,1
618571.0,APRIL,41.35533553355336,360.0,1
618571.0,MAY,41.35533553355336,363.0,1
618571.0,JUNE,41.35533553355336,363.0,1
618571.0,JULY,41.35533553355336,365.0,1
618572.0,APRIL,-1.2806864737572266,0.0,0
618572.0,MAY,-1.2806864737572266,0.0,0
618572.0,JUNE,-1.2806864737572266,0.0,0
618572.0,JULY,-1.2806864737572266,0.0,0
618574.0,APRIL,-47.08104659987023,0.0,0
618574.0,MAY,-47.08104659987023,0.0,0
618574.0,JUNE,-47.08104659987023,0.0,0
618574.0,JULY,-47.08104659987023,0.0,0
618576.0,APRIL,-8.983081032947462,,0
618576.0,MAY,-8.983081032947462,,0
618577.0,APRIL,3.1464012278638784,2186.0,1
618577.0,MAY,3.1464012278638784,2187.0,1
618577.0,JUNE,3.1464012278638784,1455.0,1
618578.0,APRIL,71.06934525432045,729.0,1
618578.0,MAY,71.06934525432045,730.0,1
618579.0,APRIL,17.026117926394935,1824.0,1
618579.0,MAY,17.026117926394935,1825.0,1
618579.0,JUNE,17.026117926394935,1826.0,1
618579.0,JULY,17.026117926394935,1827.0,1
618580.0,APRIL,53.48738738032323,1459.0,1
618580.0,MAY,53.48738738032323,1460.0,1
618580.0,JUNE,53.48738738032323,1461.0,1
618580.0,JULY,53.48738738032323,1461.0,1
618581.0,APRIL,4.062551571471664,728.0,1
618581.0,MAY,4.062551571471664,728.0,1
618581.0,JUNE,4.062551571471664,1087.0,1
618581.0,JULY,0.0,1087.0,1
618582.0,APRIL,0.0,,0
618582.0,MAY,0.0,,0
618583.0,APRIL,0.0,4.0,1
618583.0,MAY,0.0,4.0,1
618584.0,APRIL,-11.142038137177526,0.0,0
618584.0,MAY,-11.142038137177526,0.0,0
618584.0,JUNE,-11.142038137177526,0.0,0
618584.0,JULY,-11.142038137177526,0.0,0
618585.0,APRIL,-16.11450176793903,7.0,1
618585.0,MAY,-16.11450176793903,7.0,1
618585.0,JUNE,-16.11450176793903,7.0,1
618585.0,JULY,-16.11450176793903,7.0,1
618586.0,APRIL,-42.05196640238638,0.0,0
618586.0,MAY,-42.05196640238638,2.0,1
618586.0,JUNE,-42.05196640238638,2.0,1
618586.0,JULY,-42.05196640238638,2.0,1
618588.0,APRIL,-13.201540056271286,1090.0,1
618588.0,MAY,-13.201540056271286,1091.0,1
618588.0,JUNE,-13.201540056271286,1092.0,1
618588.0,JULY,-13.201540056271286,1093.0,1
618589.0,APRIL,-9.36925601750547,363.0,1
618589.0,MAY,-9.36925601750547,726.0,1
618589.0,JUNE,-9.36925601750547,726.0,1
618589.0,JULY,-9.36925601750547,726.0,1
618590.0,APRIL,-20.262902649446122,372.0,1
618590.0,MAY,-20.262902649446122,728.0,1
618590.0,JUNE,-20.262902649446122,728.0,1
618590.0,JULY,-20.262902649446122,728.0,1
618591.0,APRIL,-43.410749124729406,0.0,0
618591.0,MAY,-43.410749124729406,0.0,0
618591.0,JUNE,-43.410749124729406,0.0,0
618591.0,JULY,-43.410749124729406,0.0,0
618592.0,APRIL,-23.637100798403193,363.0,1
618592.0,MAY,-23.637100798403193,370.0,1
618592.0,JUNE,-23.637100798403193,370.0,1
618592.0,JULY,-23.637100798403193,370.0,1
618593.0,APRIL,-38.07154792647729,0.0,0
618593.0,MAY,-38.07154792647729,0.0,0
618593.0,JUNE,-38.07154792647729,0.0,0
618593.0,JULY,-38.07154792647729,0.0,0
618594.0,APRIL,-40.30986598750834,726.0,1
618594.0,MAY,-40.30986598750834,727.0,1
618594.0,JUNE,-40.30986598750834,728.0,1
618594.0,JULY,-40.30986598750834,729.0,1
618595.0,APRIL,45.326805806063724,1095.0,1
618595.0,MAY,45.326805806063724,1095.0,1
618595.0,JUNE,45.326805806063724,1095.0,1
618595.0,JULY,45.326805806063724,1095.0,1
618596.0,APRIL,31.05614086789951,1103.0,1
618596.0,MAY,31.05614086789951,1103.0,1
618596.0,JUNE,31.05614086789951,1457.0,1
618596.0,JULY,31.05614086789951,1457.0,1
618597.0,APRIL,21.607601293916908,1094.0,1
618597.0,MAY,21.607601293916908,1094.0,1
618597.0,JUNE,21.607601293916908,1457.0,1
618597.0,JULY,21.607601293916908,1457.0,1
618598.0,APRIL,3.3047619047619032,1460.0,1
618598.0,MAY,3.3047619047619032,1461.0,1
618598.0,JUNE,3.3047619047619032,1462.0,1
618598.0,JULY,3.3047619047619032,1464.0,1
618599.0,APRIL,-0.09443330876035744,729.0,1
618599.0,MAY,-0.09443330876035744,729.0,1
618599.0,JUNE,-0.09443330876035744,731.0,1
618599.0,JULY,0.0,732.0,1
618600.0,APRIL,0.0,729.0,1
618600.0,MAY,0.0,730.0,1
618600.0,JUNE,0.0,731.0,1
618600.0,JULY,0.0,732.0,1
618601.0,APRIL,0.0,370.0,1
618601.0,MAY,0.0,735.0,1
618601.0,JUNE,0.0,735.0,1
618601.0,JULY,0.0,735.0,1
618602.0,APRIL,0.0,369.0,1
618602.0,MAY,0.0,734.0,1
618602.0,JUNE,0.0,734.0,1
618602.0,JULY,0.0,734.0,1
618603.0,APRIL,4.050412312237786,373.0,1
618603.0,MAY,4.050412312237786,731.0,1
618603.0,JUNE,4.050412312237786,731.0,1
618603.0,JULY,4.050412312237786,731.0,1
618604.0,APRIL,-1.9217787875794419,11.0,1
618604.0,MAY,-1.9217787875794419,11.0,1
618604.0,JUNE,-1.9217787875794419,11.0,1
618604.0,JULY,-1.9217787875794419,11.0,1
618605.0,APRIL,-8.346735117073111,734.0,1
618605.0,MAY,-8.346735117073111,1092.0,1
618605.0,JUNE,-8.346735117073111,1092.0,1
618605.0,JULY,-8.346735117073111,1092.0,1
618606.0,APRIL,-2.2412565944019094,731.0,1
618606.0,MAY,-2.2412565944019094,731.0,1
618606.0,JUNE,-2.2412565944019094,731.0,1
618606.0,JULY,-2.2412565944019094,731.0,1
618607.0,APRIL,29.49713947940636,1089.0,1
618607.0,MAY,29.49713947940636,1089.0,1
618607.0,JUNE,29.49713947940636,1089.0,1
618607.0,JULY,29.49713947940636,1089.0,1
618608.0,APRIL,-19.23054793732379,367.0,1
618608.0,MAY,-19.23054793732379,368.0,1
618608.0,JUNE,-19.23054793732379,368.0,1
618608.0,JULY,-19.23054793732379,369.0,1
618609.0,APRIL,-31.700786041288765,363.0,1
618609.0,MAY,-31.700786041288765,363.0,1
618609.0,JUNE,-31.700786041288765,363.0,1
618609.0,JULY,-31.700786041288765,363.0,1
618610.0,APRIL,67.10716367230066,362.0,1
618610.0,MAY,67.10716367230066,363.0,1
618610.0,JUNE,67.10716367230066,364.0,1
618610.0,JULY,67.10716367230066,365.0,1
618611.0,APRIL,5.337763863012112,1095.0,1
618611.0,MAY,5.337763863012112,1096.0,1
618611.0,JUNE,5.337763863012112,1097.0,1
618611.0,JULY,5.337763863012112,1098.0,1
618612.0,APRIL,-12.517275186335775,1093.0,1
618612.0,MAY,-12.517275186335775,1094.0,1
618612.0,JUNE,-12.517275186335775,1095.0,1
618612.0,JULY,-12.517275186335775,1096.0,1
618613.0,APRIL,-9.713327694538433,1094.0,1
618613.0,MAY,-9.713327694538433,1095.0,1
618613.0,JUNE,-9.713327694538433,1096.0,1
618613.0,JULY,-9.713327694538433,1097.0,1
618614.0,APRIL,1.7213877442509697,1093.0,1
618614.0,MAY,1.7213877442509697,1094.0,1
618615.0,APRIL,7.376469832294543,1098.0,1
618615.0,MAY,7.376469832294543,1100.0,1
618615.0,JUNE,7.376469832294543,1100.0,1
618615.0,JULY,7.376469832294543,1101.0,1
618616.0,APRIL,-27.181175868793762,0.0,0
618616.0,MAY,-27.181175868793762,0.0,0
618616.0,JUNE,-27.181175868793762,0.0,0
618616.0,JULY,-27.181175868793762,0.0,0
618617.0,APRIL,26.02450015454943,1091.0,1
618617.0,MAY,26.02450015454943,1091.0,1
618617.0,JUNE,26.02450015454943,1097.0,1
618617.0,JULY,26.02450015454943,1097.0,1
618618.0,APRIL,31.93719599639261,0.0,0
618618.0,MAY,31.93719599639261,366.0,1
618618.0,JUNE,31.93719599639261,366.0,1
618618.0,JULY,31.93719599639261,366.0,1
618619.0,APRIL,0.0,0.0,0
618619.0,MAY,0.0,0.0,0
618619.0,JUNE,0.0,0.0,0
618619.0,JULY,0.0,0.0,0
618620.0,APRIL,1.6845550368195599,736.0,1
618620.0,MAY,1.6845550368195599,1091.0,1
618620.0,JUNE,1.6845550368195599,1092.0,1
618620.0,JULY,1.6845550368195599,1092.0,1
618621.0,APRIL,31.649466804265565,374.0,1
618621.0,MAY,31.649466804265565,374.0,1
618621.0,JUNE,31.649466804265565,374.0,1
618621.0,JULY,31.649466804265565,374.0,1
618622.0,APRIL,-11.268955465263716,734.0,1
618622.0,MAY,-11.268955465263716,737.0,1
618622.0,JUNE,-11.268955465263716,737.0,1
618622.0,JULY,-11.268955465263716,737.0,1
618623.0,APRIL,-24.72995340242095,6.0,1
618623.0,MAY,-24.72995340242095,9.0,1
618623.0,JUNE,-24.72995340242095,9.0,1
618623.0,JULY,-24.72995340242095,9.0,1
618624.0,APRIL,22.21124093659075,-1.0,0
618624.0,MAY,22.21124093659075,-1.0,0
618625.0,APRIL,-81.5131914893617,4751.0,1
618625.0,MAY,-81.5131914893617,4751.0,1
618626.0,APRIL,-51.19094103865678,359.0,1
618626.0,MAY,-51.19094103865678,359.0,1
618626.0,JUNE,-51.19094103865678,359.0,1
618626.0,JULY,-51.19094103865678,359.0,1
618627.0,APRIL,-33.52124376928555,0.0,0
618627.0,MAY,-33.52124376928555,0.0,0
618627.0,JUNE,-33.52124376928555,0.0,0
618627.0,JULY,-33.52124376928555,0.0,0
618628.0,APRIL,-41.6883030424073,363.0,1
618628.0,MAY,-41.6883030424073,367.0,1
618628.0,JUNE,-41.6883030424073,723.0,1
618628.0,JULY,-41.6883030424073,723.0,1
618629.0,APRIL,6.852212368111132,2556.0,1
618629.0,MAY,6.852212368111132,2560.0,1
618629.0,JUNE,6.852212368111132,2560.0,1
618629.0,JULY,6.852212368111132,2560.0,1
618630.0,APRIL,-18.350625753536313,370.0,1
618630.0,MAY,-18.350625753536313,370.0,1
618630.0,JUNE,-18.350625753536313,370.0,1
618630.0,JULY,-18.350625753536313,371.0,1
618631.0,APRIL,-2.817173757943096,366.0,1
618631.0,MAY,-2.817173757943096,366.0,1
618631.0,JUNE,-2.817173757943096,368.0,1
618631.0,JULY,-2.817173757943096,368.0,1
618632.0,APRIL,7.406950188259985,372.0,1
618632.0,MAY,7.406950188259985,372.0,1
618632.0,JUNE,7.406950188259985,372.0,1
618632.0,JULY,7.406950188259985,372.0,1
618633.0,APRIL,0.0,0.0,0
618633.0,MAY,0.0,0.0,0
618633.0,JUNE,0.0,0.0,0
618633.0,JULY,0.0,0.0,0
618634.0,APRIL,0.0,369.0,1
618634.0,MAY,0.0,373.0,1
618634.0,JUNE,0.0,373.0,1
618634.0,JULY,0.0,373.0,1
618635.0,APRIL,0.0,375.0,1
618635.0,MAY,0.0,741.0,1
618635.0,JUNE,0.0,741.0,1
618635.0,JULY,0.0,741.0,1
618636.0,APRIL,2.3884734634324283,361.0,1
618636.0,MAY,2.3884734634324283,361.0,1
618636.0,JUNE,2.3884734634324283,361.0,1
618636.0,JULY,2.3884734634324283,361.0,1
618637.0,APRIL,1.1377994885343525,1464.0,1
618637.0,MAY,1.1377994885343525,1464.0,1
618637.0,JUNE,1.1377994885343525,1464.0,1
618637.0,JULY,1.1377994885343525,1464.0,1
618638.0,APRIL,12.897323180437315,1823.0,1
618638.0,MAY,12.897323180437315,1823.0,1
618639.0,APRIL,36.01388237703374,735.0,1
618639.0,MAY,36.01388237703374,735.0,1
618639.0,JUNE,36.01388237703374,735.0,1
618639.0,JULY,36.01388237703374,740.0,1
618640.0,APRIL,26.491840976429483,0.0,0
618640.0,MAY,26.491840976429483,0.0,0
618640.0,JUNE,26.491840976429483,0.0,0
618640.0,JULY,26.491840976429483,0.0,0
618641.0,APRIL,0.0,0.0,0
618641.0,MAY,0.0,0.0,0
618641.0,JUNE,0.0,0.0,0
618641.0,JULY,0.0,0.0,0
618642.0,APRIL,0.6808537757643639,733.0,1
618642.0,MAY,0.6808537757643639,734.0,1
618642.0,JUNE,0.6808537757643639,735.0,1
618642.0,JULY,0.6808537757643639,737.0,1
618644.0,APRIL,20.35178981505107,366.0,1
618644.0,MAY,20.35178981505107,371.0,1
618644.0,JUNE,20.35178981505107,371.0,1
618644.0,JULY,20.35178981505107,371.0,1
618645.0,APRIL,2.249074873260124,364.0,1
618645.0,MAY,2.249074873260124,369.0,1
618645.0,JUNE,2.249074873260124,369.0,1
618645.0,JULY,2.249074873260124,369.0,1
618646.0,MAY,0.0,0.0,0
618646.0,JUNE,0.0,0.0,0
618646.0,JULY,0.0,0.0,0
618647.0,APRIL,12.576805550959172,363.0,1
618647.0,MAY,12.576805550959172,366.0,1
618647.0,JUNE,12.576805550959172,366.0,1
618647.0,JULY,12.576805550959172,366.0,1
618648.0,JUNE,0.0,0.0,0
618648.0,JULY,0.0,0.0,0
618649.0,APRIL,-18.727280022469213,360.0,1
618649.0,MAY,-18.727280022469213,360.0,1
618649.0,JUNE,-18.727280022469213,360.0,1
618649.0,JULY,-18.727280022469213,360.0,1
618650.0,APRIL,-10.578488158955949,8.0,1
618650.0,MAY,-10.578488158955949,8.0,1
618650.0,JUNE,-10.578488158955949,363.0,1
618650.0,JULY,-10.578488158955949,363.0,1
618651.0,APRIL,-9.380340084600949,4.0,1
618651.0,MAY,-9.380340084600949,4.0,1
618651.0,JUNE,-9.380340084600949,5.0,1
618651.0,JULY,-9.380340084600949,5.0,1
618652.0,APRIL,169.2253782081232,1094.0,1
618652.0,MAY,169.2253782081232,1094.0,1
618653.0,APRIL,180.44948547019612,2191.0,1
618653.0,MAY,180.44948547019612,1835.0,1
618653.0,JUNE,180.44948547019612,1835.0,1
618653.0,JULY,180.44948547019612,1835.0,1
618654.0,APRIL,-9.88661000364537,364.0,1
618654.0,MAY,-9.88661000364537,728.0,1
618654.0,JUNE,-9.88661000364537,728.0,1
618654.0,JULY,-9.88661000364537,728.0,1
618655.0,APRIL,-39.92238419821882,0.0,0
618655.0,MAY,-39.92238419821882,0.0,0
618655.0,JUNE,-39.92238419821882,0.0,0
618655.0,JULY,-39.92238419821882,0.0,0
618661.0,APRIL,0.5696018599244511,0.0,0
618661.0,MAY,0.5696018599244511,0.0,0
618661.0,JUNE,0.5696018599244511,0.0,0
618661.0,JULY,0.5696018599244511,0.0,0
618662.0,APRIL,0.0,0.0,0
618662.0,MAY,0.0,0.0,0
618662.0,JUNE,0.0,0.0,0
618662.0,JULY,0.0,0.0,0
618663.0,APRIL,-6.250809367746819,358.0,1
618663.0,MAY,-6.250809367746819,365.0,1
618663.0,JUNE,-6.250809367746819,365.0,1
618663.0,JULY,-6.250809367746819,365.0,1
618664.0,APRIL,-10.199298833930346,726.0,1
618664.0,MAY,-10.199298833930346,732.0,1
618664.0,JUNE,-10.199298833930346,732.0,1
618664.0,JULY,-10.199298833930346,732.0,1
618665.0,APRIL,-16.490047800905433,732.0,1
618665.0,MAY,-16.490047800905433,733.0,1
618666.0,APRIL,-24.171496089574063,0.0,0
618666.0,MAY,-24.171496089574063,0.0,0
618666.0,JUNE,-24.171496089574063,0.0,0
618666.0,JULY,-24.171496089574063,0.0,0
618667.0,APRIL,-12.269413975874858,-365.0,0
618667.0,MAY,-12.269413975874858,0.0,0
618667.0,JUNE,-12.269413975874858,0.0,0
618667.0,JULY,-12.269413975874858,0.0,0
618668.0,APRIL,-15.03462117410939,0.0,0
618668.0,MAY,-15.03462117410939,0.0,0
618668.0,JUNE,-15.03462117410939,0.0,0
618668.0,JULY,-15.03462117410939,-366.0,0
618669.0,APRIL,-12.707219537885885,-1.0,0
618669.0,MAY,-12.707219537885885,-1.0,0
618669.0,JUNE,-12.707219537885885,-1.0,0
618669.0,JULY,-12.707219537885885,0.0,0
618671.0,APRIL,-44.57813788753578,0.0,0
618671.0,MAY,-44.57813788753578,0.0,0
618671.0,JUNE,-44.57813788753578,0.0,0
618671.0,JULY,-44.57813788753578,0.0,0
618672.0,APRIL,-34.423979456300366,0.0,0
618672.0,MAY,-34.423979456300366,0.0,0
618672.0,JUNE,-34.423979456300366,0.0,0
618672.0,JULY,-34.423979456300366,0.0,0
618673.0,APRIL,-17.471988539603416,1088.0,1
618673.0,MAY,-17.471988539603416,1089.0,1
618673.0,JUNE,-17.471988539603416,1089.0,1
618673.0,JULY,-17.471988539603416,1089.0,1
618674.0,APRIL,-0.6065015332521995,369.0,1
618674.0,MAY,-0.6065015332521995,370.0,1
618674.0,JUNE,-0.6065015332521995,371.0,1
618674.0,JULY,-0.6065015332521995,372.0,1
618675.0,APRIL,-0.2700511031549292,723.0,1
618675.0,MAY,-0.2700511031549292,723.0,1
618675.0,JUNE,-0.2700511031549292,723.0,1
618675.0,JULY,-0.2700511031549292,723.0,1
618676.0,APRIL,33.60683188211656,732.0,1
618676.0,MAY,33.60683188211656,732.0,1
618677.0,APRIL,24.59749959408995,732.0,1
618677.0,MAY,24.59749959408995,737.0,1
618677.0,JUNE,24.59749959408995,737.0,1
618677.0,JULY,24.59749959408995,737.0,1
618678.0,APRIL,29.223524206101516,732.0,1
618678.0,MAY,29.223524206101516,732.0,1
618678.0,JUNE,29.223524206101516,733.0,1
618678.0,JULY,29.223524206101516,734.0,1
618680.0,APRIL,28.14287819714082,726.0,1
618680.0,MAY,28.14287819714082,727.0,1
618680.0,JUNE,28.14287819714082,728.0,1
618680.0,JULY,28.14287819714082,729.0,1
618681.0,APRIL,2.1001216985166096,734.0,1
618681.0,MAY,2.1001216985166096,734.0,1
618681.0,JUNE,2.1001216985166096,735.0,1
618681.0,JULY,2.1001216985166096,736.0,1
618682.0,APRIL,1.3417812528084894,736.0,1
618682.0,MAY,1.3417812528084894,736.0,1
618682.0,JUNE,1.3417812528084894,736.0,1
618682.0,JULY,1.3417812528084894,737.0,1
618684.0,APRIL,-14.258770686610116,7.0,1
618684.0,MAY,-14.258770686610116,365.0,1
618684.0,JUNE,-14.258770686610116,365.0,1
618684.0,JULY,-14.258770686610116,365.0,1
618685.0,APRIL,-15.145296519029014,2.0,1
618685.0,MAY,-15.145296519029014,7.0,1
618685.0,JUNE,-15.145296519029014,9.0,1
618685.0,JULY,-15.145296519029014,9.0,1
618686.0,APRIL,-16.82383267530265,3.0,1
618686.0,MAY,-16.82383267530265,8.0,1
618686.0,JUNE,-16.82383267530265,8.0,1
618686.0,JULY,-16.82383267530265,8.0,1
618687.0,APRIL,-0.06898348995141193,367.0,1
618687.0,MAY,-0.06898348995141193,370.0,1
618687.0,JUNE,-0.06898348995141193,370.0,1
618687.0,JULY,-0.06898348995141193,370.0,1
618688.0,APRIL,-32.06241348936707,0.0,0
618688.0,MAY,-32.06241348936707,0.0,0
618688.0,JUNE,-32.06241348936707,0.0,0
618688.0,JULY,-32.06241348936707,0.0,0
618690.0,APRIL,1.34124493501184,0.0,0
618690.0,MAY,1.34124493501184,0.0,0
618690.0,JUNE,1.34124493501184,0.0,0
618690.0,JULY,1.34124493501184,0.0,0
618691.0,APRIL,-3.7511845565765416,0.0,0
618691.0,MAY,-3.7511845565765416,0.0,0
618691.0,JUNE,-3.7511845565765416,0.0,0
618691.0,JULY,-3.7511845565765416,0.0,0
618692.0,APRIL,68.72105915345983,1463.0,1
618692.0,MAY,68.72105915345983,1463.0,1
618692.0,JUNE,68.72105915345983,1463.0,1
618693.0,APRIL,-3.8727524204702575,731.0,1
618693.0,MAY,-3.8727524204702575,731.0,1
618693.0,JUNE,-3.8727524204702575,732.0,1
618693.0,JULY,-3.8727524204702575,732.0,1
618694.0,APRIL,-19.60466335076981,727.0,1
618694.0,MAY,-19.60466335076981,728.0,1
618694.0,JUNE,-19.60466335076981,728.0,1
618694.0,JULY,-19.60466335076981,729.0,1
618695.0,APRIL,8.23751112351905,1091.0,1
618695.0,MAY,8.23751112351905,1092.0,1
618697.0,APRIL,-54.62532547403396,365.0,1
618697.0,MAY,-54.62532547403396,365.0,1
618697.0,JUNE,-54.62532547403396,368.0,1
618697.0,JULY,-54.62532547403396,368.0,1
618698.0,APRIL,60.47519528573386,736.0,1
618698.0,MAY,60.47519528573386,736.0,1
618699.0,APRIL,58.38318236198942,,0
618699.0,MAY,58.38318236198942,,0
618700.0,APRIL,34.729937898866936,735.0,1
618700.0,MAY,34.729937898866936,739.0,1
618700.0,JUNE,34.729937898866936,739.0,1
618700.0,JULY,34.729937898866936,739.0,1
618701.0,APRIL,-14.047592322370637,362.0,1
618701.0,MAY,-14.047592322370637,362.0,1
618702.0,APRIL,-20.597040097820134,1090.0,1
618702.0,MAY,-20.597040097820134,1097.0,1
618702.0,JUNE,-20.597040097820134,1097.0,1
618702.0,JULY,-20.597040097820134,1454.0,1
618704.0,APRIL,-29.524062044279475,-360.0,0
618704.0,MAY,-29.524062044279475,-360.0,0
618704.0,JUNE,-29.524062044279475,-359.0,0
618704.0,JULY,-29.524062044279475,-358.0,0
618705.0,APRIL,0.0,0.0,0
618705.0,MAY,0.0,0.0,0
618705.0,JUNE,0.0,0.0,0
618705.0,JULY,0.0,0.0,0
618706.0,APRIL,16.916713624961023,1821.0,1
618706.0,MAY,16.916713624961023,1822.0,1
618706.0,JUNE,16.916713624961023,1822.0,1
618706.0,JULY,16.916713624961023,1824.0,1
618707.0,APRIL,0.0,0.0,0
618707.0,MAY,0.0,11.0,1
618707.0,JUNE,0.0,4.0,1
618707.0,JULY,0.0,4.0,1
618708.0,APRIL,6.568586995882002,364.0,1
618708.0,MAY,6.568586995882002,727.0,1
618708.0,JUNE,6.568586995882002,727.0,1
618708.0,JULY,6.568586995882002,727.0,1
618709.0,APRIL,-25.933664142073653,1094.0,1
618709.0,MAY,-25.933664142073653,1094.0,1
618709.0,JUNE,-25.933664142073653,1094.0,1
618709.0,JULY,-25.933664142073653,1094.0,1
618710.0,APRIL,-5.6426285331961905,1090.0,1
618710.0,MAY,-5.6426285331961905,1091.0,1
618710.0,JUNE,-5.6426285331961905,1092.0,1
618710.0,JULY,-5.6426285331961905,1093.0,1
618711.0,APRIL,-29.701876608297244,725.0,1
618711.0,MAY,-29.701876608297244,726.0,1
618711.0,JUNE,-29.701876608297244,727.0,1
618711.0,JULY,-29.701876608297244,728.0,1
618712.0,APRIL,-12.562709488027696,10.0,1
618712.0,MAY,-12.562709488027696,366.0,1
618712.0,JUNE,-12.562709488027696,366.0,1
618712.0,JULY,-12.562709488027696,366.0,1
618713.0,APRIL,-15.055563885973244,367.0,1
618713.0,MAY,-15.055563885973244,374.0,1
618713.0,JUNE,-15.055563885973244,374.0,1
618713.0,JULY,-15.055563885973244,374.0,1
618714.0,APRIL,-12.56562883998532,10.0,1
618714.0,MAY,-12.56562883998532,369.0,1
618714.0,JUNE,-12.56562883998532,369.0,1
618714.0,JULY,-12.56562883998532,369.0,1
618715.0,APRIL,-10.652563981490232,365.0,1
618715.0,MAY,-10.652563981490232,367.0,1
618715.0,JUNE,-10.652563981490232,367.0,1
618715.0,JULY,-10.652563981490232,367.0,1
618716.0,APRIL,-10.558862333947681,9.0,1
618716.0,MAY,-10.558862333947681,365.0,1
618716.0,JUNE,-10.558862333947681,365.0,1
618716.0,JULY,-10.558862333947681,365.0,1
618717.0,APRIL,-16.502177648140005,8.0,1
618717.0,MAY,-16.502177648140005,364.0,1
618717.0,JUNE,-16.502177648140005,364.0,1
618717.0,JULY,-16.502177648140005,364.0,1
618718.0,APRIL,-12.432016700543874,2.0,1
618718.0,MAY,-12.432016700543874,10.0,1
618718.0,JUNE,-12.432016700543874,10.0,1
618718.0,JULY,-12.432016700543874,10.0,1
618719.0,APRIL,-17.29444896701943,364.0,1
618719.0,MAY,-17.29444896701943,370.0,1
618719.0,JUNE,-17.29444896701943,370.0,1
618719.0,JULY,-17.29444896701943,370.0,1
618720.0,APRIL,-14.08570560226928,364.0,1
618720.0,MAY,-14.08570560226928,366.0,1
618720.0,JUNE,-14.08570560226928,366.0,1
618720.0,JULY,-14.08570560226928,366.0,1
618721.0,APRIL,-14.104359261981214,364.0,1
618721.0,MAY,-14.104359261981214,371.0,1
618721.0,JUNE,-14.104359261981214,371.0,1
618721.0,JULY,-14.104359261981214,371.0,1
618722.0,APRIL,-32.33039884139098,367.0,1
618722.0,MAY,-32.33039884139098,728.0,1
618722.0,JUNE,-32.33039884139098,728.0,1
618722.0,JULY,-32.33039884139098,728.0,1
618723.0,APRIL,-20.095096544225036,372.0,1
618723.0,MAY,-20.095096544225036,372.0,1
618723.0,JUNE,-20.095096544225036,727.0,1
618723.0,JULY,-20.095096544225036,727.0,1
618724.0,APRIL,0.24546300604932686,0.0,0
618724.0,MAY,0.24546300604932686,0.0,0
618724.0,JUNE,0.24546300604932686,0.0,0
618724.0,JULY,0.24546300604932686,0.0,0
618725.0,APRIL,0.22025167145966457,0.0,0
618725.0,MAY,0.22025167145966457,0.0,0
618725.0,JUNE,0.22025167145966457,0.0,0
618725.0,JULY,0.22025167145966457,0.0,0
618726.0,APRIL,8.106017261247606,0.0,0
618726.0,MAY,8.106017261247606,0.0,0
618726.0,JUNE,8.106017261247606,0.0,0
618726.0,JULY,8.106017261247606,0.0,0
618727.0,APRIL,8.529176760054282,0.0,0
618727.0,MAY,8.529176760054282,0.0,0
618727.0,JUNE,8.529176760054282,0.0,0
618727.0,JULY,8.529176760054282,0.0,0
618728.0,APRIL,9.122430043463396,359.0,1
618728.0,MAY,9.122430043463396,359.0,1
618728.0,JUNE,9.122430043463396,359.0,1
618728.0,JULY,9.122430043463396,359.0,1
618729.0,JUNE,0.0,,0
618729.0,JULY,0.0,0.0,0
618730.0,MAY,0.0,0.0,0
618730.0,JUNE,0.0,0.0,0
618730.0,JULY,0.0,0.0,0
618731.0,JULY,0.0,0.0,0
618732.0,MAY,0.0,0.0,0
618732.0,JUNE,0.0,0.0,0
618732.0,JULY,0.0,0.0,0
618733.0,JUNE,0.0,,0
618733.0,JULY,0.0,0.0,0
618734.0,APRIL,14.265173366594777,0.0,0
618734.0,MAY,14.265173366594777,0.0,0
618734.0,JUNE,14.265173366594777,0.0,0
618734.0,JULY,14.265173366594777,0.0,0
618735.0,APRIL,7.332058383891664,731.0,1
618735.0,MAY,7.332058383891664,735.0,1
618735.0,JUNE,7.332058383891664,735.0,1
618735.0,JULY,7.332058383891664,735.0,1
618736.0,APRIL,-11.114434024736711,0.0,0
618736.0,MAY,-11.114434024736711,0.0,0
618736.0,JUNE,-11.114434024736711,0.0,0
618736.0,JULY,-11.114434024736711,0.0,0
618737.0,APRIL,-98.16163146970645,0.0,0
618737.0,MAY,-98.16163146970645,0.0,0
618737.0,JUNE,-98.16163146970645,0.0,0
618737.0,JULY,-98.16163146970645,0.0,0
618738.0,APRIL,-46.7294161028277,725.0,1
618738.0,MAY,-46.7294161028277,725.0,1
618738.0,JUNE,-46.7294161028277,725.0,1
618738.0,JULY,-46.7294161028277,725.0,1
618739.0,APRIL,2.6248813734794227,371.0,1
618739.0,MAY,2.6248813734794227,734.0,1
618739.0,JUNE,2.6248813734794227,734.0,1
618739.0,JULY,2.6248813734794227,734.0,1
618740.0,APRIL,3.463806037569179,729.0,1
618740.0,MAY,3.463806037569179,734.0,1
618740.0,JUNE,3.463806037569179,734.0,1
618740.0,JULY,3.463806037569179,734.0,1
618741.0,APRIL,6.014276639498704,734.0,1
618741.0,MAY,6.014276639498704,1096.0,1
618741.0,JUNE,6.014276639498704,1096.0,1
618741.0,JULY,6.014276639498704,1096.0,1
618742.0,APRIL,0.0,0.0,0
618742.0,MAY,0.0,0.0,0
618742.0,JUNE,0.0,0.0,0
618742.0,JULY,0.0,0.0,0
618743.0,APRIL,-58.84499589453517,,0
618743.0,MAY,-58.84499589453517,,0
618744.0,APRIL,-26.49748832372304,369.0,1
618744.0,MAY,-26.49748832372304,370.0,1
618744.0,JUNE,-26.49748832372304,370.0,1
618744.0,JULY,-26.49748832372304,371.0,1
618745.0,APRIL,-13.694596235579832,366.0,1
618745.0,MAY,-13.694596235579832,367.0,1
618746.0,APRIL,67.70091301294272,731.0,1
618746.0,MAY,67.70091301294272,731.0,1
618746.0,JUNE,67.70091301294272,731.0,1
618746.0,JULY,67.70091301294272,731.0,1
618747.0,APRIL,47.92887281494876,727.0,1
618747.0,MAY,47.92887281494876,728.0,1
618747.0,JUNE,47.92887281494876,729.0,1
618747.0,JULY,47.92887281494876,730.0,1
618748.0,APRIL,32.0793157349351,362.0,1
618748.0,MAY,32.0793157349351,362.0,1
618749.0,APRIL,30.134561901283806,728.0,1
618749.0,MAY,30.134561901283806,728.0,1
618749.0,JUNE,30.134561901283806,729.0,1
618751.0,APRIL,1.9014871486289109,722.0,1
618751.0,MAY,1.9014871486289109,722.0,1
618751.0,JUNE,1.9014871486289109,724.0,1
618751.0,JULY,1.9014871486289109,724.0,1
618754.0,APRIL,-42.903867239040345,0.0,0
618754.0,MAY,-42.903867239040345,0.0,0
618754.0,JUNE,-42.903867239040345,0.0,0
618754.0,JULY,-42.903867239040345,0.0,0
618755.0,APRIL,-36.852002758101925,2.0,1
618755.0,MAY,-36.852002758101925,3.0,1
618756.0,APRIL,-1.6714076060369811,1465.0,1
618756.0,MAY,-1.6714076060369811,1465.0,1
618756.0,JUNE,-1.6714076060369811,1465.0,1
618756.0,JULY,-1.6714076060369811,1466.0,1
618757.0,APRIL,-22.10327330613869,2.0,1
618757.0,MAY,-22.10327330613869,368.0,1
618757.0,JUNE,-22.10327330613869,368.0,1
618757.0,JULY,-22.10327330613869,368.0,1
618758.0,APRIL,-29.782532325510235,0.0,0
618758.0,MAY,-29.782532325510235,0.0,0
618758.0,JUNE,-29.782532325510235,0.0,0
618758.0,JULY,-29.782532325510235,-1.0,0
618759.0,APRIL,3.78912530439933,361.0,1
618759.0,MAY,3.78912530439933,366.0,1
618759.0,JUNE,3.78912530439933,366.0,1
618759.0,JULY,3.78912530439933,366.0,1
618760.0,APRIL,-13.973886946567237,728.0,1
618760.0,MAY,-13.973886946567237,728.0,1
618761.0,APRIL,-1.4275776547802648,370.0,1
618761.0,MAY,-1.4275776547802648,370.0,1
618761.0,JUNE,-1.4275776547802648,370.0,1
618761.0,JULY,-1.4275776547802648,371.0,1
618762.0,APRIL,-17.041472423626963,2195.0,1
618762.0,MAY,-17.041472423626963,2196.0,1
618762.0,JUNE,-17.041472423626963,2197.0,1
618762.0,JULY,-17.041472423626963,2198.0,1
618764.0,APRIL,22.427100785403713,724.0,1
618764.0,MAY,22.427100785403713,731.0,1
618764.0,JUNE,22.427100785403713,731.0,1
618764.0,JULY,22.427100785403713,731.0,1
618765.0,APRIL,15.820780116076506,365.0,1
618765.0,MAY,15.820780116076506,365.0,1
618765.0,JUNE,15.820780116076506,366.0,1
618765.0,JULY,15.820780116076506,366.0,1
618766.0,APRIL,-28.314385150812072,0.0,0
618766.0,MAY,-28.314385150812072,0.0,0
618766.0,JUNE,-28.314385150812072,0.0,0
618766.0,JULY,-28.314385150812072,0.0,0
618768.0,APRIL,0.0,8.0,1
618768.0,MAY,0.0,8.0,1
618768.0,JUNE,0.0,8.0,1
618768.0,JULY,0.0,8.0,1
618769.0,APRIL,-9.224744795013978,0.0,0
618769.0,MAY,-9.224744795013978,0.0,0
618769.0,JUNE,-9.224744795013978,0.0,0
618769.0,JULY,-9.224744795013978,0.0,0
618770.0,APRIL,-47.028053316800985,359.0,1
618770.0,MAY,-47.028053316800985,359.0,1
618771.0,APRIL,-1.9415508507598334,723.0,1
618771.0,MAY,-1.9415508507598334,723.0,1
618772.0,APRIL,13.784660934920007,360.0,1
618772.0,MAY,13.784660934920007,364.0,1
618772.0,JUNE,13.784660934920007,364.0,1
618772.0,JULY,13.784660934920007,364.0,1
618773.0,APRIL,0.5846393242191831,,0
618773.0,MAY,0.5846393242191831,,0
618774.0,APRIL,-15.95726313437535,735.0,1
618774.0,MAY,-15.95726313437535,735.0,1
618775.0,APRIL,0.0,0.0,0
618775.0,MAY,0.0,0.0,0
618775.0,JUNE,0.0,0.0,0
618775.0,JULY,0.0,0.0,0
618776.0,APRIL,5.1306912293459375,366.0,1
618776.0,MAY,5.1306912293459375,369.0,1
618776.0,JUNE,5.1306912293459375,369.0,1
618776.0,JULY,5.1306912293459375,369.0,1
618777.0,APRIL,-68.42293085908163,360.0,1
618777.0,MAY,-68.42293085908163,362.0,1
618777.0,JUNE,-68.42293085908163,362.0,1
618777.0,JULY,-68.42293085908163,362.0,1
618778.0,APRIL,6.212083282289458,370.0,1
618778.0,MAY,6.212083282289458,370.0,1
618778.0,JUNE,6.212083282289458,371.0,1
618778.0,JULY,6.212083282289458,372.0,1
618779.0,APRIL,-76.74684385382061,729.0,1
618779.0,MAY,-76.74684385382061,730.0,1
618782.0,APRIL,0.0,8.0,1
618782.0,MAY,0.0,365.0,1
618782.0,JUNE,0.0,365.0,1
618782.0,JULY,0.0,365.0,1
618783.0,APRIL,0.0,363.0,1
618783.0,MAY,0.0,372.0,1
618783.0,JUNE,0.0,372.0,1
618783.0,JULY,0.0,372.0,1
618784.0,APRIL,0.0,6.0,1
618784.0,MAY,0.0,6.0,1
618784.0,JUNE,0.0,362.0,1
618784.0,JULY,0.0,362.0,1
618785.0,APRIL,20.92643668971767,368.0,1
618785.0,MAY,20.92643668971767,368.0,1
618785.0,JUNE,20.92643668971767,375.0,1
618785.0,JULY,20.92643668971767,375.0,1
618786.0,APRIL,25.69501329009176,4.0,1
618786.0,MAY,25.69501329009176,4.0,1
618786.0,JUNE,25.69501329009176,4.0,1
618786.0,JULY,25.69501329009176,4.0,1
618787.0,APRIL,22.882466898751698,368.0,1
618787.0,MAY,22.882466898751698,368.0,1
618787.0,JUNE,22.882466898751698,727.0,1
618787.0,JULY,22.882466898751698,727.0,1
618788.0,APRIL,26.57837406440759,365.0,1
618788.0,MAY,26.57837406440759,366.0,1
618788.0,JUNE,26.57837406440759,368.0,1
618788.0,JULY,26.57837406440759,368.0,1
618790.0,APRIL,8.128686628655,5.0,1
618790.0,MAY,8.128686628655,5.0,1
618790.0,JUNE,8.128686628655,5.0,1
618790.0,JULY,8.128686628655,5.0,1
618791.0,APRIL,0.0,0.0,0
618791.0,MAY,0.0,0.0,0
618791.0,JUNE,0.0,0.0,0
618791.0,JULY,0.0,0.0,0
618792.0,APRIL,-13.98404787142073,358.0,1
618792.0,MAY,-13.98404787142073,359.0,1
618792.0,JUNE,-13.98404787142073,361.0,1
618792.0,JULY,-13.98404787142073,361.0,1
618793.0,APRIL,18.736346355718204,368.0,1
618793.0,MAY,18.736346355718204,368.0,1
618793.0,JUNE,18.736346355718204,368.0,1
618793.0,JULY,18.736346355718204,369.0,1
618794.0,APRIL,-20.633287608596255,1092.0,1
618794.0,MAY,-20.633287608596255,1096.0,1
618794.0,JUNE,-20.633287608596255,1096.0,1
618794.0,JULY,-20.633287608596255,1096.0,1
618795.0,APRIL,-16.704299653505288,735.0,1
618795.0,MAY,-16.704299653505288,735.0,1
618795.0,JUNE,-16.704299653505288,735.0,1
618795.0,JULY,-16.704299653505288,735.0,1
618796.0,APRIL,0.21603224794225825,1827.0,1
618796.0,MAY,0.21603224794225825,1828.0,1
618796.0,JUNE,0.21603224794225825,1829.0,1
618796.0,JULY,0.21603224794225825,1830.0,1
618797.0,APRIL,-25.102002892438456,0.0,0
618797.0,MAY,-25.102002892438456,0.0,0
618797.0,JUNE,-25.102002892438456,0.0,0
618797.0,JULY,-25.102002892438456,0.0,0
618798.0,APRIL,-10.959499119546082,368.0,1
618798.0,MAY,-10.959499119546082,371.0,1
618798.0,JUNE,-10.959499119546082,371.0,1
618798.0,JULY,-10.959499119546082,371.0,1
618799.0,APRIL,0.0,1455.0,1
618799.0,MAY,0.0,1456.0,1
618799.0,JUNE,0.0,1457.0,1
618799.0,JULY,3.778171573973099,1460.0,1
618800.0,APRIL,0.0,371.0,1
618800.0,MAY,0.0,1094.0,1
618800.0,JUNE,0.0,1094.0,1
618800.0,JULY,0.0,1094.0,1
618801.0,APRIL,0.0,371.0,1
618801.0,MAY,0.0,1094.0,1
618801.0,JUNE,0.0,1094.0,1
618801.0,JULY,0.0,1094.0,1
618803.0,APRIL,16.196583182318054,362.0,1
618803.0,MAY,16.196583182318054,368.0,1
618803.0,JUNE,16.196583182318054,369.0,1
618803.0,JULY,16.196583182318054,369.0,1
618804.0,APRIL,-2.110575820142238,2188.0,1
618804.0,MAY,-2.110575820142238,2548.0,1
618804.0,JUNE,-2.110575820142238,2548.0,1
618804.0,JULY,-2.110575820142238,2548.0,1
618805.0,APRIL,0.0,0.0,0
618805.0,MAY,0.0,0.0,0
618805.0,JUNE,0.0,0.0,0
618805.0,JULY,0.0,0.0,0
618806.0,APRIL,-0.8425778801440215,4.0,1
618806.0,MAY,-0.8425778801440215,10.0,1
618806.0,JUNE,-0.8425778801440215,10.0,1
618806.0,JULY,-0.8425778801440215,10.0,1
618807.0,APRIL,-8.114139441773451,362.0,1
618807.0,MAY,-8.114139441773451,722.0,1
618807.0,JUNE,-8.114139441773451,722.0,1
618807.0,JULY,-8.114139441773451,722.0,1
618808.0,APRIL,-0.7793428778782119,365.0,1
618808.0,MAY,-0.7793428778782119,365.0,1
618808.0,JUNE,-0.7793428778782119,365.0,1
618808.0,JULY,-0.7793428778782119,365.0,1
618809.0,APRIL,19.45374362268533,729.0,1
618809.0,MAY,19.45374362268533,729.0,1
618809.0,JUNE,19.45374362268533,729.0,1
618809.0,JULY,19.45374362268533,729.0,1
618810.0,APRIL,-0.9747054954254591,727.0,1
618810.0,MAY,-0.9747054954254591,727.0,1
618810.0,JUNE,-0.9747054954254591,727.0,1
618810.0,JULY,-0.9747054954254591,727.0,1
618811.0,APRIL,-1.1041555786467916,0.0,0
618811.0,MAY,-1.1041555786467916,0.0,0
618811.0,JUNE,-1.1041555786467916,356.0,1
618811.0,JULY,-1.1041555786467916,356.0,1
618812.0,APRIL,1.4238530810303593,6.0,1
618812.0,MAY,1.4238530810303593,6.0,1
618812.0,JUNE,1.4238530810303593,6.0,1
618812.0,JULY,1.4238530810303593,6.0,1
618813.0,APRIL,-2.095043886869413,363.0,1
618813.0,MAY,-2.095043886869413,363.0,1
618813.0,JUNE,-2.095043886869413,363.0,1
618813.0,JULY,-2.095043886869413,363.0,1
618814.0,APRIL,-0.15578505163661585,364.0,1
618814.0,JUNE,-0.15578505163661585,364.0,1
618814.0,JULY,-0.15578505163661585,364.0,1
618815.0,APRIL,-0.8939682307298339,6.0,1
618815.0,MAY,-0.8939682307298339,364.0,1
618815.0,JUNE,-0.8939682307298339,364.0,1
618815.0,JULY,-0.8939682307298339,364.0,1
618816.0,MAY,-0.65143632662294,0.0,0
618816.0,JUNE,-0.65143632662294,0.0,0
618816.0,JULY,-0.65143632662294,0.0,0
618817.0,APRIL,4.983306795418356,3.0,1
618817.0,MAY,4.983306795418356,3.0,1
618817.0,JUNE,4.983306795418356,3.0,1
618817.0,JULY,4.983306795418356,3.0,1
618818.0,APRIL,3.541999442204819,7.0,1
618818.0,MAY,3.541999442204819,7.0,1
618818.0,JUNE,3.541999442204819,7.0,1
618818.0,JULY,3.541999442204819,7.0,1
618819.0,APRIL,9.703327323389603,4.0,1
618819.0,MAY,9.703327323389603,4.0,1
618820.0,APRIL,8.90072403230297,362.0,1
618820.0,MAY,8.90072403230297,720.0,1
618820.0,JUNE,8.90072403230297,720.0,1
618820.0,JULY,8.90072403230297,721.0,1
618821.0,APRIL,3.2515997262268135,361.0,1
618821.0,MAY,3.2515997262268135,361.0,1
618821.0,JUNE,3.2515997262268135,361.0,1
618821.0,JULY,3.2515997262268135,364.0,1
618822.0,APRIL,-6.501704466023586,361.0,1
618822.0,MAY,-6.501704466023586,361.0,1
618822.0,JUNE,-6.501704466023586,361.0,1
618822.0,JULY,-6.501704466023586,719.0,1
618823.0,APRIL,-1.5965455526831638,366.0,1
618823.0,MAY,-1.5965455526831638,373.0,1
618823.0,JUNE,-1.5965455526831638,373.0,1
618823.0,JULY,-1.5965455526831638,373.0,1
618824.0,APRIL,-1.6708105420188888,365.0,1
618824.0,MAY,-1.6708105420188888,370.0,1
618824.0,JUNE,-1.6708105420188888,370.0,1
618824.0,JULY,-1.6708105420188888,370.0,1
618825.0,APRIL,3.8679184618352616,1823.0,1
618825.0,MAY,3.8679184618352616,1823.0,1
618825.0,JUNE,3.8679184618352616,1823.0,1
618825.0,JULY,3.8679184618352616,1823.0,1
618826.0,APRIL,-0.19608707147263293,363.0,1
618826.0,MAY,-0.19608707147263293,366.0,1
618826.0,JUNE,-0.19608707147263293,366.0,1
618826.0,JULY,-0.19608707147263293,366.0,1
618827.0,APRIL,-3.857612726295354,364.0,1
618827.0,MAY,-3.857612726295354,369.0,1
618827.0,JUNE,-3.857612726295354,369.0,1
618827.0,JULY,-3.857612726295354,369.0,1
618828.0,APRIL,2.0229865853573603,361.0,1
618828.0,MAY,2.0229865853573603,361.0,1
618829.0,APRIL,0.0,,0
618829.0,MAY,0.0,,0
618830.0,APRIL,8.842654509279454,360.0,1
618830.0,MAY,8.842654509279454,722.0,1
618830.0,JUNE,8.842654509279454,722.0,1
618830.0,JULY,8.842654509279454,722.0,1
618831.0,APRIL,-9.413975501113585,358.0,1
618831.0,MAY,-9.413975501113585,358.0,1
618831.0,JUNE,-9.413975501113585,358.0,1
618831.0,JULY,-9.413975501113585,358.0,1
618832.0,APRIL,0.0,0.0,0
618832.0,MAY,0.0,0.0,0
618832.0,JUNE,0.0,0.0,0
618832.0,JULY,0.0,0.0,0
618833.0,APRIL,26.10820908043535,2190.0,1
618833.0,MAY,26.10820908043535,2191.0,1
618833.0,JUNE,26.10820908043535,2192.0,1
618834.0,APRIL,17.99299453081792,726.0,1
618834.0,MAY,17.99299453081792,726.0,1
618835.0,APRIL,5.313573883161514,,0
618835.0,MAY,5.313573883161514,,0
618836.0,APRIL,-9.437991719469325,728.0,1
618836.0,MAY,-9.437991719469325,728.0,1
618836.0,JUNE,-9.437991719469325,728.0,1
618836.0,JULY,-9.437991719469325,726.0,1
618837.0,APRIL,-1.48615687669848,728.0,1
618837.0,MAY,-1.48615687669848,728.0,1
618837.0,JUNE,-1.48615687669848,728.0,1
618837.0,JULY,-1.48615687669848,726.0,1
618838.0,APRIL,-30.40108585001697,728.0,1
618838.0,MAY,-30.40108585001697,729.0,1
618838.0,JUNE,-30.40108585001697,730.0,1
618838.0,JULY,-30.40108585001697,731.0,1
618839.0,APRIL,60.95672294897935,1463.0,1
618839.0,MAY,60.95672294897935,1463.0,1
618840.0,APRIL,34.27908797927773,2560.0,1
618840.0,MAY,34.27908797927773,2563.0,1
618840.0,JUNE,34.27908797927773,2563.0,1
618840.0,JULY,34.27908797927773,2563.0,1
618841.0,APRIL,-29.05262300423591,725.0,1
618841.0,MAY,-29.05262300423591,726.0,1
618841.0,JUNE,-29.05262300423591,727.0,1
618841.0,JULY,-29.05262300423591,727.0,1
618842.0,JUNE,0.0,,0
618842.0,JULY,0.0,-724.0,0
618843.0,APRIL,-16.356275303643724,6.0,1
618843.0,MAY,-16.356275303643724,6.0,1
618843.0,JUNE,-16.356275303643724,6.0,1
618843.0,JULY,-16.356275303643724,0.0,0
618844.0,APRIL,-14.420125008282344,1091.0,1
618844.0,MAY,-14.420125008282344,1091.0,1
618844.0,JUNE,-14.420125008282344,1094.0,1
618844.0,JULY,-14.420125008282344,1094.0,1
618845.0,APRIL,-10.859984890455804,1091.0,1
618845.0,MAY,-10.859984890455804,1091.0,1
618845.0,JUNE,-10.859984890455804,1094.0,1
618845.0,JULY,-10.859984890455804,1094.0,1
618846.0,APRIL,-9.599201755514247,736.0,1
618846.0,MAY,-9.599201755514247,736.0,1
618846.0,JUNE,-9.599201755514247,739.0,1
618846.0,JULY,-9.599201755514247,739.0,1
618847.0,APRIL,0.0,1459.0,1
618847.0,MAY,0.0,1463.0,1
618847.0,JUNE,0.0,1463.0,1
618847.0,JULY,0.0,1463.0,1
618848.0,APRIL,0.0,0.0,0
618848.0,MAY,0.0,0.0,0
618848.0,JUNE,0.0,0.0,0
618848.0,JULY,0.0,0.0,0
618849.0,APRIL,-7.052970441908103,733.0,1
618849.0,MAY,-7.052970441908103,733.0,1
618850.0,APRIL,12.809742370843932,2190.0,1
618850.0,MAY,12.809742370843932,2191.0,1
618850.0,JUNE,12.809742370843932,2192.0,1
618850.0,JULY,12.809742370843932,2193.0,1
618851.0,APRIL,30.584950072369477,1823.0,1
618851.0,MAY,30.584950072369477,2185.0,1
618851.0,JUNE,30.584950072369477,2185.0,1
618851.0,JULY,30.584950072369477,2185.0,1
618852.0,APRIL,0.5232588561561404,730.0,1
618852.0,MAY,0.5232588561561404,731.0,1
618852.0,JUNE,0.5232588561561404,732.0,1
618852.0,JULY,0.5232588561561404,733.0,1
618853.0,APRIL,-31.689782054910843,0.0,0
618853.0,MAY,-31.689782054910843,0.0,0
618853.0,JUNE,-31.689782054910843,0.0,0
618853.0,JULY,-31.689782054910843,4.0,1
618854.0,APRIL,6.527370790334228,371.0,1
618854.0,MAY,6.527370790334228,371.0,1
618855.0,APRIL,0.0,367.0,1
618855.0,MAY,0.0,367.0,1
618856.0,APRIL,10.026411566632483,365.0,1
618856.0,MAY,10.026411566632483,722.0,1
618856.0,JUNE,10.026411566632483,722.0,1
618856.0,JULY,10.026411566632483,722.0,1
618858.0,APRIL,0.0,10.0,1
618858.0,MAY,0.0,367.0,1
618858.0,JUNE,0.0,367.0,1
618858.0,JULY,0.0,367.0,1
618859.0,APRIL,-3.830385991731223,726.0,1
618859.0,MAY,-3.830385991731223,727.0,1
618859.0,JUNE,-3.830385991731223,728.0,1
618859.0,JULY,-3.830385991731223,729.0,1
618861.0,APRIL,55.71563875424814,1094.0,1
618861.0,MAY,55.71563875424814,1096.0,1
618861.0,JUNE,55.71563875424814,1096.0,1
618861.0,JULY,55.71563875424814,1097.0,1
618862.0,APRIL,41.29402380091087,730.0,1
618862.0,MAY,41.29402380091087,731.0,1
618862.0,JUNE,41.29402380091087,732.0,1
618862.0,JULY,41.29402380091087,733.0,1
618863.0,APRIL,24.77960268099752,728.0,1
618863.0,MAY,24.77960268099752,729.0,1
618863.0,JUNE,24.77960268099752,730.0,1
618863.0,JULY,24.77960268099752,731.0,1
618864.0,APRIL,5.7290184715262145,367.0,1
618864.0,MAY,5.7290184715262145,369.0,1
618865.0,APRIL,8.062594328381929,,0
618865.0,MAY,8.062594328381929,,0
618866.0,APRIL,-46.44005777563794,0.0,0
618866.0,MAY,-46.44005777563794,0.0,0
618866.0,JUNE,-46.44005777563794,0.0,0
618866.0,JULY,-46.44005777563794,0.0,0
618867.0,APRIL,-3.608562995555246,-1.0,0
618867.0,MAY,-3.608562995555246,7.0,1
618867.0,JUNE,-3.608562995555246,7.0,1
618867.0,JULY,-3.608562995555246,7.0,1
618868.0,APRIL,-2.874401621300532,0.0,0
618868.0,MAY,-2.874401621300532,6.0,1
618868.0,JUNE,-2.874401621300532,6.0,1
618868.0,JULY,-2.874401621300532,6.0,1
618869.0,APRIL,66.62715459617475,0.0,0
618869.0,MAY,66.62715459617475,0.0,0
618869.0,JUNE,66.62715459617475,0.0,0
618869.0,JULY,66.62715459617475,0.0,0
618870.0,APRIL,95.40639641474843,3.0,1
618870.0,MAY,95.40639641474843,368.0,1
618870.0,JUNE,95.40639641474843,362.0,1
618870.0,JULY,95.40639641474843,362.0,1
618871.0,APRIL,-1.4771503308201321,0.0,0
618871.0,MAY,-1.4771503308201321,364.0,1
618871.0,JUNE,-1.4771503308201321,357.0,1
618871.0,JULY,-1.4771503308201321,358.0,1
618872.0,APRIL,-10.419097444390081,5.0,1
618872.0,MAY,-10.419097444390081,370.0,1
618872.0,JUNE,-10.419097444390081,364.0,1
618872.0,JULY,-10.419097444390081,364.0,1
618873.0,APRIL,-5.461574121363075,6.0,1
618873.0,MAY,-5.461574121363075,371.0,1
618873.0,JUNE,-5.461574121363075,364.0,1
618873.0,JULY,-5.461574121363075,365.0,1
618874.0,APRIL,-56.5541166970721,5842.0,1
618874.0,MAY,-56.5541166970721,5843.0,1
618875.0,APRIL,-22.732709873858187,735.0,1
618875.0,MAY,-22.732709873858187,741.0,1
618875.0,JUNE,-22.732709873858187,741.0,1
618875.0,JULY,-22.732709873858187,741.0,1
618878.0,APRIL,11.474915667838951,362.0,1
618878.0,MAY,11.474915667838951,362.0,1
618878.0,JUNE,11.474915667838951,365.0,1
618878.0,JULY,11.474915667838951,365.0,1
618879.0,APRIL,0.0,0.0,0
618879.0,MAY,0.0,0.0,0
618879.0,JUNE,0.0,0.0,0
618879.0,JULY,0.0,0.0,0
618880.0,APRIL,-18.25348175755198,722.0,1
618880.0,MAY,-18.25348175755198,722.0,1
618880.0,JUNE,-18.25348175755198,722.0,1
618880.0,JULY,-18.25348175755198,722.0,1
618881.0,APRIL,-0.05660275646438355,0.0,0
618881.0,MAY,-0.05660275646438355,0.0,0
618881.0,JUNE,-0.05660275646438355,0.0,0
618881.0,JULY,-0.05660275646438355,0.0,0
618882.0,APRIL,-16.307067210925304,0.0,0
618882.0,MAY,-16.307067210925304,0.0,0
618882.0,JUNE,-16.307067210925304,0.0,0
618882.0,JULY,-16.307067210925304,0.0,0
618883.0,APRIL,-7.435231794288802,364.0,1
618883.0,MAY,-7.435231794288802,364.0,1
618883.0,JUNE,-7.435231794288802,366.0,1
618883.0,JULY,-7.435231794288802,366.0,1
618884.0,APRIL,-12.198975663642756,363.0,1
618884.0,MAY,-12.198975663642756,362.0,1
618884.0,JUNE,-12.198975663642756,362.0,1
618884.0,JULY,-12.198975663642756,363.0,1
618885.0,APRIL,-11.144558814009194,367.0,1
618885.0,MAY,-11.144558814009194,366.0,1
618885.0,JUNE,-11.144558814009194,366.0,1
618885.0,JULY,-11.144558814009194,370.0,1
618886.0,APRIL,-99.95809938825107,0.0,0
618886.0,MAY,-99.95809938825107,0.0,0
618886.0,JUNE,-99.95809938825107,0.0,0
618886.0,JULY,-99.95809938825107,0.0,0
618887.0,APRIL,22.18600274606574,1454.0,1
618887.0,MAY,22.18600274606574,1454.0,1
618887.0,JUNE,22.18600274606574,1454.0,1
618887.0,JULY,22.18600274606574,1454.0,1
618888.0,APRIL,18.53357645765535,367.0,1
618888.0,MAY,18.53357645765535,368.0,1
618888.0,JUNE,18.53357645765535,369.0,1
618888.0,JULY,18.53357645765535,373.0,1
618889.0,APRIL,38.28867304130919,725.0,1
618889.0,MAY,38.28867304130919,725.0,1
618889.0,JUNE,38.28867304130919,728.0,1
618889.0,JULY,38.28867304130919,728.0,1
618890.0,APRIL,2.0868553807868735,361.0,1
618890.0,MAY,2.0868553807868735,364.0,1
618890.0,JUNE,2.0868553807868735,364.0,1
618890.0,JULY,2.0868553807868735,367.0,1
618891.0,APRIL,-36.7654267415604,4.0,1
618891.0,MAY,-36.7654267415604,4.0,1
618891.0,JUNE,-36.7654267415604,4.0,1
618891.0,JULY,-36.7654267415604,4.0,1
618892.0,JUNE,0.0,0.0,0
618892.0,JULY,0.0,0.0,0
618893.0,APRIL,17.15818959560174,2552.0,1
618893.0,MAY,17.15818959560174,2555.0,1
618893.0,JUNE,17.15818959560174,2555.0,1
618893.0,JULY,17.15818959560174,2555.0,1
618894.0,APRIL,0.0,1455.0,1
618894.0,MAY,0.0,1456.0,1
618894.0,JUNE,0.0,1456.0,1
618894.0,JULY,0.0,1458.0,1
618895.0,APRIL,0.0,1102.0,1
618895.0,MAY,0.0,1103.0,1
618895.0,JUNE,0.0,1103.0,1
618895.0,JULY,0.0,1104.0,1
618896.0,APRIL,47.04957407981765,1090.0,1
618896.0,MAY,47.04957407981765,1090.0,1
618896.0,JUNE,47.04957407981765,1090.0,1
618896.0,JULY,47.04957407981765,1090.0,1
618897.0,APRIL,0.030133393317178854,2188.0,1
618897.0,MAY,0.030133393317178854,2188.0,1
618898.0,APRIL,-28.259841639657147,0.0,0
618898.0,MAY,-28.259841639657147,0.0,0
618898.0,JUNE,-28.259841639657147,0.0,0
618898.0,JULY,-28.259841639657147,0.0,0
618899.0,APRIL,0.0,1827.0,1
618899.0,MAY,0.0,1828.0,1
618899.0,JUNE,0.0,1829.0,1
618899.0,JULY,0.0,1830.0,1
618901.0,APRIL,-7.035231178153614,370.0,1
618901.0,MAY,-7.035231178153614,372.0,1
618901.0,JUNE,-7.035231178153614,372.0,1
618901.0,JULY,-7.035231178153614,373.0,1
618902.0,APRIL,97.93792645371656,1823.0,1
618902.0,MAY,97.93792645371656,1823.0,1
618902.0,JUNE,97.93792645371656,1823.0,1
618902.0,JULY,97.93792645371656,1823.0,1
618903.0,APRIL,20.98747422880927,2189.0,1
618903.0,MAY,20.98747422880927,2189.0,1
618903.0,JUNE,20.98747422880927,2189.0,1
618903.0,JULY,-0.09957200099572075,2189.0,1
618904.0,APRIL,2.055586363764523,4745.0,1
618904.0,MAY,2.055586363764523,4745.0,1
618904.0,JUNE,2.055586363764523,4745.0,1
618905.0,APRIL,12.323060573857603,0.0,0
618905.0,MAY,12.323060573857603,0.0,0
618905.0,JUNE,12.323060573857603,2.0,1
618905.0,JULY,12.323060573857603,2.0,1
618906.0,APRIL,68.25424578335723,737.0,1
618906.0,MAY,68.25424578335723,1093.0,1
618906.0,JUNE,68.25424578335723,1093.0,1
618906.0,JULY,68.25424578335723,1093.0,1
618907.0,APRIL,-15.657926978681703,0.0,0
618907.0,MAY,-15.657926978681703,0.0,0
618907.0,JUNE,-15.657926978681703,0.0,0
618907.0,JULY,-15.657926978681703,0.0,0
618908.0,APRIL,-32.50439424516633,376.0,1
618908.0,MAY,-32.50439424516633,738.0,1
618908.0,JUNE,-32.50439424516633,738.0,1
618908.0,JULY,-32.50439424516633,738.0,1
618909.0,APRIL,7.230694747034618,1463.0,1
618909.0,MAY,7.230694747034618,1463.0,1
618909.0,JUNE,7.230694747034618,1463.0,1
618909.0,JULY,7.230694747034618,1463.0,1
618910.0,APRIL,0.9003676800287143,1093.0,1
618910.0,MAY,0.9003676800287143,1097.0,1
618910.0,JUNE,0.9003676800287143,1097.0,1
618911.0,APRIL,-1.3059557151035854,725.0,1
618911.0,MAY,-1.3059557151035854,1087.0,1
618911.0,JUNE,-1.3059557151035854,1087.0,1
618911.0,JULY,-1.3059557151035854,1087.0,1
618912.0,APRIL,6.222129253705804,4.0,1
618912.0,MAY,6.222129253705804,4.0,1
618913.0,APRIL,3.50048390007054,1101.0,1
618913.0,MAY,3.50048390007054,1101.0,1
618914.0,APRIL,-40.7755973985838,364.0,1
618914.0,MAY,-40.7755973985838,364.0,1
618914.0,JUNE,-40.7755973985838,364.0,1
618914.0,JULY,-40.7755973985838,364.0,1
618915.0,APRIL,-52.53131699332433,1090.0,1
618915.0,MAY,-52.53131699332433,1090.0,1
618916.0,APRIL,-25.779147253726354,1090.0,1
618916.0,MAY,-25.779147253726354,1090.0,1
618917.0,APRIL,-14.046370637391442,363.0,1
618917.0,MAY,-14.046370637391442,367.0,1
618917.0,JUNE,-14.046370637391442,366.0,1
618917.0,JULY,-14.046370637391442,366.0,1
618919.0,APRIL,2.902127851411054,,0
618919.0,MAY,2.902127851411054,,0
618920.0,APRIL,-6.4188235992931535,355.0,1
618920.0,MAY,-6.4188235992931535,356.0,1
618920.0,JUNE,-6.4188235992931535,356.0,1
618920.0,JULY,-6.4188235992931535,356.0,1
618921.0,APRIL,55.49346044567592,373.0,1
618921.0,MAY,55.49346044567592,373.0,1
618921.0,JUNE,55.49346044567592,368.0,1
618921.0,JULY,55.49346044567592,368.0,1
618922.0,APRIL,47.25649964728614,9.0,1
618922.0,MAY,47.25649964728614,9.0,1
618922.0,JUNE,47.25649964728614,9.0,1
618922.0,JULY,47.25649964728614,9.0,1
618923.0,APRIL,18.298582151793166,0.0,0
618923.0,MAY,18.298582151793166,7.0,1
618923.0,JUNE,18.298582151793166,7.0,1
618923.0,JULY,18.298582151793166,7.0,1
618924.0,APRIL,-47.47710065124159,362.0,1
618924.0,MAY,-47.47710065124159,366.0,1
618924.0,JUNE,-47.47710065124159,366.0,1
618924.0,JULY,-47.47710065124159,366.0,1
618925.0,APRIL,11.278195488721817,1096.0,1
618925.0,MAY,11.278195488721817,1097.0,1
618925.0,JUNE,11.278195488721817,1098.0,1
618925.0,JULY,11.278195488721817,1099.0,1
618926.0,APRIL,34.63000223563604,730.0,1
618926.0,MAY,34.63000223563604,730.0,1
618926.0,JUNE,34.63000223563604,730.0,1
618926.0,JULY,34.63000223563604,730.0,1
618927.0,APRIL,-5.818658374941449,9.0,1
618927.0,MAY,-5.818658374941449,368.0,1
618927.0,JUNE,-5.818658374941449,368.0,1
618927.0,JULY,-5.818658374941449,368.0,1
618928.0,APRIL,-23.353843524334486,368.0,1
618928.0,MAY,-23.353843524334486,724.0,1
618928.0,JUNE,-23.353843524334486,724.0,1
618928.0,JULY,-23.353843524334486,724.0,1
618929.0,APRIL,0.08795170257122409,362.0,1
618929.0,MAY,0.08795170257122409,366.0,1
618929.0,JUNE,0.08795170257122409,368.0,1
618929.0,JULY,0.08795170257122409,368.0,1
618930.0,APRIL,-24.44003163758141,0.0,0
618930.0,MAY,-24.44003163758141,0.0,0
618930.0,JUNE,-24.44003163758141,0.0,0
618930.0,JULY,-24.44003163758141,0.0,0
618931.0,APRIL,-25.792518520457573,0.0,0
618931.0,MAY,-25.792518520457573,0.0,0
618931.0,JUNE,-25.792518520457573,0.0,0
618931.0,JULY,-25.792518520457573,0.0,0
618932.0,APRIL,-4.041180686779174,0.0,0
618932.0,MAY,-4.041180686779174,0.0,0
618932.0,JUNE,-4.041180686779174,0.0,0
618932.0,JULY,-4.041180686779174,0.0,0
618933.0,APRIL,0.0,,0
618933.0,MAY,0.0,,0
618933.0,JUNE,0.0,0.0,0
618933.0,JULY,0.0,0.0,0
618934.0,APRIL,0.0,0.0,0
618934.0,MAY,0.0,0.0,0
618934.0,JUNE,0.0,0.0,0
618934.0,JULY,0.0,0.0,0
618935.0,APRIL,0.5609529441581375,364.0,1
618935.0,MAY,0.5609529441581375,364.0,1
618936.0,APRIL,-27.57542339503742,733.0,1
618936.0,MAY,-27.57542339503742,731.0,1
618936.0,JUNE,-27.57542339503742,731.0,1
618936.0,JULY,-27.57542339503742,731.0,1
618937.0,APRIL,22.782271885925816,1096.0,1
618937.0,MAY,22.782271885925816,1096.0,1
618937.0,JUNE,22.782271885925816,1096.0,1
618937.0,JULY,22.782271885925816,1454.0,1
618938.0,APRIL,25.786269033779725,726.0,1
618938.0,MAY,25.786269033779725,726.0,1
618939.0,APRIL,-43.67257331033401,0.0,0
618939.0,MAY,-43.67257331033401,0.0,0
618939.0,JUNE,-43.67257331033401,0.0,0
618939.0,JULY,-43.67257331033401,0.0,0
618941.0,APRIL,22.637260472083064,9.0,1
618941.0,MAY,22.637260472083064,9.0,1
618941.0,JUNE,22.637260472083064,9.0,1
618941.0,JULY,22.637260472083064,9.0,1
618942.0,APRIL,-34.09772446639619,1094.0,1
618942.0,MAY,-34.09772446639619,1094.0,1
618942.0,JUNE,-34.09772446639619,1094.0,1
618942.0,JULY,-34.09772446639619,1094.0,1
618943.0,APRIL,18.417844246020227,5483.0,1
618943.0,MAY,18.417844246020227,5484.0,1
618944.0,APRIL,27.07694553949482,359.0,1
618944.0,MAY,27.07694553949482,359.0,1
618944.0,JUNE,27.07694553949482,359.0,1
618944.0,JULY,27.07694553949482,359.0,1
618945.0,APRIL,39.83918828371781,731.0,1
618945.0,MAY,39.83918828371781,732.0,1
618945.0,JUNE,39.83918828371781,733.0,1
618945.0,JULY,39.83918828371781,734.0,1
618946.0,APRIL,5.978158029897551,365.0,1
618946.0,MAY,5.978158029897551,366.0,1
618947.0,APRIL,0.2266081871345084,1096.0,1
618947.0,MAY,0.2266081871345084,1101.0,1
618947.0,JUNE,0.2266081871345084,1099.0,1
618947.0,JULY,0.2266081871345084,1099.0,1
618948.0,APRIL,0.0,0.0,0
618948.0,MAY,0.0,0.0,0
618948.0,JUNE,0.0,0.0,0
618948.0,JULY,0.0,0.0,0
618949.0,APRIL,7.531108558140817,360.0,1
618949.0,MAY,7.531108558140817,361.0,1
618949.0,JUNE,7.531108558140817,361.0,1
618949.0,JULY,7.531108558140817,361.0,1
618950.0,APRIL,0.0,0.0,0
618950.0,MAY,0.0,0.0,0
618950.0,JUNE,0.0,0.0,0
618950.0,JULY,0.0,0.0,0
618951.0,APRIL,5.398923413100248,735.0,1
618951.0,MAY,5.398923413100248,735.0,1
618951.0,JUNE,5.398923413100248,736.0,1
618951.0,JULY,5.398923413100248,737.0,1
618952.0,APRIL,1.1888866720892999,733.0,1
618952.0,MAY,1.1888866720892999,733.0,1
618952.0,JUNE,1.1888866720892999,733.0,1
618952.0,JULY,1.1888866720892999,1096.0,1
618953.0,APRIL,2.0307107487620777,1456.0,1
618953.0,MAY,2.0307107487620777,1456.0,1
618953.0,JUNE,2.0307107487620777,1456.0,1
618953.0,JULY,2.0307107487620777,1456.0,1
618954.0,APRIL,15.60005430355688,0.0,0
618954.0,MAY,15.60005430355688,0.0,0
618954.0,JUNE,15.60005430355688,0.0,0
618954.0,JULY,15.60005430355688,0.0,0
618955.0,APRIL,67.24529602531766,1820.0,1
618955.0,MAY,67.24529602531766,1821.0,1
618955.0,JUNE,67.24529602531766,1822.0,1
618955.0,JULY,67.24529602531766,1823.0,1
618956.0,APRIL,-23.78299296550895,0.0,0
618956.0,MAY,-23.78299296550895,0.0,0
618956.0,JUNE,-23.78299296550895,364.0,1
618956.0,JULY,-23.78299296550895,364.0,1
618957.0,APRIL,30.14376502748595,735.0,1
618957.0,MAY,30.14376502748595,736.0,1
618957.0,JUNE,30.14376502748595,737.0,1
618957.0,JULY,30.14376502748595,738.0,1
618958.0,APRIL,0.0,1462.0,1
618958.0,MAY,0.0,1462.0,1
618958.0,JUNE,0.0,1462.0,1
618958.0,JULY,0.0,1462.0,1
618959.0,APRIL,-58.00155207811471,,0
618959.0,MAY,-58.00155207811471,,0
618960.0,APRIL,-26.852073669156667,365.0,1
618960.0,MAY,-26.852073669156667,365.0,1
618960.0,JUNE,-26.852073669156667,365.0,1
618960.0,JULY,-26.852073669156667,365.0,1
618961.0,APRIL,-35.69477021419182,0.0,0
618961.0,MAY,-35.69477021419182,0.0,0
618961.0,JUNE,-35.69477021419182,0.0,0
618961.0,JULY,-35.69477021419182,0.0,0
618962.0,APRIL,-30.16945157166559,-3.0,0
618962.0,MAY,-30.16945157166559,-3.0,0
618962.0,JUNE,-30.16945157166559,-3.0,0
618962.0,JULY,-30.16945157166559,0.0,0
618963.0,APRIL,6.695232994108196,0.0,0
618963.0,MAY,6.695232994108196,0.0,0
618963.0,JUNE,6.695232994108196,0.0,0
618963.0,JULY,6.695232994108196,0.0,0
618964.0,APRIL,0.0,0.0,0
618964.0,MAY,0.0,0.0,0
618964.0,JUNE,0.0,0.0,0
618964.0,JULY,0.0,0.0,0
618966.0,APRIL,-1.7762226555196492,0.0,0
618966.0,MAY,-1.7762226555196492,0.0,0
618966.0,JUNE,-1.7762226555196492,0.0,0
618966.0,JULY,-1.7762226555196492,0.0,0
618967.0,APRIL,0.0,0.0,0
618967.0,MAY,0.0,360.0,1
618967.0,JUNE,0.0,360.0,1
618967.0,JULY,0.0,360.0,1
618968.0,APRIL,0.7814086361058301,727.0,1
618968.0,MAY,0.7814086361058301,728.0,1
618968.0,JUNE,0.7814086361058301,729.0,1
618968.0,JULY,0.7814086361058301,730.0,1
618969.0,APRIL,21.16700294533734,369.0,1
618969.0,MAY,21.16700294533734,372.0,1
618969.0,JUNE,21.16700294533734,372.0,1
618969.0,JULY,21.16700294533734,372.0,1
618970.0,APRIL,-0.005241678834844909,727.0,1
618970.0,MAY,-0.005241678834844909,728.0,1
618970.0,JUNE,-0.005241678834844909,729.0,1
618970.0,JULY,-0.005241678834844909,730.0,1
618971.0,APRIL,0.0,,0
618971.0,MAY,0.0,,0
618971.0,JUNE,0.0,,0
618971.0,JULY,0.0,,0
618972.0,APRIL,0.0,,0
618972.0,MAY,0.0,,0
618972.0,JUNE,0.0,,0
618976.0,APRIL,0.0,,0
618976.0,MAY,0.0,2.0,1
618976.0,JUNE,0.0,2.0,1
618976.0,JULY,0.0,0.0,0
618977.0,APRIL,0.0,1.0,1
618977.0,MAY,0.0,1.0,1
618977.0,JUNE,0.0,1.0,1
618977.0,JULY,0.0,1.0,1
618978.0,APRIL,0.0,,0
618978.0,MAY,0.0,,0
618978.0,JUNE,0.0,,0
618981.0,APRIL,0.0,,0
618981.0,MAY,0.0,,0
618981.0,JUNE,0.0,,0
618981.0,JULY,0.0,,0
618982.0,APRIL,0.0,,0
618982.0,MAY,0.0,6.0,1
618982.0,JUNE,0.0,6.0,1
618982.0,JULY,0.0,6.0,1
618985.0,APRIL,0.0,,0
618985.0,MAY,0.0,,0
618985.0,JUNE,0.0,,0
618985.0,JULY,0.0,,0
618986.0,APRIL,0.0,,0
618986.0,MAY,0.0,,0
618986.0,JUNE,0.0,,0
618991.0,APRIL,0.0,,0
618991.0,MAY,0.0,,0
618991.0,JUNE,0.0,,0
618991.0,JULY,0.0,,0
618992.0,APRIL,0.0,,0
618992.0,MAY,0.0,,0
618992.0,JUNE,0.0,,0
618992.0,JULY,0.0,,0
618995.0,APRIL,0.0,,0
618995.0,MAY,0.0,,0
618995.0,JUNE,0.0,,0
619003.0,APRIL,72.33311406990723,1832.0,1
619003.0,MAY,72.33311406990723,1832.0,1
619003.0,JUNE,72.33311406990723,1832.0,1
619003.0,JULY,72.33311406990723,1832.0,1
619004.0,APRIL,0.0,0.0,0
619004.0,MAY,0.0,0.0,0
619004.0,JUNE,0.0,0.0,0
619004.0,JULY,0.0,0.0,0
619005.0,APRIL,-15.385268881148587,-730.0,0
619005.0,MAY,-15.385268881148587,-730.0,0
619005.0,JUNE,-15.385268881148587,-730.0,0
619005.0,JULY,-15.385268881148587,0.0,0
619007.0,APRIL,0.0,,0
619007.0,MAY,0.0,,0
619007.0,JUNE,0.0,,0
619007.0,JULY,0.0,,0
619008.0,APRIL,0.0,-365.0,0
619008.0,MAY,0.0,-365.0,0
619008.0,JUNE,0.0,-365.0,0
619008.0,JULY,0.0,-365.0,0
619009.0,APRIL,0.0,,0
619009.0,MAY,0.0,-1.0,0
619009.0,JUNE,0.0,-1.0,0
619009.0,JULY,0.0,-1.0,0
619010.0,APRIL,0.0,2.0,1
619010.0,MAY,0.0,2.0,1
619010.0,JUNE,0.0,367.0,1
619010.0,JULY,0.0,367.0,1
619013.0,APRIL,6.704536520166683,,0
619013.0,MAY,6.704536520166683,,0
619013.0,JUNE,6.704536520166683,6.0,1
619013.0,JULY,6.704536520166683,9.0,1
619014.0,APRIL,0.0,,0
619014.0,MAY,0.0,,0
619014.0,JUNE,0.0,0.0,0
619014.0,JULY,0.0,0.0,0
619022.0,APRIL,0.0,,0
619022.0,MAY,0.0,,0
619022.0,JUNE,0.0,,0
619022.0,JULY,0.0,,0
619024.0,APRIL,0.0,,0
619024.0,MAY,0.0,,0
619024.0,JUNE,0.0,,0
619024.0,JULY,0.0,,0
619025.0,APRIL,0.0,,0
619025.0,MAY,0.0,,0
619025.0,JUNE,0.0,,0
619025.0,JULY,0.0,,0
619026.0,APRIL,0.0,,0
619026.0,MAY,0.0,,0
619026.0,JUNE,0.0,,0
619026.0,JULY,0.0,,0
619027.0,APRIL,0.0,,0
619027.0,MAY,0.0,,0
619027.0,JUNE,0.0,,0
619027.0,JULY,0.0,,0
619028.0,APRIL,0.0,,0
619028.0,MAY,0.0,,0
619028.0,JUNE,0.0,,0
619028.0,JULY,0.0,4.0,1
619029.0,APRIL,0.0,9.0,1
619029.0,MAY,0.0,9.0,1
619029.0,JUNE,0.0,9.0,1
619029.0,JULY,0.0,9.0,1
619030.0,APRIL,0.0,,0
619030.0,MAY,0.0,,0
619030.0,JUNE,0.0,,0
619030.0,JULY,0.0,,0
619031.0,APRIL,-8.322992015935432e-05,,0
619031.0,MAY,-8.322992015935432e-05,,0
619031.0,JUNE,-8.322992015935432e-05,,0
619031.0,JULY,0.0,,0
619032.0,APRIL,7.824579194301733e-05,,0
619032.0,MAY,7.824579194301733e-05,,0
619032.0,JUNE,7.824579194301733e-05,,0
619032.0,JULY,0.0,,0
619033.0,APRIL,0.0,,0
619033.0,MAY,0.0,,0
619033.0,JUNE,0.0,,0
619033.0,JULY,0.0,367.0,1
619038.0,APRIL,0.0,1097.0,1
619038.0,MAY,0.0,1097.0,1
619038.0,JUNE,0.0,1097.0,1
619038.0,JULY,0.0,1097.0,1
619039.0,JUNE,0.0,,0
619039.0,JULY,0.0,,0
619042.0,APRIL,0.0,-1096.0,0
619042.0,MAY,0.0,-1096.0,0
619042.0,JUNE,0.0,-1096.0,0
619042.0,JULY,0.0,-1096.0,0
619043.0,JULY,0.0,365.0,1
619045.0,APRIL,0.39903766384602163,371.0,1
619045.0,MAY,0.39903766384602163,1094.0,1
619045.0,JUNE,0.39903766384602163,1094.0,1
619045.0,JULY,0.39903766384602163,1094.0,1
619049.0,APRIL,0.0,,0
619049.0,MAY,0.0,,0
619049.0,JUNE,0.0,,0
619049.0,JULY,0.0,360.0,1
619051.0,APRIL,0.0,,0
619051.0,MAY,0.0,2.0,1
619051.0,JUNE,0.0,2.0,1
619051.0,JULY,0.0,0.0,0
619052.0,APRIL,0.0,,0
619052.0,MAY,0.0,,0
619052.0,JUNE,0.0,,0
619052.0,JULY,0.0,,0
619053.0,APRIL,0.0,,0
619053.0,MAY,0.0,,0
619053.0,JUNE,0.0,,0
619053.0,JULY,0.0,,0
619054.0,APRIL,0.0,,0
619054.0,MAY,0.0,,0
619054.0,JUNE,0.0,,0
619054.0,JULY,0.0,,0
619055.0,APRIL,0.0,,0
619055.0,MAY,0.0,,0
619055.0,JUNE,0.0,,0
619055.0,JULY,0.0,,0
619056.0,APRIL,0.0,,0
619056.0,MAY,0.0,4.0,1
619056.0,JUNE,0.0,4.0,1
619056.0,JULY,0.0,4.0,1
619057.0,APRIL,0.0,0.0,0
619057.0,MAY,0.0,0.0,0
619057.0,JUNE,0.0,0.0,0
619057.0,JULY,0.0,360.0,1
619059.0,APRIL,0.0,368.0,1
619059.0,MAY,0.0,368.0,1
619059.0,JUNE,0.0,368.0,1
619059.0,JULY,0.0,368.0,1
619060.0,APRIL,79.77430303733576,,0
619060.0,MAY,79.77430303733576,,0
619060.0,JUNE,79.77430303733576,363.0,1
619060.0,JULY,79.77430303733576,366.0,1
619061.0,MAY,0.0,0.0,0
619061.0,JUNE,0.0,0.0,0
619061.0,JULY,0.0,0.0,0
619063.0,APRIL,32.65226293432752,725.0,1
619063.0,MAY,32.65226293432752,726.0,1
619064.0,APRIL,38.87963806591472,739.0,1
619064.0,MAY,38.87963806591472,1105.0,1
619064.0,JUNE,38.87963806591472,1105.0,1
619064.0,JULY,38.87963806591472,1105.0,1
619065.0,JUNE,-0.8808022922636041,1096.0,1
619065.0,JULY,-0.8808022922636041,1096.0,1
619066.0,APRIL,21.80964645435969,731.0,1
619066.0,MAY,21.80964645435969,732.0,1
619066.0,JUNE,21.80964645435969,732.0,1
619066.0,JULY,21.80964645435969,732.0,1
619067.0,APRIL,29.84576556365674,2557.0,1
619067.0,MAY,29.84576556365674,2558.0,1
619068.0,APRIL,19.347482957794217,728.0,1
619068.0,MAY,19.347482957794217,728.0,1
619068.0,JUNE,19.347482957794217,728.0,1
619068.0,JULY,19.347482957794217,728.0,1
619069.0,APRIL,17.63518743779718,1462.0,1
619069.0,MAY,17.63518743779718,1462.0,1
619069.0,JUNE,17.63518743779718,1466.0,1
619069.0,JULY,17.63518743779718,1468.0,1
619070.0,APRIL,-94.3456495828367,4742.0,1
619071.0,APRIL,-18.10643899318456,725.0,1
619071.0,MAY,-18.10643899318456,725.0,1
619071.0,JUNE,-18.10643899318456,725.0,1
619071.0,JULY,-18.10643899318456,725.0,1
619072.0,APRIL,9.823302416897969,371.0,1
619072.0,MAY,9.823302416897969,371.0,1
619072.0,JUNE,9.823302416897969,374.0,1
619072.0,JULY,9.823302416897969,374.0,1
619073.0,APRIL,40.12779455734818,1100.0,1
619073.0,MAY,40.12779455734818,1101.0,1
619073.0,JUNE,40.12779455734818,1102.0,1
619073.0,JULY,40.12779455734818,1103.0,1
619074.0,APRIL,-53.27790959675347,4742.0,1
619074.0,MAY,-53.27790959675347,4742.0,1
619074.0,JUNE,-53.27790959675347,4743.0,1
619074.0,JULY,-53.27790959675347,4744.0,1
619075.0,APRIL,-1.0026591584545548,4382.0,1
619075.0,MAY,-1.0026591584545548,4382.0,1
619076.0,APRIL,19.12865852116061,1099.0,1
619076.0,MAY,19.12865852116061,1103.0,1
619076.0,JUNE,19.12865852116061,1103.0,1
619076.0,JULY,19.12865852116061,1103.0,1
619077.0,APRIL,1.6680297877835653,2195.0,1
619077.0,MAY,1.6680297877835653,2195.0,1
619077.0,JUNE,1.6680297877835653,2196.0,1
619077.0,JULY,1.6680297877835653,2197.0,1
619078.0,APRIL,-4.7120212105827255,1827.0,1
619078.0,MAY,-4.7120212105827255,1827.0,1
619078.0,JUNE,-4.7120212105827255,1827.0,1
619078.0,JULY,-4.7120212105827255,1827.0,1
619080.0,APRIL,12.07847441349981,364.0,1
619080.0,MAY,12.07847441349981,364.0,1
619080.0,JUNE,12.07847441349981,364.0,1
619080.0,JULY,12.07847441349981,364.0,1
619083.0,APRIL,54.74895315618519,6215.0,1
619083.0,MAY,54.74895315618519,6215.0,1
619084.0,APRIL,11.589461368462093,6215.0,1
619084.0,MAY,11.589461368462093,6215.0,1
619086.0,APRIL,-66.48474178403757,4755.0,1
619086.0,MAY,-66.48474178403757,4755.0,1
619086.0,JUNE,-66.48474178403757,4755.0,1
619086.0,JULY,-77.10893597235918,4755.0,1
619087.0,APRIL,-32.85050520662275,722.0,1
619087.0,MAY,-32.85050520662275,722.0,1
619087.0,JUNE,-32.85050520662275,722.0,1
619087.0,JULY,-32.85050520662275,722.0,1
619089.0,APRIL,43.75752625681943,5.0,1
619089.0,MAY,43.75752625681943,6.0,1
619089.0,JUNE,43.75752625681943,6.0,1
619089.0,JULY,43.75752625681943,7.0,1
619090.0,APRIL,29.141497434310104,1821.0,1
619090.0,MAY,29.141497434310104,1822.0,1
619090.0,JUNE,29.141497434310104,1822.0,1
619090.0,JULY,29.141497434310104,1824.0,1
619092.0,APRIL,61.616141296694884,1459.0,1
619092.0,MAY,61.616141296694884,1460.0,1
619092.0,JUNE,61.616141296694884,1461.0,1
619092.0,JULY,61.616141296694884,1461.0,1
619093.0,APRIL,-25.434911048381814,722.0,1
619093.0,MAY,-25.434911048381814,720.0,1
619093.0,JUNE,-25.434911048381814,720.0,1
619093.0,JULY,-25.434911048381814,720.0,1
619094.0,APRIL,2.2950055083348717,1096.0,1
619094.0,MAY,2.2950055083348717,1096.0,1
619094.0,JUNE,2.2950055083348717,1096.0,1
619094.0,JULY,2.2950055083348717,1096.0,1
619095.0,APRIL,-13.604421345435917,732.0,1
619095.0,MAY,-13.604421345435917,732.0,1
619095.0,JUNE,-13.604421345435917,733.0,1
619095.0,JULY,-13.604421345435917,734.0,1
619096.0,APRIL,21.03871312890596,3652.0,1
619096.0,MAY,21.03871312890596,3652.0,1
619096.0,JUNE,21.03871312890596,3652.0,1
619096.0,JULY,21.03871312890596,3655.0,1
619097.0,APRIL,33.19391763749663,2192.0,1
619097.0,MAY,33.19391763749663,2193.0,1
619097.0,JUNE,33.19391763749663,2194.0,1
619097.0,JULY,33.19391763749663,2195.0,1
619098.0,APRIL,50.14212820314857,1099.0,1
619098.0,MAY,50.14212820314857,1100.0,1
619098.0,JUNE,50.14212820314857,1101.0,1
619098.0,JULY,50.14212820314857,1102.0,1
619099.0,APRIL,20.6143102194441,365.0,1
619099.0,MAY,20.6143102194441,365.0,1
619099.0,JUNE,20.6143102194441,365.0,1
619099.0,JULY,20.6143102194441,365.0,1
619100.0,APRIL,36.840646651270205,1094.0,1
619100.0,MAY,36.840646651270205,1096.0,1
619100.0,JUNE,36.840646651270205,1096.0,1
619100.0,JULY,36.840646651270205,1096.0,1
619101.0,APRIL,-15.915088927137125,7.0,1
619101.0,MAY,-15.915088927137125,7.0,1
619101.0,JUNE,-15.915088927137125,7.0,1
619101.0,JULY,-15.915088927137125,7.0,1
619102.0,APRIL,0.0,0.0,0
619102.0,MAY,0.0,0.0,0
619102.0,JUNE,0.0,0.0,0
619102.0,JULY,0.0,0.0,0
619103.0,APRIL,6.916426512968292,2923.0,1
619103.0,MAY,6.916426512968292,2924.0,1
619103.0,JUNE,6.916426512968292,2925.0,1
619103.0,JULY,6.916426512968292,2926.0,1
619104.0,APRIL,1.329355503882759,,0
619104.0,MAY,1.329355503882759,,0
619105.0,APRIL,0.6128105045880391,0.0,0
619105.0,MAY,0.6128105045880391,0.0,0
619105.0,JUNE,0.6128105045880391,0.0,0
619105.0,JULY,0.6128105045880391,0.0,0
619106.0,APRIL,-23.92808351140226,361.0,1
619106.0,MAY,-23.92808351140226,362.0,1
619106.0,JUNE,-23.92808351140226,362.0,1
619106.0,JULY,-23.92808351140226,362.0,1
619107.0,APRIL,-14.340290221974833,359.0,1
619107.0,MAY,-14.340290221974833,359.0,1
619107.0,JUNE,-14.340290221974833,360.0,1
619107.0,JULY,-14.340290221974833,360.0,1
619108.0,APRIL,-13.486364230978436,3.0,1
619108.0,MAY,-13.486364230978436,3.0,1
619108.0,JUNE,-13.486364230978436,4.0,1
619108.0,JULY,-13.486364230978436,4.0,1
619109.0,APRIL,24.748584083647987,732.0,1
619109.0,MAY,24.748584083647987,734.0,1
619109.0,JUNE,24.748584083647987,734.0,1
619109.0,JULY,24.748584083647987,735.0,1
619111.0,APRIL,0.0,733.0,1
619111.0,MAY,0.0,734.0,1
619111.0,JUNE,0.0,735.0,1
619111.0,JULY,0.0,736.0,1
619112.0,APRIL,0.0,733.0,1
619112.0,MAY,0.0,733.0,1
619112.0,JUNE,0.0,733.0,1
619112.0,JULY,0.0,733.0,1
619113.0,JUNE,-57.574667146455546,6206.0,1
619114.0,APRIL,6.021211084502235,9.0,1
619114.0,MAY,6.021211084502235,373.0,1
619114.0,JUNE,6.021211084502235,373.0,1
619114.0,JULY,6.021211084502235,373.0,1
619117.0,APRIL,6.8355570347602255,2559.0,1
619117.0,MAY,6.8355570347602255,2560.0,1
619117.0,JUNE,6.8355570347602255,2561.0,1
619117.0,JULY,6.8355570347602255,2562.0,1
619118.0,APRIL,4.895141113289027,2554.0,1
619118.0,MAY,4.895141113289027,2555.0,1
619118.0,JUNE,4.895141113289027,2556.0,1
619118.0,JULY,4.895141113289027,2557.0,1
619119.0,APRIL,17.911179602129437,2191.0,1
619119.0,MAY,17.911179602129437,2194.0,1
619119.0,JUNE,17.911179602129437,2194.0,1
619119.0,JULY,17.911179602129437,2194.0,1
619120.0,APRIL,40.8962942667306,1461.0,1
619120.0,MAY,40.8962942667306,1462.0,1
619120.0,JUNE,40.8962942667306,1462.0,1
619120.0,JULY,40.8962942667306,1464.0,1
619121.0,APRIL,42.943692510633944,2194.0,1
619121.0,MAY,42.943692510633944,2194.0,1
619122.0,APRIL,-0.16697989480942843,724.0,1
619122.0,MAY,-0.16697989480942843,725.0,1
619123.0,APRIL,-16.647002433448854,10.0,1
619123.0,MAY,-16.647002433448854,370.0,1
619123.0,JUNE,-16.647002433448854,370.0,1
619123.0,JULY,-16.647002433448854,370.0,1
619124.0,APRIL,-16.119578744530227,9.0,1
619124.0,MAY,-16.119578744530227,368.0,1
619124.0,JUNE,-16.119578744530227,368.0,1
619124.0,JULY,-16.119578744530227,368.0,1
619125.0,APRIL,-14.515807591267334,366.0,1
619125.0,MAY,-14.515807591267334,373.0,1
619125.0,JUNE,-14.515807591267334,373.0,1
619125.0,JULY,-14.515807591267334,373.0,1
619126.0,APRIL,-18.19932200612447,7.0,1
619126.0,MAY,-18.19932200612447,367.0,1
619126.0,JUNE,-18.19932200612447,367.0,1
619126.0,JULY,-18.19932200612447,367.0,1
619127.0,APRIL,-3.0785771474322297,370.0,1
619127.0,MAY,-3.0785771474322297,730.0,1
619127.0,JUNE,-3.0785771474322297,730.0,1
619127.0,JULY,-3.0785771474322297,730.0,1
619128.0,APRIL,59.41407645587711,727.0,1
619128.0,MAY,59.41407645587711,728.0,1
619128.0,JUNE,59.41407645587711,729.0,1
619128.0,JULY,59.41407645587711,730.0,1
619129.0,APRIL,8.628926749672932,738.0,1
619129.0,MAY,8.628926749672932,1092.0,1
619129.0,JUNE,8.628926749672932,1092.0,1
619129.0,JULY,8.628926749672932,1092.0,1
619130.0,APRIL,31.145117504233365,720.0,1
619130.0,MAY,31.145117504233365,721.0,1
619130.0,JUNE,31.145117504233365,721.0,1
619130.0,JULY,31.145117504233365,721.0,1
619131.0,APRIL,-1.63321832356348,2187.0,1
619131.0,MAY,-1.63321832356348,2187.0,1
619131.0,JUNE,-1.63321832356348,2187.0,1
619131.0,JULY,-1.63321832356348,2187.0,1
619132.0,APRIL,5.936885372698948,1093.0,1
619132.0,MAY,5.936885372698948,1093.0,1
619132.0,JUNE,5.936885372698948,1093.0,1
619132.0,JULY,5.936885372698948,1093.0,1
619134.0,APRIL,16.028288439750003,361.0,1
619134.0,MAY,16.028288439750003,364.0,1
619134.0,JUNE,16.028288439750003,364.0,1
619134.0,JULY,16.028288439750003,364.0,1
619136.0,APRIL,2.9257670519663392,4.0,1
619136.0,MAY,2.9257670519663392,5.0,1
619136.0,JUNE,2.9257670519663392,6.0,1
619136.0,JULY,2.9257670519663392,7.0,1
619137.0,APRIL,71.16884130810294,1458.0,1
619138.0,APRIL,0.0,1099.0,1
619138.0,MAY,0.0,1105.0,1
619138.0,JUNE,0.0,1459.0,1
619138.0,JULY,5.186341728328006,1460.0,1
619139.0,APRIL,0.0,371.0,1
619139.0,MAY,0.0,1094.0,1
619139.0,JUNE,0.0,1094.0,1
619139.0,JULY,0.0,1094.0,1
619140.0,APRIL,-30.97280603928969,722.0,1
619140.0,MAY,-30.97280603928969,730.0,1
619140.0,JUNE,-30.97280603928969,730.0,1
619140.0,JULY,-30.97280603928969,730.0,1
619141.0,APRIL,-2.2922934505901478,364.0,1
619141.0,MAY,-2.2922934505901478,356.0,1
619141.0,JUNE,-2.2922934505901478,356.0,1
619141.0,JULY,-2.2922934505901478,356.0,1
619142.0,APRIL,9.236299949301744,1091.0,1
619142.0,MAY,9.236299949301744,1091.0,1
619142.0,JUNE,9.236299949301744,1091.0,1
619142.0,JULY,9.236299949301744,1091.0,1
619143.0,APRIL,4.427307175457931,3.0,1
619143.0,MAY,4.427307175457931,3.0,1
619143.0,JUNE,4.427307175457931,3.0,1
619143.0,JULY,4.427307175457931,3.0,1
619144.0,APRIL,-74.50319795751848,2920.0,1
619144.0,MAY,-74.50319795751848,2920.0,1
619145.0,APRIL,28.363582504471868,2187.0,1
619145.0,MAY,28.363582504471868,2187.0,1
619145.0,JUNE,28.363582504471868,2556.0,1
619145.0,JULY,28.363582504471868,2187.0,1
619146.0,APRIL,27.34734121221004,2553.0,1
619146.0,MAY,27.34734121221004,2554.0,1
619146.0,JUNE,27.34734121221004,2555.0,1
619147.0,APRIL,4.213371360350196,1453.0,1
619147.0,MAY,4.213371360350196,1453.0,1
619148.0,APRIL,13.283740701381507,,0
619148.0,MAY,13.283740701381507,,0
619149.0,APRIL,18.848610226433593,731.0,1
619149.0,MAY,18.848610226433593,731.0,1
619149.0,JUNE,18.848610226433593,731.0,1
619149.0,JULY,18.848610226433593,731.0,1
619150.0,APRIL,37.3190441208245,2554.0,1
619150.0,MAY,37.3190441208245,2556.0,1
619150.0,JUNE,37.3190441208245,2556.0,1
619150.0,JULY,37.3190441208245,2558.0,1
619152.0,APRIL,60.518707626760424,2550.0,1
619152.0,MAY,60.518707626760424,2551.0,1
619152.0,JUNE,60.518707626760424,2552.0,1
619152.0,JULY,0.0,2553.0,1
619153.0,APRIL,36.01700412130404,735.0,1
619153.0,MAY,36.01700412130404,736.0,1
619153.0,JUNE,36.01700412130404,736.0,1
619153.0,JULY,36.01700412130404,738.0,1
619154.0,APRIL,0.006026113157008245,368.0,1
619154.0,MAY,0.006026113157008245,367.0,1
619154.0,JUNE,0.006026113157008245,367.0,1
619154.0,JULY,0.006026113157008245,367.0,1
619155.0,APRIL,-11.167329011972123,731.0,1
619155.0,MAY,-11.167329011972123,732.0,1
619155.0,JUNE,-11.167329011972123,732.0,1
619155.0,JULY,-11.167329011972123,732.0,1
619156.0,MAY,0.0,1.0,1
619156.0,JUNE,0.0,1.0,1
619156.0,JULY,0.0,0.0,0
619157.0,APRIL,1.953016926985096,1828.0,1
619157.0,MAY,1.953016926985096,1828.0,1
619157.0,JUNE,1.953016926985096,1828.0,1
619157.0,JULY,1.953016926985096,1828.0,1
619158.0,APRIL,15.032953105196453,1459.0,1
619158.0,MAY,15.032953105196453,1463.0,1
619158.0,JUNE,15.032953105196453,1463.0,1
619158.0,JULY,15.032953105196453,1463.0,1
619160.0,APRIL,-31.864040355512856,365.0,1
619160.0,MAY,-31.864040355512856,365.0,1
619160.0,JUNE,-31.864040355512856,365.0,1
619160.0,JULY,-31.864040355512856,365.0,1
619161.0,APRIL,-9.3307172443863,355.0,1
619161.0,MAY,-9.3307172443863,356.0,1
619161.0,JUNE,-9.3307172443863,356.0,1
619161.0,JULY,-9.3307172443863,356.0,1
619162.0,APRIL,-1.9238088647451654,730.0,1
619162.0,MAY,-1.9238088647451654,730.0,1
619162.0,JUNE,-1.9238088647451654,732.0,1
619162.0,JULY,-1.9238088647451654,733.0,1
619163.0,APRIL,-11.815240736209658,1093.0,1
619163.0,MAY,-11.815240736209658,1099.0,1
619163.0,JUNE,-11.815240736209658,1099.0,1
619163.0,JULY,-11.815240736209658,1099.0,1
619164.0,APRIL,-1.5284526064399198,2185.0,1
619164.0,MAY,-1.5284526064399198,2185.0,1
619164.0,JUNE,-1.5284526064399198,2185.0,1
619164.0,JULY,-1.5284526064399198,2185.0,1
619165.0,APRIL,-89.47398126199346,1099.0,1
619165.0,MAY,-89.47398126199346,1101.0,1
619165.0,JUNE,-89.47398126199346,1101.0,1
619165.0,JULY,-89.47398126199346,1106.0,1
619166.0,APRIL,26.038914557167946,358.0,1
619166.0,MAY,26.038914557167946,359.0,1
619166.0,JUNE,26.038914557167946,361.0,1
619166.0,JULY,26.038914557167946,361.0,1
619167.0,APRIL,47.41185990058952,1455.0,1
619167.0,MAY,47.41185990058952,1456.0,1
619167.0,JUNE,47.41185990058952,1456.0,1
619167.0,JULY,47.41185990058952,1460.0,1
619168.0,APRIL,-6.523638360541159,727.0,1
619168.0,MAY,-6.523638360541159,728.0,1
619168.0,JUNE,-6.523638360541159,729.0,1
619168.0,JULY,-6.523638360541159,730.0,1
619171.0,APRIL,0.0,,0
619171.0,MAY,0.0,,0
619171.0,JUNE,0.0,,0
619171.0,JULY,0.0,,0
619172.0,APRIL,0.0,,0
619172.0,MAY,0.0,,0
619172.0,JUNE,0.0,,0
619172.0,JULY,0.0,,0
619181.0,APRIL,14.445011048784623,365.0,1
619181.0,MAY,14.445011048784623,365.0,1
619181.0,JUNE,14.445011048784623,365.0,1
619181.0,JULY,14.445011048784623,367.0,1
619183.0,APRIL,20.958295466020395,,0
619183.0,MAY,20.958295466020395,,0
619183.0,JUNE,20.958295466020395,1.0,1
619183.0,JULY,20.958295466020395,2.0,1
619184.0,APRIL,81.47987466859486,361.0,1
619184.0,MAY,81.47987466859486,368.0,1
619184.0,JUNE,81.47987466859486,368.0,1
619184.0,JULY,81.47987466859486,368.0,1
619185.0,APRIL,81.4774460666812,360.0,1
619185.0,MAY,81.4774460666812,361.0,1
619185.0,JUNE,81.4774460666812,723.0,1
619185.0,JULY,81.4774460666812,723.0,1
619186.0,APRIL,41.420748402798914,10.0,1
619186.0,MAY,41.420748402798914,10.0,1
619186.0,JUNE,41.420748402798914,10.0,1
619186.0,JULY,41.420748402798914,10.0,1
619187.0,APRIL,0.0,0.0,0
619187.0,MAY,0.0,0.0,0
619187.0,JUNE,0.0,0.0,0
619187.0,JULY,0.0,0.0,0
619191.0,APRIL,0.0,0.0,0
619191.0,MAY,0.0,0.0,0
619191.0,JUNE,0.0,0.0,0
619191.0,JULY,0.0,,0
619193.0,APRIL,13.317764916912026,3290.0,1
619193.0,MAY,13.317764916912026,3291.0,1
619193.0,JUNE,13.317764916912026,3292.0,1
619193.0,JULY,13.317764916912026,3293.0,1
619194.0,MAY,0.0,,0
619194.0,JUNE,0.0,0.0,0
619194.0,JULY,0.0,0.0,0
619196.0,APRIL,0.0,,0
619196.0,MAY,0.0,-1.0,0
619196.0,JUNE,0.0,-1.0,0
619196.0,JULY,0.0,,0
619197.0,APRIL,6.205669272744134,734.0,1
619197.0,MAY,6.205669272744134,735.0,1
619197.0,JUNE,6.205669272744134,735.0,1
619197.0,JULY,6.205669272744134,737.0,1
619198.0,APRIL,39.566899227523976,733.0,1
619198.0,MAY,39.566899227523976,734.0,1
619198.0,JUNE,39.566899227523976,735.0,1
619198.0,JULY,39.566899227523976,736.0,1
619199.0,APRIL,0.0,-730.0,0
619199.0,MAY,0.0,-730.0,0
619199.0,JUNE,0.0,-730.0,0
619199.0,JULY,0.0,730.0,1
619200.0,APRIL,18.879244708390438,1092.0,1
619200.0,MAY,18.879244708390438,1096.0,1
619200.0,JUNE,18.879244708390438,1096.0,1
619200.0,JULY,18.879244708390438,1096.0,1
619201.0,APRIL,17.232191564500845,367.0,1
619201.0,MAY,17.232191564500845,367.0,1
619201.0,JUNE,17.232191564500845,367.0,1
619201.0,JULY,17.232191564500845,367.0,1
619202.0,APRIL,83.22166114134109,1457.0,1
619202.0,MAY,83.22166114134109,1458.0,1
619202.0,JUNE,83.22166114134109,1458.0,1
619202.0,JULY,83.22166114134109,1460.0,1
619203.0,APRIL,9.445934297481076,1824.0,1
619203.0,MAY,9.445934297481076,1825.0,1
619203.0,JUNE,9.445934297481076,1826.0,1
619203.0,JULY,9.445934297481076,1829.0,1
619204.0,JUNE,0.0,0.0,0
619204.0,JULY,0.0,0.0,0
619205.0,APRIL,35.35513636570137,731.0,1
619205.0,MAY,35.35513636570137,732.0,1
619205.0,JUNE,35.35513636570137,733.0,1
619205.0,JULY,35.35513636570137,734.0,1
619206.0,APRIL,27.15664195420248,1098.0,1
619206.0,MAY,27.15664195420248,1098.0,1
619206.0,JUNE,27.15664195420248,1098.0,1
619206.0,JULY,27.15664195420248,1098.0,1
619207.0,APRIL,25.278170040547142,368.0,1
619207.0,MAY,25.278170040547142,733.0,1
619207.0,JUNE,25.278170040547142,733.0,1
619207.0,JULY,25.278170040547142,733.0,1
619208.0,APRIL,-3.0066233180402886,376.0,1
619208.0,MAY,-3.0066233180402886,734.0,1
619208.0,JUNE,-3.0066233180402886,734.0,1
619208.0,JULY,-3.0066233180402886,734.0,1
619209.0,APRIL,19.885233627366123,730.0,1
619209.0,MAY,19.885233627366123,730.0,1
619210.0,APRIL,-3.7564372286092733,1092.0,1
619210.0,MAY,-3.7564372286092733,1093.0,1
619210.0,JUNE,-3.7564372286092733,1094.0,1
619210.0,JULY,-3.7564372286092733,1096.0,1
619211.0,APRIL,-1.8468190240889388,364.0,1
619211.0,MAY,-1.8468190240889388,366.0,1
619211.0,JUNE,-1.8468190240889388,366.0,1
619211.0,JULY,-1.8468190240889388,366.0,1
619212.0,APRIL,7.193072492810998,376.0,1
619212.0,MAY,7.193072492810998,733.0,1
619212.0,JUNE,7.193072492810998,733.0,1
619212.0,JULY,7.193072492810998,733.0,1
619213.0,APRIL,35.32237066622852,733.0,1
619213.0,MAY,35.32237066622852,734.0,1
619213.0,JUNE,35.32237066622852,735.0,1
619213.0,JULY,35.32237066622852,736.0,1
619214.0,APRIL,-0.5029069767441914,1101.0,1
619214.0,MAY,-0.5029069767441914,1105.0,1
619214.0,JUNE,-0.5029069767441914,1105.0,1
619214.0,JULY,-0.5029069767441914,1105.0,1
619215.0,APRIL,17.894715607064683,2189.0,1
619215.0,MAY,17.894715607064683,2192.0,1
619215.0,JUNE,17.894715607064683,2192.0,1
619215.0,JULY,17.894715607064683,2192.0,1
619216.0,APRIL,-24.727160593140812,372.0,1
619216.0,MAY,-24.727160593140812,727.0,1
619216.0,JUNE,-24.727160593140812,372.0,1
619216.0,JULY,-24.727160593140812,372.0,1
619217.0,APRIL,-2.207796904383039,2190.0,1
619217.0,MAY,-2.207796904383039,2191.0,1
619217.0,JUNE,-2.207796904383039,2192.0,1
619217.0,JULY,-2.207796904383039,2193.0,1
619218.0,APRIL,24.042986790212133,1822.0,1
619218.0,MAY,24.042986790212133,1822.0,1
619218.0,JUNE,24.042986790212133,1823.0,1
619218.0,JULY,24.042986790212133,1824.0,1
619219.0,APRIL,32.14397184314508,1828.0,1
619219.0,MAY,32.14397184314508,1828.0,1
619219.0,JUNE,32.14397184314508,1828.0,1
619219.0,JULY,32.14397184314508,1828.0,1
619220.0,APRIL,27.020422291450323,1105.0,1
619220.0,MAY,27.020422291450323,1105.0,1
619220.0,JUNE,27.020422291450323,1105.0,1
619220.0,JULY,27.020422291450323,1105.0,1
619221.0,JULY,0.0,0.0,0
619222.0,APRIL,49.507468108292905,727.0,1
619222.0,MAY,49.507468108292905,728.0,1
619222.0,JUNE,49.507468108292905,729.0,1
619222.0,JULY,49.507468108292905,730.0,1
619223.0,APRIL,0.0,0.0,0
619223.0,MAY,0.0,0.0,0
619223.0,JUNE,0.0,0.0,0
619223.0,JULY,0.0,,0
619224.0,APRIL,0.0,0.0,0
619224.0,MAY,0.0,0.0,0
619224.0,JUNE,0.0,0.0,0
619224.0,JULY,0.0,,0
619225.0,APRIL,0.0,0.0,0
619225.0,MAY,0.0,0.0,0
619225.0,JUNE,0.0,0.0,0
619225.0,JULY,0.0,,0
619226.0,APRIL,0.0,0.0,0
619226.0,MAY,0.0,0.0,0
619226.0,JUNE,0.0,0.0,0
619226.0,JULY,0.0,,0
619227.0,APRIL,0.0,,0
619227.0,MAY,0.0,,0
619227.0,JUNE,0.0,,0
619227.0,JULY,0.0,,0
619228.0,APRIL,0.0,,0
619228.0,MAY,0.0,,0
619228.0,JUNE,0.0,,0
619228.0,JULY,0.0,,0
619229.0,MAY,0.0,,0
619229.0,JUNE,0.0,,0
619248.0,JUNE,0.0,,0
619248.0,JULY,0.0,0.0,0
619251.0,APRIL,0.0,,0
619251.0,MAY,0.0,,0
619251.0,JUNE,0.0,,0
619251.0,JULY,0.0,,0
619253.0,APRIL,0.0,,0
619253.0,MAY,0.0,0.0,0
619253.0,JUNE,0.0,0.0,0
619253.0,JULY,0.0,0.0,0
619265.0,JULY,0.0,0.0,0
619270.0,JUNE,0.0,,0
619270.0,JULY,0.0,-359.0,0
619271.0,JUNE,0.0,,0
619271.0,JULY,0.0,0.0,0
619289.0,APRIL,2.2201336297528114,734.0,1
619289.0,MAY,2.2201336297528114,738.0,1
619289.0,JUNE,2.2201336297528114,738.0,1
619289.0,JULY,2.2201336297528114,738.0,1
619291.0,APRIL,25.3136081137759,367.0,1
619291.0,MAY,25.3136081137759,367.0,1
619291.0,JUNE,25.3136081137759,367.0,1
619292.0,APRIL,-1.866593466922874,370.0,1
619292.0,MAY,-1.866593466922874,370.0,1
619292.0,JUNE,-1.866593466922874,370.0,1
619292.0,JULY,-1.866593466922874,371.0,1
619293.0,APRIL,-52.91562495635292,0.0,0
619293.0,MAY,-52.91562495635292,0.0,0
619293.0,JUNE,-52.91562495635292,0.0,0
619293.0,JULY,-52.91562495635292,0.0,0
619294.0,APRIL,-46.13484673983931,0.0,0
619294.0,MAY,-46.13484673983931,0.0,0
619294.0,JUNE,-46.13484673983931,0.0,0
619294.0,JULY,-46.13484673983931,0.0,0
619295.0,APRIL,-10.440041485392562,0.0,0
619295.0,MAY,-10.440041485392562,0.0,0
619295.0,JUNE,-10.440041485392562,0.0,0
619295.0,JULY,-10.440041485392562,0.0,0
619297.0,JULY,0.0,-371.0,0
619298.0,JUNE,0.0,0.0,0
619298.0,JULY,0.0,0.0,0
619299.0,JUNE,0.0,0.0,0
619299.0,JULY,0.0,0.0,0
619300.0,JUNE,0.0,0.0,0
619300.0,JULY,0.0,0.0,0
619301.0,APRIL,17.85342455566297,1827.0,1
619301.0,MAY,17.85342455566297,1827.0,1
619301.0,JUNE,17.85342455566297,1828.0,1
619301.0,JULY,17.85342455566297,1829.0,1
619305.0,APRIL,14.415936705283974,733.0,1
619305.0,MAY,14.415936705283974,739.0,1
619305.0,JUNE,14.415936705283974,739.0,1
619305.0,JULY,14.415936705283974,739.0,1
619306.0,APRIL,21.04247482465421,734.0,1
619306.0,MAY,21.04247482465421,735.0,1
619306.0,JUNE,21.04247482465421,735.0,1
619306.0,JULY,21.04247482465421,736.0,1
619307.0,APRIL,7.629162550124949,729.0,1
619307.0,MAY,7.629162550124949,731.0,1
619307.0,JUNE,7.629162550124949,731.0,1
619307.0,JULY,7.629162550124949,731.0,1
619308.0,APRIL,-0.05979144743135942,1093.0,1
619308.0,MAY,-0.05979144743135942,1093.0,1
619308.0,JUNE,-0.05979144743135942,1093.0,1
619308.0,JULY,-0.05979144743135942,1094.0,1
619311.0,APRIL,-0.00021267802036927167,,0
619311.0,MAY,-0.00021267802036927167,,0
619311.0,JUNE,-0.00021267802036927167,,0
619311.0,JULY,0.0,,0
619312.0,APRIL,0.0,0.0,0
619312.0,MAY,0.0,0.0,0
619312.0,JUNE,0.0,0.0,0
619312.0,JULY,0.0,,0
619313.0,APRIL,0.0,0.0,0
619313.0,MAY,0.0,0.0,0
619313.0,JUNE,0.0,0.0,0
619313.0,JULY,0.0,,0
619314.0,APRIL,0.0,,0
619314.0,MAY,-7.615200478755237,0.0,0
619314.0,JUNE,-7.615200478755237,0.0,0
619314.0,JULY,-7.615200478755237,,0
619316.0,APRIL,0.0,0.0,0
619316.0,MAY,0.0,0.0,0
619316.0,JUNE,0.0,0.0,0
619316.0,JULY,0.0,,0
619317.0,APRIL,6.7338868101887845,4751.0,1
619317.0,MAY,6.7338868101887845,4753.0,1
619317.0,JUNE,6.7338868101887845,4754.0,1
619317.0,JULY,6.7338868101887845,4755.0,1
619318.0,APRIL,0.9912996471645277,1096.0,1
619318.0,MAY,0.9912996471645277,1096.0,1
619318.0,JUNE,0.9912996471645277,1096.0,1
619318.0,JULY,0.9912996471645277,1096.0,1
619320.0,APRIL,0.8896766082279856,4743.0,1
619320.0,MAY,0.8896766082279856,4743.0,1
619321.0,MAY,0.0,,0
619321.0,JUNE,0.0,,0
619321.0,JULY,0.0,,0
619326.0,MAY,0.0,,0
619326.0,JUNE,0.0,,0
619328.0,MAY,5.240480422254535,0.0,0
619328.0,JUNE,5.240480422254535,0.0,0
619328.0,JULY,5.240480422254535,,0
619341.0,MAY,-0.00017038764893762418,,0
619341.0,JUNE,-0.00017038764893762418,,0
619341.0,JULY,0.0,,0
619347.0,JUNE,0.0,,0
619347.0,JULY,0.0,,0
635651.0,JULY,0.0,,0
660056.0,JULY,0.0,,0
665021.0,JULY,0.0,,0
701101.0,APRIL,0.0,0.0,0
701101.0,MAY,0.0,3.0,1
701101.0,JUNE,0.0,3.0,1
701101.0,JULY,0.0,3.0,1
701105.0,APRIL,0.0,1818.0,1
701105.0,MAY,0.0,1818.0,1
701107.0,APRIL,0.0,1462.0,1
701107.0,MAY,0.0,1462.0,1
701107.0,JUNE,0.0,1462.0,1
701107.0,JULY,34.73030402092188,1463.0,1
701113.0,APRIL,0.0,0.0,0
701113.0,MAY,0.0,0.0,0
701113.0,JUNE,0.0,0.0,0
701113.0,JULY,0.0,0.0,0
701121.0,APRIL,0.0,363.0,1
701121.0,MAY,0.0,363.0,1
701121.0,JUNE,0.0,363.0,1
701121.0,JULY,0.0,365.0,1
701122.0,APRIL,0.0,4.0,1
701122.0,MAY,0.0,4.0,1
701122.0,JUNE,0.0,4.0,1
701122.0,JULY,0.0,4.0,1
701126.0,APRIL,18.850574712643677,0.0,0
701126.0,MAY,18.850574712643677,3.0,1
701126.0,JUNE,18.850574712643677,0.0,0
701126.0,JULY,18.850574712643677,3.0,1
701127.0,APRIL,0.0,1.0,1
701127.0,MAY,0.0,3.0,1
701127.0,JUNE,0.0,3.0,1
701127.0,JULY,0.0,3.0,1
701128.0,APRIL,0.0,6.0,1
701128.0,MAY,0.0,6.0,1
701128.0,JUNE,0.0,6.0,1
701128.0,JULY,0.0,6.0,1
701167.0,APRIL,18.207877461706794,365.0,1
701167.0,MAY,18.207877461706794,365.0,1
701167.0,JUNE,18.207877461706794,365.0,1
701167.0,JULY,40.6012035010941,365.0,1
701168.0,APRIL,59.929588607594944,1463.0,1
701168.0,MAY,59.929588607594944,1463.0,1
701168.0,JUNE,59.929588607594944,1463.0,1
701168.0,JULY,59.929588607594944,1463.0,1
701170.0,APRIL,0.0,0.0,0
701170.0,MAY,0.0,9.0,1
701170.0,JUNE,0.0,9.0,1
701170.0,JULY,0.0,9.0,1
701171.0,APRIL,32.87451361867705,0.0,0
701171.0,MAY,32.87451361867705,0.0,0
701171.0,JUNE,32.87451361867705,0.0,0
701171.0,JULY,32.87451361867705,6.0,1
701172.0,APRIL,0.0,,0
701172.0,MAY,0.0,,0
701172.0,JUNE,0.0,,0
701172.0,JULY,0.0,,0
701173.0,APRIL,26.745958429561206,0.0,0
701173.0,MAY,26.745958429561206,0.0,0
701173.0,JUNE,26.745958429561206,0.0,0
701173.0,JULY,26.745958429561206,0.0,0
701228.0,APRIL,102.71012006861065,5111.0,1
701228.0,MAY,102.71012006861065,5111.0,1
701228.0,JUNE,102.71012006861065,5111.0,1
701228.0,JULY,102.71012006861065,5111.0,1
701263.0,APRIL,84.23566509773006,1457.0,1
701263.0,MAY,84.23566509773006,1457.0,1
701289.0,APRIL,4.61489589049008,734.0,1
701289.0,MAY,4.61489589049008,734.0,1
701289.0,JUNE,4.61489589049008,734.0,1
701289.0,JULY,4.61489589049008,734.0,1
701324.0,APRIL,12.923700202565833,1100.0,1
701324.0,MAY,12.923700202565833,1100.0,1
701324.0,JUNE,12.923700202565833,1100.0,1
701324.0,JULY,12.923700202565833,1104.0,1
701329.0,APRIL,-5.867131389945078,734.0,1
701329.0,MAY,-5.867131389945078,734.0,1
701329.0,JUNE,-5.867131389945078,734.0,1
701329.0,JULY,-5.867131389945078,734.0,1
701330.0,APRIL,0.0,737.0,1
701330.0,MAY,0.0,1093.0,1
701330.0,JUNE,0.0,1093.0,1
701330.0,JULY,0.0,,0
701338.0,APRIL,0.0,,0
701338.0,MAY,0.0,,0
701338.0,JUNE,0.0,,0
701338.0,JULY,0.0,,0
701343.0,APRIL,5.705064062535261,1460.0,1
701343.0,MAY,5.705064062535261,1460.0,1
701343.0,JUNE,5.705064062535261,1460.0,1
701344.0,APRIL,9.154417115412594,1459.0,1
701344.0,MAY,9.154417115412594,1459.0,1
701344.0,JUNE,9.154417115412594,1459.0,1
701344.0,JULY,9.154417115412594,1459.0,1
701346.0,APRIL,0.0,735.0,1
701346.0,MAY,0.0,735.0,1
701346.0,JUNE,0.0,735.0,1
701346.0,JULY,0.0,1461.0,1
701349.0,APRIL,11.527180289401642,734.0,1
701349.0,MAY,21.3042628079781,734.0,1
701349.0,JUNE,21.3042628079781,734.0,1
701349.0,JULY,21.3042628079781,734.0,1
701354.0,APRIL,5.236319597157153,1097.0,1
701370.0,APRIL,0.0,1452.0,1
701370.0,MAY,0.0,1452.0,1
701370.0,JUNE,0.0,1452.0,1
701370.0,JULY,0.0,1452.0,1
701372.0,APRIL,61.2714829543343,2548.0,1
701372.0,MAY,61.2714829543343,2548.0,1
701372.0,JUNE,61.2714829543343,2548.0,1
701372.0,JULY,61.2714829543343,2548.0,1
701376.0,APRIL,151.57979604860589,2548.0,1
701376.0,MAY,151.57979604860589,2548.0,1
701376.0,JUNE,151.57979604860589,2548.0,1
701376.0,JULY,151.57979604860589,2548.0,1
701377.0,APRIL,108.53718707800977,2548.0,1
701377.0,MAY,108.53718707800977,2548.0,1
701377.0,JUNE,108.53718707800977,2548.0,1
701377.0,JULY,108.53718707800977,2548.0,1
701383.0,APRIL,66.05539240219454,2548.0,1
701383.0,MAY,66.05539240219454,2548.0,1
701383.0,JUNE,66.05539240219454,2548.0,1
701383.0,JULY,66.05539240219454,2548.0,1
701386.0,APRIL,77.44949954630535,3281.0,1
701386.0,MAY,77.44949954630535,3281.0,1
701386.0,JUNE,77.44949954630535,3281.0,1
701386.0,JULY,77.44949954630535,3281.0,1
701391.0,APRIL,599.52007602756,2192.0,1
701391.0,MAY,599.52007602756,2192.0,1
701391.0,JUNE,599.52007602756,2192.0,1
701391.0,JULY,599.52007602756,2551.0,1
701395.0,APRIL,0.0,,0
701395.0,MAY,0.0,,0
701395.0,JUNE,0.0,,0
701396.0,APRIL,478.4662265109192,2551.0,1
701396.0,MAY,478.4662265109192,2551.0,1
701396.0,JUNE,478.4662265109192,2551.0,1
701396.0,JULY,478.4662265109192,2551.0,1
701398.0,APRIL,269.7389577225007,2551.0,1
701398.0,MAY,269.7389577225007,2551.0,1
701398.0,JUNE,269.7389577225007,2551.0,1
701398.0,JULY,269.7389577225007,2551.0,1
701399.0,APRIL,0.0,356.0,1
701399.0,MAY,0.0,356.0,1
701399.0,JUNE,0.0,356.0,1
701399.0,JULY,0.0,356.0,1
701400.0,APRIL,25.72027817639916,2548.0,1
701400.0,MAY,25.72027817639916,2557.0,1
701400.0,JUNE,25.72027817639916,2557.0,1
701400.0,JULY,25.72027817639916,2557.0,1
701402.0,APRIL,129.82545126117515,2548.0,1
701402.0,MAY,129.82545126117515,2548.0,1
701402.0,JUNE,129.82545126117515,2548.0,1
701402.0,JULY,129.82545126117515,2548.0,1
701404.0,APRIL,132.5864386566003,2551.0,1
701404.0,MAY,132.5864386566003,2551.0,1
701404.0,JUNE,132.5864386566003,2551.0,1
701404.0,JULY,132.5864386566003,2551.0,1
701405.0,APRIL,79.61859399978785,2192.0,1
701405.0,MAY,79.61859399978785,2192.0,1
701405.0,JUNE,79.61859399978785,2192.0,1
701405.0,JULY,79.61859399978785,2192.0,1
701406.0,APRIL,79.00570613409414,2548.0,1
701406.0,MAY,79.00570613409414,2548.0,1
701406.0,JUNE,79.00570613409414,2548.0,1
701408.0,APRIL,316.45469373132073,2192.0,1
701408.0,MAY,316.45469373132073,2192.0,1
701408.0,JUNE,316.45469373132073,2192.0,1
701408.0,JULY,316.45469373132073,2192.0,1
701410.0,APRIL,70.8338537113359,1826.0,1
701410.0,MAY,70.8338537113359,1826.0,1
701410.0,JUNE,70.8338537113359,1826.0,1
701410.0,JULY,70.8338537113359,1826.0,1
701411.0,APRIL,18.806899961064126,1461.0,1
701411.0,MAY,18.806899961064126,1461.0,1
701411.0,JUNE,18.806899961064126,1461.0,1
701411.0,JULY,18.806899961064126,1461.0,1
701412.0,APRIL,49.83695685675013,1826.0,1
701412.0,MAY,49.83695685675013,1826.0,1
701412.0,JUNE,49.83695685675013,1826.0,1
701412.0,JULY,49.83695685675013,2194.0,1
701415.0,APRIL,447.2237327406846,1460.0,1
701415.0,MAY,447.2237327406846,1460.0,1
701415.0,JUNE,447.2237327406846,1460.0,1
701415.0,JULY,447.2234372044637,1460.0,1
701530.0,APRIL,0.0,,0
701530.0,MAY,0.0,,0
701530.0,JUNE,0.0,,0
701530.0,JULY,0.0,,0
701565.0,APRIL,-5.737002670798905,731.0,1
701565.0,MAY,-5.737002670798905,731.0,1
701565.0,JUNE,-5.737002670798905,731.0,1
701565.0,JULY,-5.737002670798905,1094.0,1
701570.0,APRIL,23.748538011695913,725.0,1
701570.0,MAY,23.748538011695913,725.0,1
701570.0,JUNE,23.748538011695913,725.0,1
701570.0,JULY,23.748538011695913,725.0,1
701574.0,APRIL,0.0,363.0,1
701574.0,MAY,0.0,363.0,1
701574.0,JUNE,0.0,363.0,1
701574.0,JULY,0.0,363.0,1
701593.0,APRIL,-31.174032178739548,731.0,1
701593.0,MAY,-31.174032178739548,731.0,1
701593.0,JUNE,-31.174032178739548,731.0,1
701593.0,JULY,-31.174032178739548,731.0,1
701597.0,APRIL,0.0,1095.0,1
701597.0,MAY,-77.96716819727756,1101.0,1
701597.0,JUNE,-77.96716819727756,1101.0,1
701597.0,JULY,-77.96716819727756,1101.0,1
701598.0,APRIL,0.0,1464.0,1
701598.0,MAY,-81.43339232067163,1464.0,1
701598.0,JUNE,-81.43339232067163,1464.0,1
701598.0,JULY,-81.43339232067163,1464.0,1
701599.0,APRIL,0.0,1096.0,1
701599.0,MAY,-61.67523469640016,1104.0,1
701599.0,JUNE,-61.67523469640016,1104.0,1
701599.0,JULY,-61.67523469640016,1104.0,1
701602.0,APRIL,0.0,1090.0,1
701602.0,MAY,-60.68900949796473,1451.0,1
701602.0,JUNE,-60.68900949796473,1451.0,1
701602.0,JULY,-60.68900949796473,1451.0,1
701657.0,APRIL,0.0,,0
701657.0,MAY,0.0,365.0,1
701657.0,JUNE,0.0,365.0,1
701657.0,JULY,0.0,365.0,1
701658.0,APRIL,0.0,,0
701658.0,MAY,0.0,,0
701658.0,JUNE,0.0,,0
701658.0,JULY,0.0,,0
701661.0,JULY,0.0,,0
701662.0,JULY,0.0,,0
701668.0,APRIL,0.0,,0
701668.0,MAY,0.0,,0
701668.0,JUNE,0.0,,0
701668.0,JULY,0.0,,0
701719.0,APRIL,0.0,1459.0,1
701719.0,MAY,0.0,1461.0,1
701719.0,JUNE,0.0,1461.0,1
701719.0,JULY,0.0,1461.0,1
701745.0,APRIL,0.0,,0
701745.0,MAY,0.0,,0
701745.0,JUNE,0.0,,0
701745.0,JULY,0.0,,0
701766.0,APRIL,36.45095051997085,1097.0,1
701766.0,MAY,36.45095051997085,1097.0,1
701766.0,JUNE,36.45095051997085,1097.0,1
701766.0,JULY,36.45095051997085,1097.0,1
701991.0,APRIL,20.616666666666674,1095.0,1
701991.0,MAY,20.616666666666674,1095.0,1
701991.0,JUNE,20.616666666666674,1095.0,1
701991.0,JULY,20.616666666666674,1095.0,1
702355.0,APRIL,0.0,,0
702625.0,APRIL,0.0,2186.0,1
702625.0,MAY,0.0,2186.0,1
702625.0,JUNE,0.0,2186.0,1
702625.0,JULY,0.0,2186.0,1
702626.0,APRIL,0.0,2192.0,1
702626.0,MAY,0.0,2192.0,1
702626.0,JUNE,0.0,2192.0,1
702626.0,JULY,0.0,2192.0,1
702627.0,APRIL,0.00022445395962100085,1100.0,1
702627.0,MAY,0.00022445395962100085,1100.0,1
702627.0,JUNE,0.00022445395962100085,1100.0,1
702627.0,JULY,0.0,1100.0,1
702628.0,APRIL,0.00018056277807061954,1094.0,1
702628.0,MAY,0.00018056277807061954,1094.0,1
702628.0,JUNE,0.00018056277807061954,1094.0,1
702628.0,JULY,0.0,1094.0,1
702629.0,APRIL,0.0,1097.0,1
702629.0,MAY,0.0,1097.0,1
702629.0,JUNE,0.0,1097.0,1
702629.0,JULY,0.0,1097.0,1
702630.0,APRIL,-0.00016638492153650284,734.0,1
702630.0,MAY,-0.00016638492153650284,1096.0,1
702630.0,JUNE,-0.00016638492153650284,1096.0,1
702630.0,JULY,0.0,1096.0,1
702632.0,APRIL,0.0002004116455169815,374.0,1
702632.0,MAY,0.0002004116455169815,374.0,1
702632.0,JUNE,0.0002004116455169815,374.0,1
702632.0,JULY,0.0,374.0,1
702635.0,APRIL,16.246685304452086,1832.0,1
702635.0,MAY,16.246685304452086,1832.0,1
702635.0,JUNE,16.246685304452086,1832.0,1
702635.0,JULY,16.246761047280945,1832.0,1
702637.0,APRIL,61.11687413554634,736.0,1
702637.0,MAY,61.11687413554634,736.0,1
702637.0,JUNE,61.11687413554634,736.0,1
702637.0,JULY,61.11687413554634,736.0,1
702639.0,APRIL,19.971224357189268,2924.0,1
702658.0,APRIL,0.0,,0
702658.0,MAY,0.0,,0
702658.0,JUNE,0.0,,0
702658.0,JULY,0.0,,0
702664.0,APRIL,0.0,0.0,0
702664.0,MAY,0.0,0.0,0
702664.0,JUNE,0.0,0.0,0
702664.0,JULY,0.0,0.0,0
702665.0,APRIL,0.0,0.0,0
702665.0,MAY,0.0,0.0,0
702665.0,JUNE,0.0,0.0,0
702665.0,JULY,0.0,0.0,0
702668.0,APRIL,0.0,,0
702668.0,MAY,0.0,,0
702668.0,JUNE,0.0,,0
702668.0,JULY,0.0,,0
702674.0,APRIL,0.0,1099.0,1
702674.0,MAY,0.0,1101.0,1
702674.0,JUNE,0.0,1101.0,1
702674.0,JULY,0.0,1101.0,1
702699.0,APRIL,0.0,1092.0,1
702699.0,MAY,0.0,1092.0,1
702699.0,JUNE,0.0,1092.0,1
702699.0,JULY,0.0,1092.0,1
702734.0,APRIL,0.0,1096.0,1
702734.0,MAY,0.0,1096.0,1
702734.0,JUNE,0.0,1096.0,1
702734.0,JULY,0.0,1096.0,1
702741.0,APRIL,0.0,1099.0,1
702741.0,MAY,0.0,1099.0,1
702741.0,JUNE,0.0,1099.0,1
702741.0,JULY,0.0,1099.0,1
702742.0,APRIL,0.0,1092.0,1
702742.0,MAY,0.0,1092.0,1
702742.0,JUNE,0.0,1092.0,1
702742.0,JULY,0.0,1092.0,1
702746.0,APRIL,0.0,1099.0,1
702746.0,MAY,0.0,1099.0,1
702746.0,JUNE,0.0,1099.0,1
702746.0,JULY,0.0,1099.0,1
702760.0,APRIL,0.0,1095.0,1
702760.0,MAY,0.0,1095.0,1
702760.0,JUNE,0.0,1095.0,1
702760.0,JULY,0.0,1095.0,1
702793.0,APRIL,0.0,1099.0,1
702793.0,MAY,0.0,1099.0,1
702793.0,JUNE,0.0,1099.0,1
702793.0,JULY,0.0,1099.0,1
702808.0,APRIL,12.700981415744405,733.0,1
702808.0,MAY,12.700981415744405,736.0,1
702808.0,JUNE,12.700981415744405,736.0,1
702808.0,JULY,12.700981415744405,736.0,1
702810.0,APRIL,8.977388622173587,1099.0,1
702810.0,MAY,8.977388622173587,1099.0,1
702810.0,JUNE,8.977388622173587,1099.0,1
702810.0,JULY,8.977388622173587,1099.0,1
702833.0,APRIL,0.0,1092.0,1
702833.0,MAY,0.0,1094.0,1
702833.0,JUNE,0.0,1094.0,1
702833.0,JULY,0.0,1094.0,1
702840.0,APRIL,0.0,1098.0,1
702851.0,APRIL,0.0,1098.0,1
702851.0,MAY,0.0,1101.0,1
702851.0,JUNE,0.0,1101.0,1
702854.0,APRIL,0.0,1099.0,1
702949.0,APRIL,0.0,1094.0,1
702949.0,MAY,0.0,1097.0,1
702949.0,JUNE,0.0,1097.0,1
702949.0,JULY,0.0,1097.0,1
702958.0,APRIL,21.585006317562826,1098.0,1
702958.0,MAY,21.585006317562826,1101.0,1
702958.0,JUNE,21.585006317562826,1101.0,1
702958.0,JULY,21.585006317562826,1101.0,1
703021.0,APRIL,3.1369666963215157,1094.0,1
703021.0,MAY,3.1369666963215157,1096.0,1
703021.0,JUNE,3.1369666963215157,1096.0,1
703021.0,JULY,3.1369666963215157,1096.0,1
703057.0,APRIL,0.0,1092.0,1
703057.0,MAY,0.0,1094.0,1
703057.0,JUNE,0.0,1094.0,1
703057.0,JULY,0.0,1094.0,1
703585.0,APRIL,117.62814390321554,731.0,1
703585.0,MAY,117.62814390321554,731.0,1
703585.0,JUNE,117.62814390321554,731.0,1
703586.0,APRIL,50.13033888109085,729.0,1
703586.0,MAY,50.13033888109085,729.0,1
703586.0,JUNE,50.13033888109085,729.0,1
703586.0,JULY,132.60477240826148,720.0,1
704495.0,APRIL,-45.70378275821179,1464.0,1
704495.0,MAY,-45.70378275821179,1464.0,1
704495.0,JUNE,-45.70378275821179,1464.0,1
704495.0,JULY,-45.70378275821179,1464.0,1
705237.0,APRIL,142.6664840218391,1105.0,1
705237.0,MAY,142.6664840218391,1105.0,1
705237.0,JUNE,142.6664840218391,1105.0,1
705237.0,JULY,142.6664840218391,1105.0,1
705244.0,APRIL,0.0,,0
705244.0,MAY,0.0,,0
705244.0,JUNE,0.0,,0
705244.0,JULY,0.0,,0
705252.0,APRIL,0.0,,0
705252.0,MAY,0.0,,0
705252.0,JUNE,0.0,,0
705253.0,APRIL,-0.404973357015981,2192.0,1
705253.0,MAY,-0.404973357015981,2192.0,1
705253.0,JUNE,-0.404973357015981,2192.0,1
705253.0,JULY,-0.404973357015981,2192.0,1
705298.0,APRIL,0.0,,0
705298.0,MAY,0.0,,0
705298.0,JUNE,0.0,,0
705298.0,JULY,0.0,,0
705356.0,APRIL,95.27035810089536,0.0,0
705356.0,MAY,95.27035810089536,0.0,0
705356.0,JUNE,95.27035810089536,0.0,0
705356.0,JULY,134.07847416166732,-9.0,0
705357.0,APRIL,1231.5280184864243,0.0,0
705357.0,MAY,1231.5280184864243,0.0,0
705357.0,JUNE,1231.5280184864243,0.0,0
705357.0,JULY,1192.9664933564413,0.0,0
705358.0,APRIL,34.20358649789029,0.0,0
705358.0,MAY,34.20358649789029,0.0,0
705358.0,JUNE,34.20358649789029,0.0,0
705358.0,JULY,64.0817510548523,0.0,0
705359.0,APRIL,0.0,1461.0,1
705359.0,MAY,0.0,1461.0,1
705359.0,JUNE,0.0,1461.0,1
705359.0,JULY,135.83195020746888,1461.0,1
705362.0,APRIL,0.0,1461.0,1
705362.0,MAY,0.0,1461.0,1
705362.0,JUNE,0.0,1461.0,1
705364.0,APRIL,125.43322475570034,1087.0,1
705364.0,MAY,125.43322475570034,1087.0,1
705364.0,JUNE,125.43322475570034,1087.0,1
705366.0,APRIL,0.9675858732462507,2560.0,1
705366.0,MAY,0.9675858732462507,2560.0,1
705366.0,JUNE,0.9675858732462507,2560.0,1
705366.0,JULY,93.09772617319787,2560.0,1
705368.0,APRIL,56.63551401869159,1094.0,1
705368.0,MAY,56.63551401869159,1094.0,1
705368.0,JUNE,56.63551401869159,1094.0,1
705368.0,JULY,63.305295950155774,1094.0,1
705373.0,APRIL,95.6551255940258,736.0,1
705373.0,MAY,95.6551255940258,736.0,1
705373.0,JUNE,95.6551255940258,736.0,1
705373.0,JULY,121.27291242362526,736.0,1
705375.0,APRIL,52.92865928659286,365.0,1
705375.0,MAY,52.92865928659286,365.0,1
705375.0,JUNE,52.92865928659286,365.0,1
705375.0,JULY,49.638991389913905,365.0,1
705385.0,APRIL,0.0,0.0,0
705385.0,MAY,0.0,0.0,0
705385.0,JUNE,0.0,0.0,0
705385.0,JULY,5.691976516634044,0.0,0
705391.0,APRIL,52.80248551281157,1090.0,1
705391.0,MAY,52.80248551281157,1090.0,1
705391.0,JUNE,52.80248551281157,1090.0,1
705391.0,JULY,52.80318369056762,1090.0,1
705392.0,APRIL,0.0,1470.0,1
705392.0,MAY,0.0,1470.0,1
705392.0,JUNE,0.0,1470.0,1
705392.0,JULY,129.77982890589823,1470.0,1
705394.0,APRIL,0.0,5839.0,1
705394.0,MAY,0.0,5839.0,1
705394.0,JUNE,0.0,5839.0,1
705394.0,JULY,9.77449372230996,5839.0,1
705396.0,APRIL,0.21623491761449637,2191.0,1
705396.0,MAY,0.21623491761449637,2191.0,1
705396.0,JUNE,0.21623491761449637,2191.0,1
705401.0,APRIL,187.35632183908046,374.0,1
705401.0,MAY,187.35632183908046,374.0,1
705401.0,JUNE,187.35632183908046,374.0,1
705401.0,JULY,206.77011494252872,374.0,1
705410.0,APRIL,0.0,730.0,1
705410.0,MAY,0.0,730.0,1
705410.0,JUNE,0.0,730.0,1
705410.0,JULY,101.98959365708622,730.0,1
705419.0,APRIL,0.0,364.0,1
705419.0,MAY,0.0,364.0,1
705419.0,JUNE,0.0,364.0,1
705419.0,JULY,35.49605217988328,364.0,1
705424.0,APRIL,0.008441558441565529,0.0,0
705424.0,MAY,0.008441558441565529,0.0,0
705424.0,JUNE,0.008441558441565529,0.0,0
705424.0,JULY,26.114935064935068,0.0,0
705428.0,APRIL,0.0,365.0,1
705428.0,MAY,0.0,365.0,1
705428.0,JUNE,0.0,365.0,1
705429.0,APRIL,0.0,1095.0,1
705429.0,MAY,0.0,1095.0,1
705429.0,JUNE,0.0,1095.0,1
705432.0,APRIL,49.48584486479624,4390.0,1
705432.0,MAY,49.48584486479624,4390.0,1
705432.0,JUNE,49.48584486479624,4390.0,1
705432.0,JULY,49.48647962422241,4390.0,1
705433.0,APRIL,0.0,3.0,1
705433.0,MAY,0.0,3.0,1
705433.0,JUNE,0.0,3.0,1
705433.0,JULY,0.0,3.0,1
705434.0,APRIL,18.32280701754386,2922.0,1
705434.0,MAY,18.32280701754386,2922.0,1
705434.0,JUNE,18.32280701754386,2922.0,1
705436.0,APRIL,0.0,0.0,0
705436.0,MAY,0.0,0.0,0
705436.0,JUNE,0.0,0.0,0
705437.0,APRIL,139.74137931034483,9.0,1
705437.0,MAY,139.74137931034483,9.0,1
705437.0,JUNE,139.74137931034483,9.0,1
705444.0,APRIL,49.869617706237435,1470.0,1
705444.0,MAY,49.869617706237435,1470.0,1
705444.0,JUNE,49.869617706237435,1470.0,1
705444.0,JULY,49.869617706237435,1470.0,1
705450.0,APRIL,20.8955223880597,1470.0,1
705450.0,MAY,20.8955223880597,1470.0,1
705450.0,JUNE,20.8955223880597,1470.0,1
705450.0,JULY,20.8955223880597,1470.0,1
705453.0,APRIL,671.103120135067,0.0,0
705453.0,MAY,671.103120135067,0.0,0
705453.0,JUNE,671.103120135067,0.0,0
705453.0,JULY,1921.0121253316377,0.0,0
705454.0,APRIL,0.0,0.0,0
705454.0,MAY,0.0,0.0,0
705454.0,JUNE,0.0,0.0,0
705454.0,JULY,11.128762541806026,0.0,0
705457.0,APRIL,292.44437735849056,371.0,1
705457.0,MAY,292.44437735849056,371.0,1
705457.0,JUNE,292.44437735849056,371.0,1
705457.0,JULY,703.8925283018867,371.0,1
705458.0,APRIL,114.7495246755394,1835.0,1
705458.0,MAY,114.7495246755394,1835.0,1
705458.0,JUNE,114.7495246755394,1835.0,1
705458.0,JULY,109.77721749194016,0.0,0
705464.0,APRIL,0.0,,0
705464.0,MAY,0.0,,0
705464.0,JUNE,0.0,,0
705479.0,APRIL,0.0,0.0,0
705479.0,MAY,0.0,0.0,0
705479.0,JUNE,0.0,0.0,0
705479.0,JULY,-0.28579003181336693,0.0,0
705480.0,APRIL,0.0,9.0,1
705480.0,MAY,0.0,9.0,1
705480.0,JUNE,0.0,9.0,1
705480.0,JULY,-0.0006730984967409769,9.0,1
705481.0,APRIL,67.31530343007915,730.0,1
705481.0,MAY,67.31530343007915,730.0,1
705481.0,JULY,67.37335092348286,730.0,1
705482.0,APRIL,0.0,2922.0,1
705482.0,MAY,0.0,2922.0,1
705482.0,JUNE,0.0,2922.0,1
705489.0,APRIL,246.5873002676954,2196.0,1
705489.0,MAY,246.5873002676954,3646.0,1
705489.0,JULY,241.41795387659414,3646.0,1
705490.0,APRIL,135.74947220267418,9.0,1
705490.0,MAY,135.74947220267418,9.0,1
705490.0,JUNE,135.74947220267418,9.0,1
705490.0,JULY,29.070021111893034,9.0,1
705491.0,APRIL,0.0,0.0,0
705491.0,MAY,0.0,0.0,0
705491.0,JUNE,0.0,0.0,0
705491.0,JULY,69.06734006734007,0.0,0
705492.0,APRIL,0.0,6.0,1
705492.0,MAY,0.0,6.0,1
705492.0,JUNE,0.0,6.0,1
705492.0,JULY,26.442424242424256,6.0,1
705493.0,APRIL,0.0,9131.0,1
705493.0,MAY,0.0,9131.0,1
705493.0,JUNE,0.0,9131.0,1
705493.0,JULY,-89.6923076923077,9131.0,1
705494.0,APRIL,0.0,4741.0,1
705494.0,MAY,0.0,4741.0,1
705494.0,JUNE,0.0,4741.0,1
705494.0,JULY,84.77564102564102,4741.0,1
705495.0,APRIL,19.666182873730044,-2.0,0
705495.0,MAY,19.666182873730044,-2.0,0
705495.0,JUNE,19.666182873730044,-2.0,0
705495.0,JULY,24.12481857764877,-2.0,0
705496.0,APRIL,0.0,2931.0,1
705496.0,MAY,0.0,2931.0,1
705496.0,JUNE,0.0,2931.0,1
705496.0,JULY,-3.9973347547974414,2931.0,1
705497.0,APRIL,16.989614958175387,,0
705497.0,MAY,16.989614958175387,,0
705497.0,JUNE,16.989614958175387,,0
705497.0,JULY,16.989614958175387,,0
705498.0,APRIL,76.03829030508645,0.0,0
705498.0,MAY,76.03829030508645,0.0,0
705498.0,JUNE,76.03829030508645,0.0,0
705498.0,JULY,76.00171524423313,0.0,0
705500.0,APRIL,69.72149179660012,363.0,1
705500.0,MAY,69.72149179660012,363.0,1
705500.0,JUNE,69.72149179660012,363.0,1
705500.0,JULY,66.57160845894596,363.0,1
705502.0,APRIL,46.85929285342884,355.0,1
705502.0,MAY,46.85929285342884,355.0,1
705502.0,JUNE,46.85929285342884,355.0,1
705502.0,JULY,87.98818533710786,355.0,1
705504.0,APRIL,56.974347393658675,356.0,1
705504.0,MAY,56.974347393658675,356.0,1
705504.0,JUNE,56.974347393658675,356.0,1
705504.0,JULY,70.79667702892945,356.0,1
705505.0,APRIL,90.40520416960577,363.0,1
705505.0,MAY,90.40520416960577,363.0,1
705505.0,JUNE,90.40520416960577,363.0,1
705505.0,JULY,87.25448702876399,363.0,1
705506.0,APRIL,80.64840217937322,362.0,1
705506.0,MAY,80.64840217937322,365.0,1
705506.0,JUNE,80.64840217937322,365.0,1
705506.0,JULY,80.64840217937322,365.0,1
705507.0,APRIL,2.317227979803339,9.0,1
705507.0,MAY,2.317227979803339,9.0,1
705507.0,JUNE,2.317227979803339,9.0,1
705507.0,JULY,2.421721614263378,9.0,1
705510.0,APRIL,0.0,721.0,1
705510.0,MAY,0.0,721.0,1
705510.0,JUNE,0.0,721.0,1
705510.0,JULY,24.610591900311526,721.0,1
705511.0,APRIL,0.0,740.0,1
705511.0,MAY,0.0,740.0,1
705511.0,JUNE,0.0,740.0,1
705511.0,JULY,0.024563671622502208,740.0,1
705512.0,APRIL,0.0,2191.0,1
705512.0,MAY,0.0,2191.0,1
705512.0,JUNE,0.0,2191.0,1
705512.0,JULY,43.21639999999999,2191.0,1
705513.0,APRIL,0.0,356.0,1
705513.0,MAY,0.0,356.0,1
705513.0,JUNE,0.0,356.0,1
705513.0,JULY,4.240897544453856,356.0,1
705514.0,APRIL,-18.998,3644.0,1
705514.0,MAY,-18.998,3644.0,1
705514.0,JUNE,-18.998,3644.0,1
705514.0,JULY,-7.1460000000000035,3644.0,1
705515.0,APRIL,78.3461210571185,0.0,0
705515.0,MAY,78.3461210571185,0.0,0
705515.0,JUNE,78.3461210571185,0.0,0
705515.0,JULY,158.7212276214834,0.0,0
705526.0,APRIL,0.0,7.0,1
705526.0,MAY,0.0,7.0,1
705526.0,JUNE,0.0,7.0,1
705526.0,JULY,87.58381502890172,7.0,1
705527.0,APRIL,82.73026315789474,0.0,0
705527.0,MAY,82.73026315789474,0.0,0
705527.0,JUNE,82.73026315789474,0.0,0
705527.0,JULY,28.188322368421055,0.0,0
705528.0,APRIL,0.0,731.0,1
705528.0,MAY,0.0,731.0,1
705528.0,JUNE,0.0,731.0,1
705528.0,JULY,10.015132408575028,731.0,1
705562.0,APRIL,8.618899273104882,368.0,1
705562.0,MAY,8.618899273104882,368.0,1
705562.0,JUNE,8.618899273104882,368.0,1
705562.0,JULY,4.967808930425756,368.0,1
705567.0,APRIL,10.039370078740157,367.0,1
705567.0,MAY,10.039370078740157,367.0,1
705567.0,JUNE,10.039370078740157,367.0,1
705567.0,JULY,28.7027559055118,367.0,1
705572.0,APRIL,22.192118226600986,0.0,0
705572.0,MAY,22.192118226600986,0.0,0
705572.0,JUNE,22.192118226600986,0.0,0
705572.0,JULY,22.75714285714285,0.0,0
705583.0,APRIL,0.0,1470.0,1
705583.0,MAY,0.0,1470.0,1
705583.0,JUNE,0.0,1470.0,1
705583.0,JULY,5.229385307346327,1470.0,1
705588.0,APRIL,65.37396121883657,365.0,1
705588.0,MAY,65.37396121883657,365.0,1
705588.0,JUNE,65.37396121883657,365.0,1
705588.0,JULY,111.74930747922436,365.0,1
705598.0,APRIL,0.0,1461.0,1
705598.0,MAY,0.0,1461.0,1
705598.0,JUNE,0.0,1461.0,1
705598.0,JULY,-0.01848151848151303,1461.0,1
705608.0,APRIL,0.0,0.0,0
705608.0,MAY,0.0,0.0,0
705608.0,JUNE,0.0,0.0,0
705608.0,JULY,0.0,0.0,0
705610.0,APRIL,79.80132450331125,356.0,1
705610.0,MAY,79.80132450331125,356.0,1
705610.0,JUNE,79.80132450331125,356.0,1
705610.0,JULY,181.7019867549669,356.0,1
705612.0,APRIL,72.19662058371735,10.0,1
705612.0,MAY,72.19662058371735,10.0,1
705612.0,JUNE,72.19662058371735,10.0,1
705613.0,APRIL,18.34296724470135,10.0,1
705613.0,MAY,18.34296724470135,10.0,1
705613.0,JUNE,18.34296724470135,10.0,1
705616.0,APRIL,39.205607476635514,724.0,1
705616.0,MAY,39.205607476635514,724.0,1
705616.0,JUNE,39.205607476635514,724.0,1
705616.0,JULY,39.184579439252346,724.0,1
705617.0,APRIL,0.0,725.0,1
705617.0,MAY,0.0,725.0,1
705617.0,JUNE,0.0,725.0,1
705617.0,JULY,-0.002256699576866777,725.0,1
705628.0,APRIL,0.0013205678441717934,365.0,1
705628.0,MAY,0.0013205678441717934,365.0,1
705628.0,JUNE,0.0013205678441717934,365.0,1
705628.0,JULY,0.0013205678441717934,365.0,1
705629.0,APRIL,42.72166666666667,719.0,1
705629.0,MAY,42.72166666666667,719.0,1
705629.0,JUNE,42.72166666666667,719.0,1
705629.0,JULY,42.72166666666667,719.0,1
705632.0,APRIL,39.721792890262755,11.0,1
705632.0,MAY,39.721792890262755,11.0,1
705632.0,JUNE,39.721792890262755,11.0,1
705632.0,JULY,27.8918083462133,11.0,1
705633.0,APRIL,15.054915617465845,365.0,1
705633.0,MAY,15.054915617465845,365.0,1
705633.0,JUNE,15.054915617465845,365.0,1
705635.0,APRIL,164.34706703910612,1098.0,1
705635.0,MAY,164.34706703910612,1098.0,1
705635.0,JUNE,164.34706703910612,1098.0,1
705635.0,JULY,164.34706703910612,1098.0,1
705638.0,APRIL,-1.254612546125467,0.0,0
705638.0,MAY,-1.254612546125467,0.0,0
705638.0,JUNE,-1.254612546125467,0.0,0
705638.0,JULY,44.0910209102091,0.0,0
705639.0,APRIL,-0.93344425956739,-366.0,0
705639.0,MAY,-0.93344425956739,-366.0,0
705639.0,JUNE,-0.93344425956739,-366.0,0
705639.0,JULY,37.68718801996672,-366.0,0
705648.0,APRIL,0.0,723.0,1
705648.0,MAY,0.0,723.0,1
705648.0,JUNE,0.0,723.0,1
705650.0,APRIL,0.0,9.0,1
705650.0,MAY,0.0,9.0,1
705650.0,JUNE,0.0,9.0,1
705659.0,APRIL,16.8,0.0,0
705659.0,MAY,16.8,0.0,0
705659.0,JUNE,16.8,0.0,0
705659.0,JULY,29.220000000000006,0.0,0
705660.0,APRIL,79.01840490797547,0.0,0
705660.0,MAY,79.01840490797547,0.0,0
705660.0,JUNE,79.01840490797547,0.0,0
705661.0,APRIL,0.0,731.0,1
705661.0,MAY,0.0,731.0,1
705661.0,JUNE,0.0,731.0,1
705661.0,JULY,84.2948717948718,731.0,1
705663.0,APRIL,0.0,0.0,0
705663.0,MAY,0.0,0.0,0
705663.0,JUNE,0.0,0.0,0
705663.0,JULY,45.54563894523326,0.0,0
705667.0,APRIL,0.0,731.0,1
705667.0,MAY,0.0,731.0,1
705667.0,JUNE,0.0,731.0,1
705667.0,JULY,-0.004026170105683303,1096.0,1
705668.0,APRIL,0.0,368.0,1
705668.0,MAY,0.0,368.0,1
705668.0,JUNE,0.0,368.0,1
705668.0,JULY,6.153846153846154,368.0,1
705728.0,APRIL,0.0,735.0,1
705728.0,MAY,0.0,735.0,1
705728.0,JUNE,0.0,735.0,1
705728.0,JULY,0.0,735.0,1
705730.0,APRIL,114.31230610134438,1096.0,1
705730.0,MAY,114.31230610134438,1096.0,1
705730.0,JUNE,114.31230610134438,1096.0,1
705735.0,APRIL,264.20236042965126,365.0,1
705735.0,MAY,264.20236042965126,365.0,1
705735.0,JUNE,264.20236042965126,365.0,1
705735.0,JULY,82.10118021482562,365.0,1
705741.0,APRIL,0.0,371.0,1
705741.0,MAY,0.0,371.0,1
705741.0,JUNE,0.0,371.0,1
705741.0,JULY,-0.012032085561501583,371.0,1
705742.0,APRIL,0.0,0.0,0
705742.0,MAY,0.0,0.0,0
705742.0,JULY,-0.01535836177474946,0.0,0
705747.0,APRIL,0.0,731.0,1
705747.0,MAY,0.0,731.0,1
705747.0,JUNE,0.0,731.0,1
705752.0,APRIL,18.008981305217933,0.0,0
705752.0,MAY,18.008981305217933,0.0,0
705752.0,JUNE,18.008981305217933,0.0,0
705752.0,JULY,-34.10455410748279,0.0,0
705761.0,APRIL,0.0,359.0,1
705761.0,MAY,0.0,359.0,1
705761.0,JUNE,0.0,359.0,1
705761.0,JULY,-68.64786795048144,359.0,1
705762.0,APRIL,0.0,8.0,1
705762.0,MAY,0.0,8.0,1
705762.0,JUNE,0.0,8.0,1
705763.0,APRIL,0.0,0.0,0
705763.0,MAY,0.0,0.0,0
705763.0,JUNE,0.0,0.0,0
705764.0,APRIL,66.66666666666666,3.0,1
705764.0,MAY,66.66666666666666,3.0,1
705764.0,JUNE,66.66666666666666,3.0,1
705764.0,JULY,80.94343434343433,3.0,1
705765.0,APRIL,0.0,0.0,0
705765.0,MAY,0.0,0.0,0
705765.0,JUNE,0.0,0.0,0
705765.0,JULY,0.00437317784256162,0.0,0
705766.0,APRIL,16.93601366443306,720.0,1
705766.0,MAY,16.93601366443306,720.0,1
705766.0,JUNE,16.93601366443306,720.0,1
705766.0,JULY,16.968860859282625,720.0,1
705771.0,APRIL,0.0,0.0,0
705771.0,MAY,0.0,0.0,0
705771.0,JUNE,0.0,0.0,0
705772.0,APRIL,0.01661004152510587,356.0,1
705772.0,MAY,0.01661004152510587,356.0,1
705772.0,JUNE,0.01661004152510587,356.0,1
705772.0,JULY,0.01661004152510587,356.0,1
705774.0,APRIL,2.8350923482849613,732.0,1
705774.0,MAY,2.8350923482849613,732.0,1
705774.0,JUNE,2.8350923482849613,732.0,1
705774.0,JULY,2.8350923482849613,732.0,1
705777.0,APRIL,0.0,365.0,1
705777.0,MAY,0.0,365.0,1
705777.0,JUNE,0.0,365.0,1
705777.0,JULY,0.0,365.0,1
705780.0,APRIL,0.01818900751285237,725.0,1
705780.0,MAY,0.01818900751285237,725.0,1
705780.0,JUNE,0.01818900751285237,725.0,1
705780.0,JULY,0.01818900751285237,734.0,1
705782.0,APRIL,0.0,370.0,1
705782.0,MAY,0.0,370.0,1
705782.0,JUNE,0.0,370.0,1
705782.0,JULY,17.968058968058966,370.0,1
705783.0,APRIL,0.15148964820737826,729.0,1
705783.0,MAY,0.15148964820737826,729.0,1
705783.0,JUNE,0.15148964820737826,729.0,1
705783.0,JULY,9.548055882848006,729.0,1
705785.0,APRIL,0.0,364.0,1
705785.0,MAY,0.0,364.0,1
705785.0,JUNE,0.0,364.0,1
705785.0,JULY,-0.10570824524312897,364.0,1
705793.0,APRIL,18.933245573309986,731.0,1
705793.0,MAY,18.933245573309986,731.0,1
705793.0,JUNE,18.933245573309986,731.0,1
705793.0,JULY,18.933245573309986,731.0,1
705794.0,APRIL,0.0,,0
705794.0,MAY,0.0,,0
705794.0,JUNE,0.0,,0
705799.0,APRIL,0.0,0.0,0
705799.0,MAY,0.0,0.0,0
705799.0,JUNE,0.0,0.0,0
705912.0,APRIL,0.0,,0
705912.0,MAY,0.0,,0
705912.0,JUNE,0.0,,0
705918.0,APRIL,0.0,358.0,1
705918.0,MAY,0.0,358.0,1
705918.0,JUNE,0.0,358.0,1
705919.0,APRIL,0.0,0.0,0
705919.0,MAY,0.0,0.0,0
705919.0,JUNE,0.0,0.0,0
705919.0,JULY,0.0,0.0,0
705933.0,APRIL,0.0,0.0,0
705933.0,MAY,0.0,0.0,0
705933.0,JUNE,0.0,0.0,0
705933.0,JULY,61.5669598861189,0.0,0
705941.0,APRIL,0.0,1452.0,1
705941.0,MAY,0.0,1452.0,1
705941.0,JUNE,0.0,1452.0,1
705941.0,JULY,0.0,1452.0,1
706718.0,APRIL,0.0,736.0,1
706718.0,MAY,0.0,736.0,1
706718.0,JUNE,0.0,736.0,1
706718.0,JULY,0.0,736.0,1
706724.0,APRIL,47.19626168224299,368.0,1
706724.0,MAY,47.19626168224299,368.0,1
706724.0,JUNE,47.19626168224299,368.0,1
706724.0,JULY,47.19626168224299,368.0,1
706757.0,APRIL,0.0,365.0,1
706757.0,MAY,0.0,365.0,1
706757.0,JUNE,0.0,365.0,1
706759.0,APRIL,-28.369929728181187,366.0,1
706759.0,MAY,-28.369929728181187,366.0,1
706759.0,JUNE,-28.369929728181187,366.0,1
706759.0,JULY,6.803474831903753,366.0,1
706763.0,APRIL,0.0,-4.0,0
706763.0,MAY,0.0,-4.0,0
706763.0,JUNE,0.0,-4.0,0
706763.0,JULY,11.530844546447291,-4.0,0
706775.0,APRIL,207.64699144152252,1456.0,1
706775.0,MAY,207.64699144152252,1456.0,1
706775.0,JUNE,207.64699144152252,1456.0,1
706775.0,JULY,-79.20273609451964,-1466.0,0
706776.0,APRIL,0.0,1091.0,1
706776.0,MAY,0.0,1091.0,1
706776.0,JUNE,0.0,1091.0,1
706777.0,APRIL,18.97302001740644,1461.0,1
706777.0,MAY,18.97302001740644,1461.0,1
706777.0,JUNE,18.97302001740644,1461.0,1
706779.0,APRIL,0.0,4757.0,1
706779.0,MAY,0.0,4757.0,1
706779.0,JUNE,0.0,4757.0,1
706780.0,APRIL,0.0,0.0,0
706780.0,MAY,0.0,0.0,0
706780.0,JUNE,0.0,0.0,0
706781.0,APRIL,0.0,1470.0,1
706781.0,MAY,0.0,1470.0,1
706781.0,JUNE,0.0,1470.0,1
706811.0,APRIL,86.687306501548,1095.0,1
706811.0,MAY,86.687306501548,1095.0,1
706811.0,JUNE,86.687306501548,1095.0,1
706811.0,JULY,86.687306501548,1098.0,1
706835.0,APRIL,0.0,722.0,1
706835.0,MAY,0.0,722.0,1
706835.0,JUNE,0.0,722.0,1
706836.0,APRIL,0.0,,0
706836.0,MAY,0.0,,0
706836.0,JUNE,0.0,,0
706836.0,JULY,32.75374126323915,,0
706837.0,APRIL,0.0,0.0,0
706837.0,MAY,0.0,0.0,0
706837.0,JUNE,0.0,0.0,0
706837.0,JULY,0.0,0.0,0
706854.0,APRIL,14.587209302325583,0.0,0
706854.0,MAY,14.587209302325583,0.0,0
706854.0,JUNE,14.587209302325583,0.0,0
706854.0,JULY,14.587209302325583,0.0,0
706860.0,APRIL,0.0,367.0,1
706860.0,MAY,0.0,367.0,1
706860.0,JUNE,0.0,367.0,1
706860.0,JULY,-24.716279069767445,367.0,1
706865.0,APRIL,0.0,,0
706865.0,MAY,0.0,,0
706865.0,JUNE,0.0,,0
706865.0,JULY,0.0,,0
706866.0,APRIL,0.0,367.0,1
706866.0,MAY,0.0,367.0,1
706866.0,JUNE,0.0,367.0,1
706866.0,JULY,-21.38157894736842,367.0,1
706898.0,APRIL,0.0,,0
706898.0,MAY,0.0,,0
706898.0,JUNE,0.0,,0
706922.0,APRIL,-0.1123141201311829,1458.0,1
706922.0,MAY,-0.1123141201311829,1458.0,1
706922.0,JUNE,-0.1123141201311829,1458.0,1
706940.0,APRIL,0.0,,0
706940.0,MAY,0.0,,0
706940.0,JUNE,0.0,,0
706942.0,APRIL,0.0,,0
706942.0,MAY,0.0,,0
706942.0,JUNE,0.0,,0
706950.0,APRIL,50.79047401576917,1099.0,1
706950.0,MAY,50.79047401576917,1099.0,1
706950.0,JUNE,50.79047401576917,1099.0,1
706965.0,MAY,0.0,,0
706965.0,JUNE,0.0,,0
706965.0,JULY,0.0,,0
706966.0,MAY,0.0,,0
706966.0,JUNE,0.0,,0
706966.0,JULY,0.0,,0
706988.0,MAY,0.0,,0
706988.0,JUNE,0.0,,0
706988.0,JULY,0.0,,0
706989.0,MAY,0.0,,0
706989.0,JUNE,0.0,,0
706989.0,JULY,0.0,,0
707016.0,MAY,0.0,,0
707016.0,JUNE,0.0,,0
707016.0,JULY,0.0,,0
707017.0,MAY,0.0,,0
707017.0,JUNE,0.0,,0
707017.0,JULY,0.0,,0
707018.0,MAY,0.0,,0
707018.0,JUNE,0.0,,0
707018.0,JULY,0.0,,0
707019.0,MAY,0.0,,0
707019.0,JUNE,0.0,,0
707019.0,JULY,0.0,,0
707020.0,APRIL,100.0,,0
707020.0,MAY,100.0,,0
707020.0,JUNE,100.0,,0
707020.0,JULY,100.0,,0
707021.0,APRIL,101.92000000000002,,0
707021.0,MAY,101.92000000000002,,0
707021.0,JUNE,101.92000000000002,,0
707021.0,JULY,101.92000000000002,,0
707022.0,APRIL,81.64000000000001,,0
707022.0,MAY,81.64000000000001,,0
707022.0,JUNE,81.64000000000001,,0
707022.0,JULY,81.64000000000001,,0
707039.0,APRIL,154.08400000000003,,0
707039.0,MAY,154.08400000000003,,0
707039.0,JUNE,154.08400000000003,,0
707039.0,JULY,154.08400000000003,-5.0,0
707044.0,APRIL,-0.6615384615384545,,0
707044.0,MAY,-0.6615384615384545,,0
707044.0,JUNE,-0.6615384615384545,,0
707044.0,JULY,-0.6615384615384545,,0
707045.0,APRIL,0.0,,0
707045.0,MAY,0.0,,0
707045.0,JUNE,0.0,,0
707045.0,JULY,0.0,,0
707046.0,APRIL,0.0,,0
707046.0,MAY,0.0,,0
707046.0,JUNE,0.0,,0
707046.0,JULY,0.0,,0
707049.0,APRIL,104.15384615384615,,0
707049.0,MAY,104.15384615384615,,0
707049.0,JUNE,104.15384615384615,,0
707049.0,JULY,104.15384615384615,,0
707050.0,APRIL,90.45538461538463,,0
707050.0,MAY,90.45538461538463,,0
707050.0,JUNE,90.45538461538463,,0
707050.0,JULY,90.45538461538463,,0
707051.0,MAY,0.0,,0
707051.0,JUNE,0.0,,0
707051.0,JULY,0.0,,0
707052.0,MAY,0.0,,0
707052.0,JUNE,0.0,,0
707052.0,JULY,0.0,,0
707057.0,MAY,0.0,,0
707057.0,JUNE,0.0,,0
707057.0,JULY,0.0,,0
707058.0,APRIL,0.0,,0
707058.0,MAY,0.0,,0
707058.0,JUNE,0.0,,0
707058.0,JULY,0.0,,0
707059.0,APRIL,0.0,,0
707059.0,MAY,0.0,,0
707059.0,JUNE,0.0,,0
707059.0,JULY,0.0,,0
707067.0,MAY,0.0,,0
707067.0,JUNE,0.0,,0
707067.0,JULY,0.0,,0
707069.0,APRIL,69.23076923076923,,0
707069.0,MAY,69.23076923076923,,0
707069.0,JUNE,69.23076923076923,,0
707069.0,JULY,69.23076923076923,,0
707070.0,APRIL,15.307692307692308,,0
707070.0,MAY,15.307692307692308,,0
707070.0,JUNE,15.307692307692308,,0
707070.0,JULY,15.307692307692308,,0
707086.0,APRIL,0.0,,0
707086.0,MAY,0.0,,0
707086.0,JUNE,0.0,,0
707086.0,JULY,0.0,,0
707087.0,APRIL,136.58153846153846,,0
707087.0,MAY,136.58153846153846,,0
707087.0,JUNE,136.58153846153846,,0
707087.0,JULY,136.58153846153846,,0
707215.0,APRIL,116.06457242582897,731.0,1
707215.0,MAY,116.06457242582897,731.0,1
707215.0,JUNE,116.06457242582897,731.0,1
707215.0,JULY,116.06457242582897,-8.0,0
707229.0,APRIL,0.0,,0
707229.0,MAY,9.586430341147324,736.0,1
707229.0,JUNE,9.586430341147324,736.0,1
707229.0,JULY,9.586430341147324,736.0,1
707410.0,APRIL,0.0,1819.0,1
707410.0,MAY,0.0,1819.0,1
707410.0,JUNE,0.0,1819.0,1
707410.0,JULY,0.0,1819.0,1
707414.0,MAY,0.0,,0
707419.0,APRIL,0.0,,0
707419.0,MAY,0.0,,0
707419.0,JUNE,0.0,,0
707419.0,JULY,0.0,,0
707420.0,JULY,0.0,,0
708687.0,JUNE,0.0,,0
708687.0,JULY,0.0,,0
709747.0,APRIL,0.0,0.0,0
709747.0,MAY,0.0,0.0,0
709747.0,JUNE,0.0,0.0,0
709747.0,JULY,0.0,0.0,0
709750.0,APRIL,0.0,368.0,1
709750.0,MAY,0.0,368.0,1
709750.0,JUNE,0.0,368.0,1
709750.0,JULY,0.0,368.0,1
709752.0,APRIL,37.5,1092.0,1
709752.0,MAY,37.5,1092.0,1
709752.0,JUNE,37.5,1092.0,1
709752.0,JULY,37.5,1092.0,1
709753.0,APRIL,9.603960396039604,359.0,1
709753.0,MAY,9.603960396039604,362.0,1
709753.0,JUNE,9.603960396039604,362.0,1
709753.0,JULY,9.603960396039604,362.0,1
709754.0,APRIL,0.0,0.0,0
709754.0,MAY,0.0,0.0,0
709754.0,JUNE,0.0,0.0,0
709754.0,JULY,0.0,,0
709755.0,APRIL,0.0,0.0,0
709755.0,MAY,0.0,0.0,0
709755.0,JUNE,0.0,0.0,0
709755.0,JULY,0.0,,0
709757.0,APRIL,0.0,0.0,0
709758.0,APRIL,0.0,0.0,0
709759.0,APRIL,0.0,0.0,0
709759.0,MAY,0.0,0.0,0
709759.0,JUNE,0.0,0.0,0
709759.0,JULY,0.0,,0
709760.0,APRIL,0.0,2.0,1
709760.0,MAY,0.0,2.0,1
709770.0,APRIL,0.0,0.0,0
709770.0,MAY,0.0,0.0,0
709770.0,JUNE,0.0,0.0,0
709770.0,JULY,0.0,,0
709771.0,APRIL,0.0,,0
709771.0,MAY,0.0,,0
709771.0,JUNE,0.0,,0
709771.0,JULY,0.0,,0
709772.0,APRIL,0.0,,0
709772.0,MAY,0.0,,0
709772.0,JUNE,0.0,,0
709772.0,JULY,0.0,,0
709773.0,APRIL,0.0,914.0,1
709773.0,MAY,0.0,0.0,0
709773.0,JUNE,0.0,0.0,0
709773.0,JULY,0.0,,0
709774.0,APRIL,8.125269978401729,724.0,1
709774.0,MAY,8.125269978401729,724.0,1
709774.0,JUNE,8.125269978401729,724.0,1
709774.0,JULY,8.125269978401729,724.0,1
709776.0,APRIL,16.63898916967508,0.0,0
709776.0,MAY,16.63898916967508,0.0,0
709776.0,JUNE,16.63898916967508,0.0,0
709776.0,JULY,16.63898916967508,,0
709777.0,APRIL,-12.674971105688973,727.0,1
709777.0,MAY,-12.674971105688973,732.0,1
709777.0,JUNE,-12.674971105688973,732.0,1
709777.0,JULY,5.380762809811221,732.0,1
709778.0,APRIL,4.8950622924853,369.0,1
709778.0,MAY,4.8950622924853,369.0,1
709778.0,JUNE,4.8950622924853,369.0,1
709778.0,JULY,4.8950622924853,369.0,1
709779.0,APRIL,-3.6458333333333335,369.0,1
709779.0,MAY,-3.6458333333333335,369.0,1
709779.0,JUNE,-3.6458333333333335,369.0,1
709779.0,JULY,-3.6458333333333335,369.0,1
709780.0,APRIL,27.739214480274132,0.0,0
709780.0,MAY,27.739214480274132,0.0,0
709780.0,JUNE,27.739214480274132,0.0,0
709780.0,JULY,27.739214480274132,,0
709781.0,APRIL,0.0,-359.0,0
709781.0,MAY,0.0,-359.0,0
709781.0,JUNE,0.0,-359.0,0
709781.0,JULY,0.0,-359.0,0
709782.0,APRIL,0.0,363.0,1
709782.0,MAY,0.0,363.0,1
709783.0,APRIL,49.99697208260159,1096.0,1
709783.0,MAY,49.99697208260159,1096.0,1
709783.0,JUNE,49.99697208260159,1096.0,1
709783.0,JULY,49.99697208260159,1100.0,1
709785.0,APRIL,0.0,366.0,1
709785.0,MAY,0.0,366.0,1
709785.0,JUNE,0.0,366.0,1
709785.0,JULY,0.0,366.0,1
709786.0,APRIL,0.0,0.0,0
709786.0,MAY,0.0,0.0,0
709786.0,JUNE,0.0,0.0,0
709786.0,JULY,0.0,,0
709791.0,APRIL,0.0,0.0,0
709791.0,MAY,0.0,0.0,0
709791.0,JUNE,0.0,0.0,0
709791.0,JULY,0.0,,0
709792.0,APRIL,0.0,0.0,0
709792.0,MAY,0.0,0.0,0
709792.0,JUNE,0.0,0.0,0
709792.0,JULY,0.0,,0
709793.0,APRIL,0.0,0.0,0
709793.0,MAY,0.0,0.0,0
709793.0,JUNE,0.0,0.0,0
709793.0,JULY,0.0,,0
709794.0,APRIL,0.0,0.0,0
709794.0,MAY,0.0,0.0,0
709794.0,JUNE,0.0,0.0,0
709794.0,JULY,0.0,,0
709795.0,APRIL,0.0,0.0,0
709795.0,MAY,0.0,0.0,0
709795.0,JUNE,0.0,0.0,0
709795.0,JULY,0.0,,0
709796.0,APRIL,0.0,0.0,0
709796.0,MAY,0.0,0.0,0
709796.0,JUNE,0.0,0.0,0
709796.0,JULY,0.0,,0
709797.0,APRIL,0.0,0.0,0
709797.0,MAY,0.0,4.0,1
709797.0,JUNE,0.0,4.0,1
709797.0,JULY,0.0,,0
709798.0,APRIL,0.0,0.0,0
709798.0,MAY,0.0,0.0,0
709798.0,JUNE,0.0,0.0,0
709798.0,JULY,0.0,,0
709799.0,APRIL,8.74439461883408,0.0,0
709799.0,MAY,8.74439461883408,0.0,0
709799.0,JUNE,8.74439461883408,0.0,0
709799.0,JULY,8.74439461883408,,0
709800.0,APRIL,0.0,3.0,1
709800.0,MAY,0.0,3.0,1
709800.0,JUNE,0.0,3.0,1
709800.0,JULY,0.0,6.0,1
709811.0,APRIL,-0.036842105263154304,0.0,0
709811.0,MAY,-0.036842105263154304,0.0,0
709811.0,JUNE,-0.036842105263154304,0.0,0
709812.0,APRIL,0.0,0.0,0
709812.0,MAY,0.0,0.0,0
709812.0,JUNE,0.0,0.0,0
709812.0,JULY,0.0,0.0,0
709813.0,APRIL,0.0,-361.0,0
709813.0,MAY,0.0,-361.0,0
709813.0,JUNE,0.0,-361.0,0
709813.0,JULY,6.116054070126486,0.0,0
709815.0,APRIL,0.0,11.0,1
709815.0,MAY,0.0,11.0,1
709815.0,JUNE,0.0,11.0,1
709815.0,JULY,0.0,11.0,1
709816.0,APRIL,0.0,0.0,0
709816.0,MAY,0.0,0.0,0
709816.0,JUNE,0.0,0.0,0
709816.0,JULY,0.0,0.0,0
709817.0,APRIL,0.0,0.0,0
709817.0,MAY,0.0,0.0,0
709817.0,JULY,0.0,0.0,0
709818.0,APRIL,0.0,0.0,0
709818.0,MAY,0.0,0.0,0
709818.0,JUNE,0.0,0.0,0
709818.0,JULY,0.0,0.0,0
709819.0,APRIL,0.0,0.0,0
709819.0,MAY,0.0,0.0,0
709819.0,JUNE,0.0,0.0,0
709819.0,JULY,0.0,0.0,0
709826.0,APRIL,0.0,371.0,1
709826.0,MAY,0.0,371.0,1
709826.0,JUNE,0.0,371.0,1
709826.0,JULY,12.63590354710096,371.0,1
709831.0,APRIL,0.0,366.0,1
709831.0,MAY,0.0,366.0,1
709831.0,JUNE,0.0,366.0,1
709831.0,JULY,0.0,366.0,1
709832.0,APRIL,0.0,365.0,1
709832.0,MAY,0.0,365.0,1
709832.0,JUNE,0.0,365.0,1
709832.0,JULY,0.0,365.0,1
709837.0,APRIL,-37.17575120622941,734.0,1
709837.0,MAY,-37.17575120622941,734.0,1
709837.0,JUNE,-37.17575120622941,734.0,1
709837.0,JULY,-37.17575120622941,736.0,1
709838.0,APRIL,18.928226585130353,1090.0,1
709838.0,MAY,18.928226585130353,1090.0,1
709838.0,JUNE,18.928226585130353,1090.0,1
709838.0,JULY,18.928226585130353,1090.0,1
709839.0,APRIL,54.59136523654754,367.0,1
709839.0,MAY,54.59136523654754,367.0,1
709839.0,JUNE,54.59136523654754,367.0,1
709839.0,JULY,54.59136523654754,367.0,1
709840.0,APRIL,0.0,370.0,1
709840.0,MAY,0.0,370.0,1
709840.0,JUNE,0.0,370.0,1
709840.0,JULY,0.0,,0
709841.0,APRIL,-1.8436109345200242,365.0,1
709841.0,MAY,-1.8436109345200242,365.0,1
709841.0,JUNE,-1.8436109345200242,365.0,1
709841.0,JULY,-1.8436109345200242,369.0,1
709842.0,APRIL,0.0,0.0,0
709842.0,MAY,0.0,0.0,0
709842.0,JUNE,0.0,0.0,0
709842.0,JULY,0.0,,0
709845.0,APRIL,0.0,0.0,0
709845.0,MAY,0.0,0.0,0
709845.0,JUNE,0.0,0.0,0
709845.0,JULY,33.740177227888296,,0
709847.0,APRIL,0.0,365.0,1
709847.0,MAY,0.0,365.0,1
709847.0,JUNE,0.0,365.0,1
709847.0,JULY,0.0,365.0,1
709848.0,APRIL,1.0637704179098157,0.0,0
709848.0,MAY,1.0637704179098157,7.0,1
709848.0,JUNE,1.0637704179098157,7.0,1
709848.0,JULY,1.0637704179098157,7.0,1
709849.0,APRIL,33.01440432970284,3.0,1
709849.0,MAY,33.01440432970284,10.0,1
709849.0,JUNE,33.01440432970284,10.0,1
709849.0,JULY,31.477482429620313,10.0,1
709850.0,APRIL,0.0,4.0,1
709850.0,MAY,0.0,4.0,1
709850.0,JUNE,0.0,4.0,1
709850.0,JULY,0.0,363.0,1
709851.0,APRIL,0.0,0.0,0
709851.0,MAY,0.0,0.0,0
709851.0,JUNE,0.0,0.0,0
709851.0,JULY,0.0,,0
709856.0,APRIL,0.0,729.0,1
709856.0,MAY,0.0,729.0,1
709856.0,JUNE,0.0,729.0,1
709856.0,JULY,0.0,731.0,1
709857.0,APRIL,-0.0002037112108361017,368.0,1
709857.0,MAY,-0.0002037112108361017,368.0,1
709857.0,JUNE,-0.0002037112108361017,368.0,1
709857.0,JULY,0.0,368.0,1
709859.0,APRIL,0.0,2196.0,1
709859.0,MAY,0.0,2196.0,1
709859.0,JUNE,0.0,2196.0,1
709859.0,JULY,0.0,2199.0,1
709864.0,APRIL,0.0,734.0,1
709864.0,MAY,0.0,1092.0,1
709864.0,JUNE,0.0,1092.0,1
709864.0,JULY,0.0,1092.0,1
709865.0,APRIL,0.0,728.0,1
709865.0,MAY,0.0,731.0,1
709865.0,JUNE,0.0,731.0,1
709865.0,JULY,0.0,731.0,1
738679.0,JULY,0.0,,0
834015.0,JULY,0.0,,0
900808.0,APRIL,0.0,725.0,1
900808.0,MAY,0.0,725.0,1
900874.0,APRIL,0.0,729.0,1
900874.0,MAY,0.0,729.0,1
900874.0,JUNE,0.0,729.0,1
900874.0,JULY,0.0,729.0,1
914467.0,JULY,0.0,,0
938832.0,JULY,0.0,,0
944288.0,JULY,0.0,,0
946208.0,JULY,0.0,,0
976009.0,JULY,0.0,,0
,APRIL,1.4416070977084205,,0
,MAY,1.4416070977084205,,0
,JUNE,1.4416070977084205,732.0,1
,,15.238132598016923,,0
,,10.10354198469639,,0
,,13.834666452418185,,0
,,14.55174011364967,,0
